start_time,close,high,low,open,volume,datetime
1625443200000,2196.64,2593.09,2162.34,2326.15,42.0948,2021-07-05
1625529600000,2322.98,2347.88,2195.15,2196.64,49.786,2021-07-06
1625616000000,2315.49,2405.75,2294.78,2322.98,66.4896,2021-07-07
1625702400000,2117.13,2322.58,2087.82,2315.49,179.1746,2021-07-08
1625788800000,2146.11,2187.14,2049.65,2117.13,78.5511,2021-07-09
1625875200000,2110.95,2191.66,2077.32,2146.11,16.8648,2021-07-10
1625961600000,2139.54,2172.54,2081.68,2110.95,72.658,2021-07-11
1626048000000,2034.54,2168.35,2009.27,2139.54,144.3255,2021-07-12
1626134400000,1940.81,2043.4,1918.89,2034.54,104.6116,2021-07-13
1626220800000,1994.93,2018.0,1867.51,1940.81,122.522,2021-07-14
1626307200000,1917.92,2042.94,1880.21,1994.93,266.2878,2021-07-15
1626393600000,1876.11,1962.24,1850.08,1917.92,273.3662,2021-07-16
1626480000000,1899.18,1917.95,1846.69,1876.11,217.1095,2021-07-17
1626566400000,1890.92,1991.79,1879.78,1899.18,298.9386,2021-07-18
1626652800000,1818.3,1917.28,1806.0,1890.92,442.7209,2021-07-19
1626739200000,1785.32,1840.17,1720.0,1818.3,512.1054,2021-07-20
1626825600000,1994.0,2023.45,1756.45,1785.32,893.454,2021-07-21
1626912000000,2024.72,2050.0,1950.33,1994.0,383.8124,2021-07-22
1626998400000,2122.42,2130.0,1999.25,2024.72,802.6518,2021-07-23
1627084800000,2184.04,2197.93,2106.62,2122.42,475.6227,2021-07-24
1627171200000,2190.43,2196.61,2107.7,2184.04,549.6635,2021-07-25
1627257600000,2229.74,2431.03,2172.0,2190.43,1563.3649,2021-07-26
1627344000000,2300.0,2364.06,2153.07,2229.74,1081.3765,2021-07-27
1627430400000,2298.57,2343.36,2248.96,2300.0,1113.8057,2021-07-28
1627516800000,2380.49,2398.07,2267.0,2298.57,526.6095,2021-07-29
1627603200000,2461.93,2469.02,2317.5,2380.49,1309.697,2021-07-30
1627689600000,2530.0,2552.81,2422.2,2461.93,944.3745,2021-07-31
1627776000000,2555.96,2698.0,2515.09,2530.0,1650.5328,2021-08-01
1627862400000,2609.08,2665.32,2510.0,2555.96,955.398,2021-08-02
1627948800000,2508.99,2631.15,2446.0,2609.08,1507.8855,2021-08-03
1628035200000,2726.19,2770.8,2460.79,2508.99,1257.7873,2021-08-04
1628121600000,2828.46,2844.21,2533.11,2726.19,2676.0179,2021-08-05
1628208000000,2892.05,2948.97,2722.31,2828.46,2064.707,2021-08-06
1628294400000,3161.54,3170.42,2864.56,2892.05,2977.8907,2021-08-07
1628380800000,3011.94,3189.84,2950.0,3161.54,1674.4158,2021-08-08
1628467200000,3162.58,3186.14,2896.79,3011.94,1886.8677,2021-08-09
1628553600000,3140.44,3233.06,3050.69,3162.58,1507.1337,2021-08-10
1628640000000,3163.94,3272.0,3123.66,3140.44,1693.0128,2021-08-11
1628726400000,3046.76,3236.59,2980.8,3163.94,1773.138,2021-08-12
1628812800000,3323.9,3328.82,3034.9,3046.76,2693.0155,2021-08-13
1628899200000,3264.44,3331.7,3205.49,3323.9,1231.9253,2021-08-14
1628985600000,3309.08,3320.0,3114.65,3264.44,1744.2082,2021-08-15
1629072000000,3153.56,3337.3,3150.11,3309.08,2019.32565,2021-08-16
1629158400000,3012.17,3290.0,2994.0,3153.56,2772.63179,2021-08-17
1629244800000,3014.19,3124.75,2952.02,3012.17,1938.17635,2021-08-18
1629331200000,3187.03,3188.36,2962.01,3014.19,2026.78183,2021-08-19
1629417600000,3286.59,3303.41,3177.94,3187.03,1783.02146,2021-08-20
1629504000000,3222.97,3310.14,3207.65,3286.59,938.49864,2021-08-21
1629590400000,3240.87,3273.83,3130.0,3222.97,1069.94136,2021-08-22
1629676800000,3324.22,3378.23,3232.75,3240.87,1671.32016,2021-08-23
1629763200000,3171.01,3360.57,3149.92,3324.22,1537.38548,2021-08-24
1629849600000,3228.79,3248.7,3080.0,3171.01,1681.02151,2021-08-25
1629936000000,3087.35,3250.18,3058.0,3228.79,2084.46825,2021-08-26
1630022400000,3275.0,3281.57,3061.46,3087.35,1586.7767,2021-08-27
1630108800000,3245.14,3286.16,3209.38,3275.0,1007.17432,2021-08-28
1630195200000,3225.01,3285.0,3153.34,3245.14,1138.39593,2021-08-29
1630281600000,3226.71,3347.99,3145.54,3225.01,1691.55595,2021-08-30
1630368000000,3432.65,3472.67,3191.42,3226.71,3222.20859,2021-08-31
1630454400000,3830.27,3841.57,3384.01,3432.65,2272.42965,2021-09-01
1630540800000,3785.98,3835.68,3720.0,3830.27,3239.35262,2021-09-02
1630627200000,3935.95,4027.65,3711.14,3785.98,2770.48227,2021-09-03
1630713600000,3885.43,3968.57,3834.52,3935.95,1865.56303,2021-09-04
1630800000000,3949.41,3980.0,3836.36,3885.43,1664.69733,2021-09-05
1630886400000,3926.12,3969.49,3867.12,3949.41,1367.89617,2021-09-06
1630972800000,3431.58,3946.63,3011.75,3926.12,4183.12179,2021-09-07
1631059200000,3496.0,3556.07,3212.21,3431.58,2352.0116,2021-09-08
1631145600000,3424.07,3564.39,3391.99,3496.0,1530.21488,2021-09-09
1631232000000,3208.69,3512.61,3149.42,3424.07,1916.26413,2021-09-10
1631318400000,3266.42,3347.16,3201.14,3208.69,1253.75147,2021-09-11
1631404800000,3407.72,3471.44,3231.15,3266.42,1132.93867,2021-09-12
1631491200000,3284.37,3431.26,3115.33,3407.72,2196.45052,2021-09-13
1631577600000,3436.0,3436.0,3272.29,3284.37,1388.32098,2021-09-14
1631664000000,3611.0,3613.88,3361.42,3436.0,1573.01097,2021-09-15
1631750400000,3567.67,3673.3,3480.01,3611.0,1490.57056,2021-09-16
1631836800000,3398.24,3592.0,3350.0,3567.67,1137.69506,2021-09-17
1631923200000,3436.39,3540.0,3371.25,3398.24,972.25332,2021-09-18
1632009600000,3328.85,3455.0,3280.86,3436.39,1140.99877,2021-09-19
1632096000000,2977.21,3344.0,2923.73,3328.85,7378.20006,2021-09-20
1632182400000,2764.87,3103.69,2656.07,2977.21,8080.57554,2021-09-21
1632268800000,3076.67,3088.0,2740.12,2764.87,4662.99706,2021-09-22
1632355200000,3150.13,3170.81,3031.83,3076.67,5653.58657,2021-09-23
1632441600000,2926.41,3155.33,2738.88,3150.13,10956.67237,2021-09-24
1632528000000,2920.75,2964.87,2805.01,2926.41,5960.31619,2021-09-25
1632614400000,3063.59,3112.59,2740.22,2920.75,6610.53756,2021-09-26
1632700800000,2928.03,3163.21,2926.02,3063.59,4594.68485,2021-09-27
1632787200000,2806.89,2968.74,2790.71,2928.03,5964.18124,2021-09-28
1632873600000,2849.0,2945.57,2784.57,2806.89,5047.15664,2021-09-29
1632960000000,3001.16,3048.0,2837.12,2849.0,5002.70726,2021-09-30
1633046400000,3308.62,3329.99,2970.0,3001.16,4044.82334,2021-10-01
1633132800000,3386.49,3467.0,3260.0,3308.62,2993.3915,2021-10-02
1633219200000,3416.83,3485.31,3346.33,3386.49,2479.352,2021-10-03
1633305600000,3380.88,3434.99,3271.18,3416.83,5382.25127,2021-10-04
1633392000000,3513.45,3542.41,3364.03,3380.88,4681.34067,2021-10-05
1633478400000,3575.3,3630.0,3346.0,3513.45,6860.00653,2021-10-06
1633564800000,3587.64,3657.91,3474.34,3575.3,5933.13762,2021-10-07
1633651200000,3558.71,3667.99,3535.41,3587.64,4718.72833,2021-10-08
1633737600000,3574.17,3629.99,3540.04,3558.71,4363.46727,2021-10-09
1633824000000,3416.96,3605.72,3410.0,3574.17,5117.45876,2021-10-10
1633910400000,3542.33,3620.0,3379.11,3416.96,4718.97617,2021-10-11
1633996800000,3490.0,3543.88,3401.91,3542.33,4941.73226,2021-10-12
1634083200000,3604.75,3609.0,3411.54,3490.0,4372.4003,2021-10-13
1634169600000,3787.83,3826.25,3585.59,3604.75,4719.93398,2021-10-14
1634256000000,3865.24,3899.98,3733.51,3787.83,5169.98954,2021-10-15
1634342400000,3826.74,3967.99,3803.2,3865.24,4039.28621,2021-10-16
1634428800000,3844.13,3915.69,3646.0,3826.74,3998.67036,2021-10-17
1634515200000,3746.14,3892.87,3676.58,3844.13,4704.75553,2021-10-18
1634601600000,3875.98,3884.47,3730.25,3746.14,4952.6564,2021-10-19
1634688000000,4161.51,4167.71,3828.0,3875.98,4966.77076,2021-10-20
1634774400000,4055.94,4368.62,4019.76,4161.51,7300.54266,2021-10-21
1634860800000,3969.67,4167.54,3896.09,4055.94,4896.88478,2021-10-22
1634947200000,4164.71,4169.99,3940.01,3969.67,3289.7957,2021-10-23
1635033600000,4083.18,4183.82,3966.0,4164.71,3801.18265,2021-10-24
1635120000000,4216.87,4234.6,4069.16,4083.18,3532.97072,2021-10-25
1635206400000,4126.49,4289.54,4097.0,4216.87,3141.50709,2021-10-26
1635292800000,3964.97,4301.23,3942.01,4126.49,8627.84326,2021-10-27
1635379200000,4277.56,4285.29,3903.02,3964.97,5501.96715,2021-10-28
1635465600000,4415.84,4457.86,4259.79,4277.56,4559.18623,2021-10-29
1635552000000,4316.23,4432.0,4235.0,4415.84,2678.22286,2021-10-30
1635638400000,4281.56,4389.12,4162.18,4316.23,2074.74811,2021-10-31
1635724800000,4316.54,4377.96,4141.0,4281.56,2142.98196,2021-11-01
1635811200000,4584.51,4600.0,4283.02,4316.54,3542.01724,2021-11-02
1635897600000,4602.66,4664.64,4453.0,4584.51,3693.79335,2021-11-03
1635984000000,4532.78,4605.32,4419.39,4602.66,3265.29912,2021-11-04
1636070400000,4472.63,4569.43,4440.0,4532.78,7693.10459,2021-11-05
1636156800000,4515.88,4526.41,4328.23,4472.63,8947.0789,2021-11-06
1636243200000,4611.6,4633.48,4500.8,4515.88,10222.43483,2021-11-07
1636329600000,4803.57,4818.3,4611.03,4611.6,7154.72455,2021-11-08
1636416000000,4729.6,4831.29,4709.48,4803.57,3702.14358,2021-11-09
1636502400000,4630.41,4863.81,4472.01,4729.6,5856.72497,2021-11-10
1636588800000,4714.52,4772.86,4576.79,4630.41,4102.52011,2021-11-11
1636675200000,4663.83,4801.28,4507.17,4714.52,5875.92309,2021-11-12
1636761600000,4640.91,4702.23,4584.11,4663.83,3502.02368,2021-11-13
1636848000000,4625.91,4690.1,4513.9,4640.91,3316.30499,2021-11-14
1636934400000,4562.24,4767.46,4540.0,4625.91,4292.33912,2021-11-15
1637020800000,4206.97,4562.24,4111.0,4562.24,11229.89855,2021-11-16
1637107200000,4284.28,4295.39,4070.0,4206.97,5390.39475,2021-11-17
1637193600000,3999.5,4342.0,3957.92,4284.28,8247.05402,2021-11-18
1637280000000,4294.56,4307.84,3975.4,3999.5,7792.29209,2021-11-19
1637366400000,4410.18,4435.43,4198.35,4294.56,6213.42798,2021-11-20
1637452800000,4257.74,4428.0,4246.57,4410.18,4850.385,2021-11-21
1637539200000,4087.93,4318.54,4025.0,4257.74,7173.38685,2021-11-22
1637625600000,4339.84,4387.43,4064.49,4087.93,4272.29704,2021-11-23
1637712000000,4271.22,4373.28,4165.75,4339.84,5128.7834,2021-11-24
1637798400000,4525.0,4556.62,4248.02,4271.22,7201.65149,2021-11-25
1637884800000,4044.07,4552.34,3913.76,4525.0,13355.22251,2021-11-26
1637971200000,4097.0,4185.13,4031.98,4044.07,5117.03213,2021-11-27
1638057600000,4297.87,4298.0,3967.23,4097.0,7149.32707,2021-11-28
1638144000000,4444.84,4460.95,4279.69,4297.87,6746.29918,2021-11-29
1638230400000,4631.52,4751.9,4347.28,4444.84,9036.25841,2021-11-30
1638316800000,4584.75,4775.86,4524.86,4631.52,8705.32656,2021-12-01
1638403200000,4513.35,4632.53,4434.84,4584.75,6964.94505,2021-12-02
1638489600000,4218.78,4653.55,4042.01,4513.35,9345.58695,2021-12-03
1638576000000,4119.3,4240.35,3500.0,4218.78,13644.06066,2021-12-04
1638662400000,4197.8,4249.05,4032.0,4119.3,8117.29572,2021-12-05
1638748800000,4352.26,4374.99,3920.0,4197.8,10066.18732,2021-12-06
1638835200000,4312.48,4424.25,4256.02,4352.26,7444.83855,2021-12-07
1638921600000,4436.01,4450.0,4225.0,4312.48,6032.03528,2021-12-08
1639008000000,4109.28,4485.0,4075.74,4436.01,5584.5098,2021-12-09
1639094400000,3901.05,4233.48,3888.11,4109.28,7304.98485,2021-12-10
1639180800000,4087.72,4095.63,3833.6,3901.05,5238.49271,2021-12-11
1639267200000,4131.3,4174.68,3987.79,4087.72,4399.99566,2021-12-12
1639353600000,3781.21,4142.93,3672.01,4131.3,9509.81626,2021-12-13
1639440000000,3862.45,3881.9,3685.73,3781.21,7327.67831,2021-12-14
1639526400000,4017.66,4094.45,3645.91,3862.45,10874.11378,2021-12-15
1639612800000,3954.67,4113.0,3953.62,4017.66,5513.61348,2021-12-16
1639699200000,3878.34,3997.85,3699.0,3954.67,11618.06185,2021-12-17
1639785600000,3961.31,3998.5,3767.53,3878.34,6369.90133,2021-12-18
1639872000000,3925.2,4028.82,3886.68,3961.31,6527.94955,2021-12-19
1639958400000,3941.09,3981.75,3751.92,3925.2,7729.93363,2021-12-20
1640044800000,4015.63,4059.92,3915.21,3941.09,7413.8302,2021-12-21
1640131200000,3979.0,4075.0,3936.02,4015.63,7258.38109,2021-12-22
1640217600000,4109.61,4152.21,3894.01,3979.0,14357.56735,2021-12-23
1640304000000,4044.56,4134.72,4018.43,4109.61,13098.24736,2021-12-24
1640390400000,4093.79,4136.64,4022.43,4044.56,9482.76259,2021-12-25
1640476800000,4062.04,4105.87,4004.76,4093.79,7024.24753,2021-12-26
1640563200000,4036.67,4126.17,4031.54,4062.04,9587.99224,2021-12-27
1640649600000,3793.62,4036.67,3762.0,4036.67,16225.90097,2021-12-28
1640736000000,3627.12,3828.95,3605.14,3793.62,11585.67493,2021-12-29
1640822400000,3710.8,3768.62,3586.01,3627.12,10764.54211,2021-12-30
1640908800000,3677.22,3814.62,3621.62,3710.8,12448.33595,2021-12-31
1640995200000,3764.19,3775.78,3675.68,3677.22,6724.13123,2022-01-01
1641081600000,3829.66,3852.98,3718.0,3764.19,8043.40706,2022-01-02
1641168000000,3763.85,3850.57,3682.01,3829.66,9110.00115,2022-01-03
1641254400000,3784.77,3892.53,3714.49,3763.85,9115.86292,2022-01-04
1641340800000,3536.99,3847.21,3411.75,3784.77,13100.86531,2022-01-05
1641427200000,3410.13,3550.0,3300.99,3536.99,8412.31739,2022-01-06
1641513600000,3196.49,3415.18,3062.01,3410.13,15795.09358,2022-01-07
1641600000000,3079.55,3248.0,3000.0,3196.49,6844.93857,2022-01-08
1641686400000,3150.78,3209.85,3059.5,3079.55,4878.33661,2022-01-09
1641772800000,3084.86,3180.07,2928.08,3150.78,9992.54022,2022-01-10
1641859200000,3239.43,3263.62,3052.57,3084.86,9443.39644,2022-01-11
1641945600000,3372.01,3409.01,3206.37,3239.43,9055.64931,2022-01-12
1642032000000,3240.49,3409.0,3232.7,3372.01,7939.22929,2022-01-13
1642118400000,3308.66,3341.99,3188.69,3240.49,6215.35644,2022-01-14
1642204800000,3328.83,3372.66,3262.96,3308.66,4165.77673,2022-01-15
1642291200000,3346.34,3391.92,3275.0,3328.83,3394.96529,2022-01-16
1642377600000,3208.04,3357.1,3141.94,3346.34,6089.5121,2022-01-17
1642464000000,3160.6,3242.71,3085.37,3208.04,6644.71614,2022-01-18
1642550400000,3083.49,3174.69,3047.93,3160.6,6688.04562,2022-01-19
1642636800000,3005.0,3271.02,2988.0,3083.49,9417.75022,2022-01-20
1642723200000,2570.47,3033.74,2464.88,3005.0,22920.12926,2022-01-21
1642809600000,2412.68,2625.75,2300.0,2570.47,24474.65015,2022-01-22
1642896000000,2540.29,2551.49,2373.3,2412.68,7585.64927,2022-01-23
1642982400000,2442.02,2540.29,2159.0,2540.29,17594.50048,2022-01-24
1643068800000,2456.58,2506.05,2351.55,2442.02,12967.95344,2022-01-25
1643155200000,2462.32,2720.0,2402.81,2456.58,16398.73362,2022-01-26
1643241600000,2424.9,2520.0,2317.28,2462.32,13652.74321,2022-01-27
1643328000000,2545.81,2558.49,2358.39,2424.9,12104.3068,2022-01-28
1643414400000,2601.61,2636.82,2520.42,2545.81,10125.48613,2022-01-29
1643500800000,2603.88,2639.99,2543.55,2601.61,7508.85768,2022-01-30
1643587200000,2686.06,2705.1,2478.14,2603.88,19459.28645,2022-01-31
1643673600000,2788.21,2814.57,2674.12,2686.06,12801.33519,2022-02-01
1643760000000,2680.31,2809.99,2613.62,2788.21,20261.77824,2022-02-02
1643846400000,2691.61,2723.26,2576.0,2680.31,12128.20499,2022-02-03
1643932800000,2996.69,2997.0,2671.37,2691.61,20100.92882,2022-02-04
1644019200000,3017.04,3060.0,2958.41,2996.69,8047.10301,2022-02-05
1644105600000,3055.26,3074.88,2952.09,3017.04,7362.52688,2022-02-06
1644192000000,3139.06,3186.04,2992.98,3055.26,14558.46625,2022-02-07
1644278400000,3116.08,3231.64,3025.94,3139.06,21944.96348,2022-02-08
1644364800000,3243.55,3268.85,3055.01,3116.08,26031.49138,2022-02-09
1644451200000,3071.21,3281.26,3057.68,3243.55,18191.74547,2022-02-10
1644537600000,2927.76,3136.4,2879.53,3071.21,21082.88029,2022-02-11
1644624000000,2917.82,2984.79,2857.67,2927.76,8367.60224,2022-02-12
1644710400000,2869.8,2952.94,2837.0,2917.82,6968.65259,2022-02-13
1644796800000,2929.71,2964.73,2832.01,2869.8,16265.55633,2022-02-14
1644883200000,3182.6,3196.6,2912.51,2929.71,10915.20343,2022-02-15
1644969600000,3119.28,3186.0,3044.11,3182.6,20157.76755,2022-02-16
1645056000000,2893.43,3159.48,2852.08,3119.28,19517.46071,2022-02-17
1645142400000,2779.08,2943.27,2752.39,2893.43,11811.43319,2022-02-18
1645228800000,2762.45,2828.9,2694.4,2779.08,8749.11562,2022-02-19
1645315200000,2619.67,2764.37,2576.02,2762.45,9279.61255,2022-02-20
1645401600000,2567.58,2758.0,2559.28,2619.67,20938.99213,2022-02-21
1645488000000,2636.94,2665.84,2498.54,2567.58,16559.32995,2022-02-22
1645574400000,2578.83,2752.96,2575.86,2636.94,8370.9346,2022-02-23
1645660800000,2597.05,2744.0,2300.0,2578.83,33676.23383,2022-02-24
1645747200000,2768.03,2834.47,2571.73,2597.05,14469.44988,2022-02-25
1645833600000,2778.7,2878.88,2728.28,2768.03,9454.63395,2022-02-26
1645920000000,2616.09,2835.31,2558.54,2778.7,10823.57676,2022-02-27
1646006400000,2921.44,2956.44,2568.98,2616.09,20861.85118,2022-02-28
1646092800000,2975.48,3036.95,2854.52,2921.44,14359.4576,2022-03-01
1646179200000,2946.96,3041.92,2913.87,2975.48,16259.5495,2022-03-02
1646265600000,2834.36,2970.34,2785.3,2946.96,10150.66082,2022-03-03
1646352000000,2622.7,2835.9,2573.88,2834.36,21123.45497,2022-03-04
1646438400000,2665.57,2684.56,2589.25,2622.7,7825.04559,2022-03-05
1646524800000,2550.75,2675.83,2534.65,2665.57,8919.57461,2022-03-06
1646611200000,2496.73,2648.61,2445.0,2550.75,14314.24874,2022-03-07
1646697600000,2576.06,2624.34,2480.73,2496.73,12291.09835,2022-03-08
1646784000000,2727.14,2773.43,2568.0,2576.06,10283.87539,2022-03-09
1646870400000,2606.44,2733.46,2551.22,2727.14,12358.85047,2022-03-10
1646956800000,2556.75,2677.37,2522.54,2606.44,14933.65864,2022-03-11
1647043200000,2568.69,2616.0,2553.52,2556.75,2810.11076,2022-03-12
1647129600000,2514.54,2601.62,2493.41,2568.69,3435.04323,2022-03-13
1647216000000,2589.79,2609.11,2499.76,2514.54,5558.24179,2022-03-14
1647302400000,2617.87,2668.94,2507.69,2589.79,6611.1067,2022-03-15
1647388800000,2773.29,2787.0,2603.29,2617.87,13754.62869,2022-03-16
1647475200000,2813.93,2835.98,2746.91,2773.29,5825.3309,2022-03-17
1647561600000,2938.81,2983.17,2767.47,2813.93,8753.21266,2022-03-18
1647648000000,2950.76,2985.0,2893.31,2938.81,4113.7801,2022-03-19
1647734400000,2861.01,2962.61,2818.36,2950.76,4684.70359,2022-03-20
1647820800000,2889.55,2960.5,2831.81,2861.01,9168.16389,2022-03-21
1647907200000,2969.74,3052.59,2886.58,2889.55,14068.97241,2022-03-22
1647993600000,3035.88,3045.12,2920.02,2969.74,22324.66872,2022-03-23
1648080000000,3110.5,3129.52,3001.83,3035.88,44921.76615,2022-03-24
1648166400000,3102.93,3193.16,3075.99,3110.5,45789.19277,2022-03-25
1648252800000,3146.01,3153.88,3085.28,3102.93,18348.84596,2022-03-26
1648339200000,3297.35,3299.78,3126.02,3146.01,25029.63434,2022-03-27
1648425600000,3333.09,3430.03,3275.51,3297.35,35297.31824,2022-03-28
1648512000000,3401.07,3481.63,3331.33,3333.09,41077.62955,2022-03-29
1648598400000,3385.27,3447.56,3331.59,3401.07,43387.05647,2022-03-30
1648684800000,3280.86,3445.58,3260.0,3385.27,46601.47765,2022-03-31
1648771200000,3455.74,3480.99,3210.71,3280.86,50155.3206,2022-04-01
1648857600000,3442.66,3530.93,3433.0,3455.74,27847.59813,2022-04-02
1648944000000,3521.84,3581.0,3412.39,3442.66,26010.01987,2022-04-03
1649030400000,3518.64,3550.0,3408.12,3521.84,21658.11511,2022-04-04
1649116800000,3405.98,3555.0,3395.15,3518.64,21356.64143,2022-04-05
1649203200000,3168.31,3406.88,3161.24,3405.98,48815.92437,2022-04-06
1649289600000,3227.11,3268.84,3142.61,3168.31,28394.10936,2022-04-07
1649376000000,3192.24,3314.23,3173.25,3227.11,26915.2955,2022-04-08
1649462400000,3256.9,3268.8,3181.49,3192.24,9743.53286,2022-04-09
1649548800000,3201.89,3307.75,3191.08,3256.9,8071.8517,2022-04-10
1649635200000,2979.34,3213.71,2948.34,3201.89,37477.75481,2022-04-11
1649721600000,3028.06,3084.86,2950.81,2979.34,28966.81089,2022-04-12
1649808000000,3117.68,3132.82,2998.35,3028.06,16925.12938,2022-04-13
1649894400000,3022.09,3145.0,2975.86,3117.68,14737.68953,2022-04-14
1649980800000,3039.57,3063.72,2993.53,3022.09,14302.88026,2022-04-15
1650067200000,3059.66,3085.45,3010.0,3039.57,9536.39642,2022-04-16
1650153600000,2987.15,3083.15,2982.49,3059.66,16316.72392,2022-04-17
1650240000000,3055.78,3069.82,2882.61,2987.15,35486.14452,2022-04-18
1650326400000,3101.96,3131.06,3030.21,3055.78,22801.24594,2022-04-19
1650412800000,3075.95,3174.04,3036.55,3101.96,24940.33334,2022-04-20
1650499200000,2984.18,3179.04,2939.23,3075.95,27393.34446,2022-04-21
1650585600000,2962.42,3033.17,2933.88,2984.18,32685.92817,2022-04-22
1650672000000,2931.71,2978.5,2912.99,2962.42,14225.1864,2022-04-23
1650758400000,2921.15,2967.23,2911.95,2931.71,14349.723,2022-04-24
1650844800000,3006.95,3026.23,2796.57,2921.15,33613.39055,2022-04-25
1650931200000,2809.84,3040.18,2766.34,3006.95,31220.12009,2022-04-26
1651017600000,2889.1,2919.99,2794.08,2809.84,25245.54619,2022-04-27
1651104000000,2938.02,2979.99,2853.67,2889.1,40640.63017,2022-04-28
1651190400000,2817.71,2946.49,2776.47,2938.02,39451.53023,2022-04-29
1651276800000,2725.88,2841.89,2714.39,2817.71,26211.86259,2022-04-30
1651363200000,2825.33,2848.49,2715.92,2725.88,29727.47942,2022-05-01
1651449600000,2856.22,2882.69,2778.4,2825.33,38693.11277,2022-05-02
1651536000000,2780.96,2861.63,2754.85,2856.22,31165.57182,2022-05-03
1651622400000,2940.42,2966.82,2771.74,2780.96,34620.02768,2022-05-04
1651708800000,2747.23,2954.99,2685.18,2940.42,54702.37088,2022-05-05
1651795200000,2692.09,2758.68,2633.28,2747.23,55108.47631,2022-05-06
1651881600000,2636.04,2704.11,2586.0,2692.09,23905.99908,2022-05-07
1651968000000,2518.97,2642.28,2484.0,2636.04,50195.79406,2022-05-08
1652054400000,2229.62,2530.81,2225.0,2518.97,118986.70902,2022-05-09
1652140800000,2342.15,2457.01,2199.47,2229.62,146782.93407,2022-05-10
1652227200000,2086.6,2453.0,2002.92,2342.15,205403.5266,2022-05-11
1652313600000,1959.75,2194.59,1800.0,2086.6,246981.93342,2022-05-12
1652400000000,2009.32,2148.0,1940.0,1959.75,145133.57506,2022-05-13
1652486400000,2056.42,2069.61,1951.6,2009.32,68654.7746,2022-05-14
1652572800000,2145.31,2170.0,2001.01,2056.42,31340.58991,2022-05-15
1652659200000,2023.21,2145.31,1979.08,2145.31,46736.73552,2022-05-16
1652745600000,2091.06,2122.97,2007.68,2023.21,41027.6697,2022-05-17
1652832000000,1914.82,2110.64,1908.14,2091.06,54227.41336,2022-05-18
1652918400000,2019.52,2040.0,1903.07,1914.82,82913.69782,2022-05-19
1653004800000,1959.01,2063.53,1923.0,2019.52,71136.62336,2022-05-20
1653091200000,1975.37,1991.16,1937.52,1959.01,30214.76901,2022-05-21
1653177600000,2042.9,2056.21,1966.33,1975.37,29953.69042,2022-05-22
1653264000000,1973.41,2088.85,1956.58,2042.9,54487.74669,2022-05-23
1653350400000,1979.08,1993.67,1912.87,1973.41,60417.92426,2022-05-24
1653436800000,1942.68,2022.08,1934.36,1979.08,68325.9,2022-05-25
1653523200000,1792.43,1966.31,1734.68,1942.68,132678.54872,2022-05-26
1653609600000,1727.68,1822.75,1703.2,1792.43,192947.5798,2022-05-27
1653696000000,1792.17,1809.3,1722.2,1727.68,42172.26943,2022-05-28
1653782400000,1813.19,1827.38,1762.53,1792.17,21131.65049,2022-05-29
1653868800000,1999.16,2012.33,1803.07,1813.19,49595.8772,2022-05-30
1653955200000,1941.77,2016.06,1922.0,1999.16,36813.11383,2022-05-31
1654041600000,1817.78,1973.29,1762.67,1941.77,37647.39497,2022-06-01
1654128000000,1833.92,1853.5,1782.17,1817.78,43640.12065,2022-06-02
1654214400000,1775.07,1843.7,1736.62,1833.92,37690.3505,2022-06-03
1654300800000,1804.35,1816.0,1748.6,1775.07,22410.5104,2022-06-04
1654387200000,1805.85,1830.29,1772.96,1804.35,21032.73367,2022-06-05
1654473600000,1859.79,1919.42,1804.15,1805.85,28984.62921,2022-06-06
1654560000000,1813.41,1874.78,1725.14,1859.79,53899.16806,2022-06-07
1654646400000,1791.61,1838.58,1765.44,1813.41,37589.4119,2022-06-08
1654732800000,1788.71,1833.13,1777.27,1791.61,26248.15665,2022-06-09
1654819200000,1662.87,1804.29,1650.0,1788.71,59383.16673,2022-06-10
1654905600000,1533.14,1681.63,1500.48,1662.87,43532.24848,2022-06-11
1654992000000,1434.7,1547.83,1423.8,1533.14,57211.58565,2022-06-12
1655078400000,1209.93,1455.73,1164.58,1434.7,199066.175,2022-06-13
1655164800000,1208.65,1268.46,1075.55,1209.93,172914.42907,2022-06-14
1655251200000,1237.99,1249.11,1014.01,1208.65,211367.87499,2022-06-15
1655337600000,1068.35,1258.13,1052.05,1237.99,57217.90592,2022-06-16
1655424000000,1086.84,1118.27,1050.82,1068.35,45273.82362,2022-06-17
1655510400000,994.56,1097.57,880.84,1086.84,76776.68897,2022-06-18
1655596800000,1128.13,1158.37,935.78,994.56,88650.18128,2022-06-19
1655683200000,1128.42,1170.13,1052.44,1128.13,56447.16916,2022-06-20
1655769600000,1125.99,1194.96,1109.71,1128.42,43306.75322,2022-06-21
1655856000000,1049.87,1127.58,1043.84,1125.99,46994.7535,2022-06-22
1655942400000,1144.71,1154.88,1044.85,1049.87,66812.03194,2022-06-23
1656028800000,1224.93,1245.72,1131.99,1144.71,59674.79738,2022-06-24
1656115200000,1242.12,1256.38,1179.27,1224.93,37556.19166,2022-06-25
1656201600000,1197.58,1280.33,1194.66,1242.12,35251.46782,2022-06-26
1656288000000,1192.29,1238.9,1172.01,1197.58,42354.27194,2022-06-27
1656374400000,1144.39,1238.0,1136.1,1192.29,42707.29833,2022-06-28
1656460800000,1100.05,1157.04,1087.49,1144.39,57237.75495,2022-06-29
1656547200000,1071.4,1107.07,996.0,1100.05,96336.21668,2022-06-30
1656633600000,1059.36,1118.18,1033.5,1071.4,102957.90468,2022-07-01
1656720000000,1066.93,1078.78,1027.6,1059.36,41836.75491,2022-07-02
1656806400000,1074.08,1087.68,1040.8,1066.93,35840.29446,2022-07-03
1656892800000,1150.97,1160.86,1045.25,1074.08,64045.03564,2022-07-04
1656979200000,1132.58,1176.78,1076.96,1150.97,67221.40479,2022-07-05
1657065600000,1186.74,1204.6,1111.61,1132.58,60751.55796,2022-07-06
1657152000000,1237.41,1254.97,1163.03,1186.74,57233.0584,2022-07-07
1657238400000,1213.91,1276.4,1193.26,1237.41,77086.99924,2022-07-08
1657324800000,1216.92,1235.26,1204.52,1213.91,30298.73927,2022-07-09
1657411200000,1168.18,1219.95,1153.32,1216.92,44228.02612,2022-07-10
1657497600000,1096.07,1171.04,1091.68,1168.18,52048.46105,2022-07-11
1657584000000,1038.49,1098.2,1033.33,1096.07,75241.71389,2022-07-12
1657670400000,1115.14,1119.58,1006.39,1038.49,126309.73471,2022-07-13
1657756800000,1193.37,1214.49,1072.1,1115.14,103270.95674,2022-07-14
1657843200000,1231.19,1288.56,1181.06,1193.37,82212.25306,2022-07-15
1657929600000,1356.26,1424.7,1191.94,1231.19,80344.57043,2022-07-16
1658016000000,1338.85,1387.53,1317.82,1356.26,63980.43837,2022-07-17
1658102400000,1580.96,1596.99,1335.76,1338.85,88195.77314,2022-07-18
1658188800000,1542.37,1631.84,1493.19,1580.96,77071.83876,2022-07-19
1658275200000,1521.76,1620.68,1484.03,1542.37,55850.65986,2022-07-20
1658361600000,1575.22,1605.54,1464.38,1521.76,52267.46876,2022-07-21
1658448000000,1535.36,1646.2,1517.0,1575.22,38901.40218,2022-07-22
1658534400000,1548.68,1596.54,1487.0,1535.36,29182.63274,2022-07-23
1658620800000,1597.91,1664.57,1545.77,1548.68,28829.14461,2022-07-24
1658707200000,1440.58,1609.2,1435.25,1597.91,41395.85891,2022-07-25
1658793600000,1448.61,1454.26,1356.67,1440.58,40346.61388,2022-07-26
1658880000000,1636.11,1644.53,1420.9,1448.61,50110.32076,2022-07-27
1658966400000,1724.4,1784.0,1595.4,1636.11,49535.69735,2022-07-28
1659052800000,1721.95,1765.2,1655.61,1724.4,42624.81203,2022-07-29
1659139200000,1696.67,1744.24,1673.01,1721.95,31287.60845,2022-07-30
1659225600000,1678.53,1754.11,1666.51,1696.67,21407.12261,2022-07-31
1659312000000,1630.31,1704.67,1606.64,1678.53,25131.95348,2022-08-01
1659398400000,1630.25,1678.71,1558.18,1630.31,30489.82907,2022-08-02
1659484800000,1618.65,1684.81,1588.48,1630.25,23862.76783,2022-08-03
1659571200000,1608.2,1662.84,1581.17,1618.65,29571.25863,2022-08-04
1659657600000,1736.64,1741.84,1605.62,1608.2,35952.92229,2022-08-05
1659744000000,1690.86,1749.99,1684.1,1736.64,20204.7758,2022-08-06
1659830400000,1700.33,1729.71,1668.56,1690.86,16757.08048,2022-08-07
1659916800000,1777.21,1818.3,1694.33,1700.33,28021.17873,2022-08-08
1660003200000,1702.66,1790.67,1668.64,1777.21,25815.91318,2022-08-09
1660089600000,1854.64,1885.0,1655.04,1702.66,35394.03917,2022-08-10
1660176000000,1880.22,1942.28,1850.45,1854.64,24532.50799,2022-08-11
1660262400000,1958.2,1964.78,1853.23,1880.22,15267.29034,2022-08-12
1660348800000,1983.7,2020.23,1946.86,1958.2,17273.52174,2022-08-13
1660435200000,1935.65,2029.98,1905.85,1983.7,17626.98501,2022-08-14
1660521600000,1899.25,2012.89,1872.58,1935.65,25494.5075,2022-08-15
1660608000000,1876.78,1915.32,1852.05,1899.25,24578.36941,2022-08-16
1660694400000,1834.14,1957.41,1819.13,1876.78,31479.12676,2022-08-17
1660780800000,1846.45,1881.74,1821.26,1834.14,19071.80275,2022-08-18
1660867200000,1608.72,1847.93,1603.12,1846.45,55727.81937,2022-08-19
1660953600000,1575.82,1656.7,1523.62,1608.72,41175.67445,2022-08-20
1661040000000,1618.1,1647.03,1562.51,1575.82,26181.95079,2022-08-21
1661126400000,1624.72,1628.88,1530.65,1618.1,34293.28619,2022-08-22
1661212800000,1665.4,1675.76,1563.91,1624.72,29128.46993,2022-08-23
1661299200000,1656.18,1694.09,1605.58,1665.4,22119.68571,2022-08-24
1661385600000,1695.17,1722.32,1654.51,1656.18,15420.88741,2022-08-25
1661472000000,1508.03,1706.0,1488.0,1695.17,43498.5183,2022-08-26
1661558400000,1491.06,1518.34,1447.51,1508.03,29203.34765,2022-08-27
1661644800000,1426.93,1510.87,1424.4,1491.06,21983.81013,2022-08-28
1661731200000,1552.09,1560.0,1422.14,1426.93,34780.91304,2022-08-29
1661817600000,1524.46,1605.68,1473.61,1552.09,42274.16741,2022-08-30
1661904000000,1554.7,1620.0,1524.38,1524.46,34392.11381,2022-08-31
1661990400000,1585.37,1599.94,1513.42,1554.7,28744.88661,2022-09-01
1662076800000,1575.05,1649.0,1546.62,1585.37,35842.59592,2022-09-02
1662163200000,1557.6,1582.71,1534.27,1575.05,16144.8997,2022-09-03
1662249600000,1579.44,1583.78,1540.24,1557.6,13678.10641,2022-09-04
1662336000000,1616.56,1632.02,1557.2,1579.44,18497.92286,2022-09-05
1662422400000,1559.42,1687.21,1553.95,1616.56,124355.47873,2022-09-06
1662508800000,1629.53,1657.34,1490.24,1559.42,170768.52006,2022-09-07
1662595200000,1635.4,1664.63,1595.26,1629.53,197047.08229,2022-09-08
1662681600000,1718.35,1746.6,1630.51,1635.4,202198.77292,2022-09-09
1662768000000,1774.01,1789.19,1706.35,1718.35,169663.74177,2022-09-10
1662854400000,1766.12,1789.73,1719.99,1774.01,177404.02113,2022-09-11
1662940800000,1716.23,1783.1,1693.26,1766.12,258134.03809,2022-09-12
1663027200000,1574.18,1760.35,1561.21,1716.23,332109.74931,2022-09-13
1663113600000,1638.37,1646.95,1551.88,1574.18,283611.57716,2022-09-14
1663200000000,1472.75,1654.92,1457.57,1638.37,382397.35537,2022-09-15
1663286400000,1434.07,1483.13,1405.39,1472.75,422767.44967,2022-09-16
1663372800000,1468.92,1476.36,1409.16,1434.07,258055.61468,2022-09-17
1663459200000,1334.63,1469.76,1323.78,1468.92,324582.12898,2022-09-18
1663545600000,1376.06,1392.79,1279.98,1334.63,393496.81842,2022-09-19
1663632000000,1322.8,1385.41,1311.96,1376.06,302716.42737,2022-09-20
1663718400000,1245.8,1409.0,1218.75,1322.8,512883.74799,2022-09-21
1663804800000,1326.57,1349.63,1237.06,1245.8,567861.68319,2022-09-22
1663891200000,1327.38,1359.65,1261.7,1326.57,462941.79658,2022-09-23
1663977600000,1316.97,1349.44,1306.31,1327.38,170051.94504,2022-09-24
1664064000000,1294.61,1337.58,1269.0,1316.97,193843.76288,2022-09-25
1664150400000,1336.39,1340.39,1278.17,1294.61,316381.54944,2022-09-26
1664236800000,1327.9,1400.21,1303.53,1336.39,338194.64605,2022-09-27
1664323200000,1337.05,1355.64,1252.29,1327.9,393517.39316,2022-09-28
1664409600000,1335.78,1352.24,1288.27,1337.05,275204.95566,2022-09-29
1664496000000,1329.03,1373.47,1313.84,1335.78,235195.05635,2022-09-30
1664582400000,1311.84,1333.94,1302.3,1329.03,94775.08167,2022-10-01
1664668800000,1276.86,1318.21,1268.52,1311.84,133923.3291,2022-10-02
1664755200000,1322.96,1330.02,1262.56,1276.86,197376.21187,2022-10-03
1664841600000,1361.26,1369.77,1318.61,1322.96,142904.18062,2022-10-04
1664928000000,1352.45,1364.7,1316.1,1361.26,146447.26953,2022-10-05
1665014400000,1351.92,1384.0,1345.26,1352.45,300150.15653,2022-10-06
1665100800000,1331.22,1361.76,1317.44,1351.92,309842.44966,2022-10-07
1665187200000,1315.53,1337.91,1303.35,1331.22,147838.91864,2022-10-08
1665273600000,1323.29,1328.97,1307.13,1315.53,93568.70655,2022-10-09
1665360000000,1290.1,1338.35,1287.0,1323.29,152303.51416,2022-10-10
1665446400000,1279.93,1298.11,1266.64,1290.1,159109.39367,2022-10-11
1665532800000,1294.42,1306.81,1275.24,1279.93,148551.93265,2022-10-12
1665619200000,1286.95,1301.19,1190.0,1294.42,231899.12603,2022-10-13
1665705600000,1296.18,1343.4,1283.09,1286.95,210475.5042,2022-10-14
1665792000000,1275.07,1301.62,1263.59,1296.18,78630.92763,2022-10-15
1665878400000,1305.94,1315.45,1274.49,1275.07,90533.13628,2022-10-16
1665964800000,1331.59,1338.69,1295.55,1305.94,170826.67395,2022-10-17
1666051200000,1310.85,1342.0,1286.7,1331.59,202471.28555,2022-10-18
1666137600000,1284.99,1313.68,1280.1,1310.85,165295.28907,2022-10-19
1666224000000,1282.72,1310.85,1270.1,1284.99,184677.25395,2022-10-20
1666310400000,1299.56,1307.0,1253.18,1282.72,246114.45609,2022-10-21
1666396800000,1313.87,1320.44,1294.0,1299.56,73891.47369,2022-10-22
1666483200000,1364.27,1371.22,1299.33,1313.87,112385.69696,2022-10-23
1666569600000,1343.5,1371.15,1323.93,1364.27,280799.91465,2022-10-24
1666656000000,1459.82,1524.58,1334.74,1343.5,434509.72074,2022-10-25
1666742400000,1566.09,1595.25,1457.4,1459.82,560010.21396,2022-10-26
1666828800000,1514.21,1578.57,1503.39,1566.09,410610.3022,2022-10-27
1666915200000,1554.29,1575.49,1479.71,1514.21,266909.2307,2022-10-28
1667001600000,1619.34,1664.08,1547.37,1554.29,252210.96863,2022-10-29
1667088000000,1590.62,1640.28,1576.33,1619.34,138066.15876,2022-10-30
1667174400000,1573.13,1635.74,1545.51,1590.62,234236.4694,2022-10-31
1667260800000,1578.6,1613.32,1563.43,1573.13,204562.92419,2022-11-01
1667347200000,1518.03,1620.97,1501.58,1578.6,266790.58585,2022-11-02
1667433600000,1531.19,1559.27,1515.0,1518.03,126097.01123,2022-11-03
1667520000000,1644.6,1677.74,1528.2,1531.19,231552.39317,2022-11-04
1667606400000,1626.69,1667.48,1620.93,1644.6,104361.22592,2022-11-05
1667692800000,1568.28,1639.19,1563.99,1626.69,114238.88744,2022-11-06
1667779200000,1568.3,1608.71,1545.85,1568.28,178355.98017,2022-11-07
1667865600000,1334.22,1581.34,1206.16,1568.3,697741.82376,2022-11-08
1667952000000,1101.8,1337.62,1072.4,1334.22,642357.45906,2022-11-09
1668038400000,1299.35,1349.0,1084.71,1101.8,352315.3315,2022-11-10
1668124800000,1289.08,1309.25,1201.16,1299.35,286447.29738,2022-11-11
1668211200000,1257.38,1292.51,1238.91,1289.08,101142.25026,2022-11-12
1668297600000,1221.88,1274.63,1201.16,1257.38,79241.76684,2022-11-13
1668384000000,1242.34,1290.68,1171.61,1221.88,203962.37332,2022-11-14
1668470400000,1253.31,1290.7,1234.31,1242.34,151184.03048,2022-11-15
1668556800000,1216.13,1268.5,1187.32,1253.31,114327.93443,2022-11-16
1668643200000,1200.12,1228.6,1182.1,1216.13,159982.08829,2022-11-17
1668729600000,1212.24,1233.77,1199.0,1200.12,119352.75831,2022-11-18
1668816000000,1217.22,1233.89,1197.5,1212.24,69619.21189,2022-11-19
1668902400000,1142.33,1226.8,1133.39,1217.22,148078.69086,2022-11-20
1668988800000,1107.49,1146.75,1080.32,1142.33,73119.27484,2022-11-21
1669075200000,1139.15,1142.63,1075.01,1107.49,176039.31265,2022-11-22
1669161600000,1184.27,1190.72,1127.75,1139.15,168244.7149,2022-11-23
1669248000000,1203.76,1217.54,1180.5,1184.27,84339.39237,2022-11-24
1669334400000,1199.05,1207.93,1171.2,1203.76,75406.52652,2022-11-25
1669420800000,1206.02,1234.52,1196.52,1199.05,67213.13813,2022-11-26
1669507200000,1193.67,1223.12,1188.77,1206.02,56181.28773,2022-11-27
1669593600000,1168.23,1199.51,1151.0,1193.67,80968.24823,2022-11-28
1669680000000,1216.39,1227.04,1159.0,1168.23,85216.40025,2022-11-29
1669766400000,1295.28,1310.29,1212.29,1216.39,113044.65089,2022-11-30
1669852800000,1276.29,1300.0,1262.75,1295.28,65202.39208,2022-12-01
1669939200000,1294.32,1296.86,1265.11,1276.29,57698.83565,2022-12-02
1670025600000,1240.61,1307.0,1235.72,1294.32,50300.6219,2022-12-03
1670112000000,1279.14,1287.0,1239.96,1240.61,51208.10512,2022-12-04
1670198400000,1258.95,1304.98,1245.97,1279.14,69862.57709,2022-12-05
1670284800000,1271.31,1274.91,1241.82,1258.95,63345.71622,2022-12-06
1670371200000,1231.43,1277.75,1218.88,1271.31,54955.74531,2022-12-07
1670457600000,1280.22,1292.76,1222.21,1231.43,67764.10466,2022-12-08
1670544000000,1263.34,1296.25,1256.28,1280.22,56351.32355,2022-12-09
1670630400000,1266.29,1283.46,1259.46,1263.34,24630.09047,2022-12-10
1670716800000,1263.18,1284.36,1256.0,1266.29,24663.06466,2022-12-11
1670803200000,1275.36,1278.65,1240.12,1263.18,60862.7478,2022-12-12
1670889600000,1320.79,1347.0,1255.06,1275.36,97586.32374,2022-12-13
1670976000000,1307.6,1352.52,1301.0,1320.79,81248.26346,2022-12-14
1671062400000,1266.74,1311.43,1259.49,1307.6,56950.95002,2022-12-15
1671148800000,1167.08,1279.95,1155.4,1266.74,88722.41171,2022-12-16
1671235200000,1187.2,1190.1,1161.91,1167.08,46349.4695,2022-12-17
1671321600000,1183.22,1196.48,1172.04,1187.2,32471.83051,2022-12-18
1671408000000,1167.88,1195.21,1150.41,1183.22,45999.05393,2022-12-19
1671494400000,1216.65,1230.49,1162.99,1167.88,63595.02011,2022-12-20
1671580800000,1213.57,1222.29,1203.09,1216.65,39116.45522,2022-12-21
1671667200000,1217.67,1238.56,1183.0,1213.57,50040.14703,2022-12-22
1671753600000,1220.0,1231.24,1212.19,1217.67,48555.71568,2022-12-23
1671840000000,1220.84,1228.18,1214.65,1220.0,19051.81687,2022-12-24
1671926400000,1218.33,1224.34,1195.0,1220.84,29720.39804,2022-12-25
1672012800000,1228.0,1231.16,1211.81,1218.33,29932.88372,2022-12-26
1672099200000,1211.96,1233.99,1200.65,1228.0,41956.63388,2022-12-27
1672185600000,1190.31,1215.93,1181.5,1211.96,60376.75064,2022-12-28
1672272000000,1200.3,1205.93,1186.92,1190.31,34774.35008,2022-12-29
1672358400000,1199.86,1202.33,1181.34,1200.3,46600.52538,2022-12-30
1672444800000,1196.55,1208.54,1191.58,1199.86,22638.59229,2022-12-31
1672531200000,1200.4,1204.66,1190.96,1196.55,18332.48957,2023-01-01
1672617600000,1213.93,1224.47,1193.11,1200.4,41572.62571,2023-01-02
1672704000000,1214.54,1220.22,1205.28,1213.93,27469.43172,2023-01-03
1672790400000,1256.79,1272.56,1212.75,1214.54,48088.78197,2023-01-04
1672876800000,1251.19,1259.7,1243.0,1256.79,20825.2395,2023-01-05
1672963200000,1269.18,1277.09,1236.0,1251.19,29164.96988,2023-01-06
1673049600000,1263.88,1270.98,1260.98,1269.18,39348.61112,2023-01-07
1673136000000,1289.98,1295.55,1257.76,1263.88,16367.71252,2023-01-08
1673222400000,1320.18,1344.61,1285.11,1289.98,52260.32458,2023-01-09
1673308800000,1335.37,1348.0,1316.85,1320.18,34540.54642,2023-01-10
1673395200000,1389.36,1398.78,1321.29,1335.37,38678.84956,2023-01-11
1673481600000,1415.56,1437.92,1363.4,1389.36,76194.33237,2023-01-12
1673568000000,1450.92,1464.48,1400.81,1415.56,41483.24845,2023-01-13
1673654400000,1549.51,1600.0,1449.15,1450.92,90777.53447,2023-01-14
1673740800000,1552.2,1567.16,1515.86,1549.51,41115.20028,2023-01-15
1673827200000,1576.85,1604.05,1521.4,1552.2,53614.13022,2023-01-16
1673913600000,1565.03,1608.79,1540.81,1576.85,47587.37951,2023-01-17
1674000000000,1511.89,1609.41,1501.8,1565.03,72317.50719,2023-01-18
1674086400000,1551.03,1564.03,1509.64,1511.89,30058.55722,2023-01-19
1674172800000,1658.68,1670.47,1541.94,1551.03,52067.90237,2023-01-20
1674259200000,1626.71,1680.47,1616.73,1658.68,53887.24157,2023-01-21
1674345600000,1627.23,1663.92,1604.15,1626.71,37376.39282,2023-01-22
1674432000000,1626.31,1648.65,1585.0,1627.23,38209.16473,2023-01-23
1674518400000,1556.38,1641.0,1533.11,1626.31,42532.82723,2023-01-24
1674604800000,1611.39,1640.33,1515.78,1556.38,65549.74964,2023-01-25
1674691200000,1601.25,1632.84,1577.4,1611.39,40322.93686,2023-01-26
1674777600000,1597.73,1622.0,1552.19,1601.25,44644.77892,2023-01-27
1674864000000,1572.27,1606.46,1556.12,1597.73,21195.43587,2023-01-28
1674950400000,1644.41,1661.18,1566.66,1572.27,42756.56572,2023-01-29
1675036800000,1566.16,1647.28,1536.77,1644.41,47918.23017,2023-01-30
1675123200000,1585.59,1605.0,1561.7,1566.16,29460.01032,2023-01-31
1675209600000,1641.57,1648.02,1555.02,1585.59,49550.93224,2023-02-01
1675296000000,1643.59,1715.0,1627.0,1641.57,65739.17775,2023-02-02
1675382400000,1663.69,1676.0,1625.19,1643.59,38004.56938,2023-02-03
1675468800000,1666.6,1694.73,1645.5,1663.69,24554.59849,2023-02-04
1675555200000,1629.59,1673.24,1609.19,1666.6,35292.86916,2023-02-05
1675641600000,1614.5,1658.0,1605.1,1629.59,32417.30475,2023-02-06
1675728000000,1671.16,1677.62,1613.53,1614.5,37795.85668,2023-02-07
1675814400000,1650.41,1698.0,1631.04,1671.16,33077.2469,2023-02-08
1675900800000,1545.65,1655.79,1524.01,1650.41,61764.77206,2023-02-09
1675987200000,1513.3,1554.6,1491.18,1545.65,46077.94247,2023-02-10
1676073600000,1538.78,1543.15,1506.0,1513.3,16314.7119,2023-02-11
1676160000000,1515.42,1547.91,1493.56,1538.78,21038.98102,2023-02-12
1676246400000,1505.59,1526.06,1462.0,1515.42,55583.12617,2023-02-13
1676332800000,1555.73,1568.65,1483.64,1505.59,48032.6185,2023-02-14
1676419200000,1674.76,1681.89,1542.65,1555.73,74687.0465,2023-02-15
1676505600000,1638.19,1742.78,1633.99,1674.76,86896.76514,2023-02-16
1676592000000,1693.87,1721.78,1630.82,1638.19,50739.71837,2023-02-17
1676678400000,1691.63,1713.27,1679.45,1693.87,15846.35467,2023-02-18
1676764800000,1679.93,1726.7,1666.4,1691.63,29331.62242,2023-02-19
1676851200000,1703.36,1719.87,1650.74,1679.93,29763.70726,2023-02-20
1676937600000,1659.59,1716.25,1635.8,1703.36,43707.3423,2023-02-21
1677024000000,1643.48,1666.67,1595.06,1659.59,45746.14513,2023-02-22
1677110400000,1650.37,1678.65,1629.11,1643.48,38909.41391,2023-02-23
1677196800000,1607.76,1664.49,1573.37,1650.37,47840.21123,2023-02-24
1677283200000,1594.77,1608.95,1557.3,1607.76,17639.8504,2023-02-25
1677369600000,1641.18,1650.3,1588.03,1594.77,16797.76941,2023-02-26
1677456000000,1633.04,1664.68,1608.08,1641.18,38370.93509,2023-02-27
1677542400000,1604.97,1647.54,1596.8,1633.04,29493.03347,2023-02-28
1677628800000,1665.03,1669.29,1595.19,1604.97,30107.24285,2023-03-01
1677715200000,1647.8,1677.63,1619.32,1665.03,23283.87278,2023-03-02
1677801600000,1569.6,1648.99,1533.11,1647.8,48595.57858,2023-03-03
1677888000000,1566.94,1577.48,1549.08,1569.6,16466.6933,2023-03-04
1677974400000,1564.77,1589.02,1552.84,1566.94,22981.09199,2023-03-05
1678060800000,1566.01,1583.15,1554.85,1564.77,23979.34303,2023-03-06
1678147200000,1561.86,1583.92,1536.27,1566.01,36794.25154,2023-03-07
1678233600000,1532.44,1570.73,1524.0,1561.86,46107.68466,2023-03-08
1678320000000,1437.4,1546.23,1407.7,1532.44,57394.51901,2023-03-09
1678406400000,1426.6,1438.4,1369.37,1437.4,142760.47454,2023-03-10
1678492800000,1471.91,1477.95,1407.83,1426.6,113114.69283,2023-03-11
1678579200000,1579.71,1594.0,1449.21,1471.91,97640.83293,2023-03-12
1678665600000,1673.41,1695.0,1565.0,1579.71,133665.20831,2023-03-13
1678752000000,1699.17,1777.51,1655.52,1673.41,114085.42807,2023-03-14
1678838400000,1649.82,1716.4,1610.86,1699.17,150645.57197,2023-03-15
1678924800000,1673.26,1692.55,1632.44,1649.82,73332.02072,2023-03-16
1679011200000,1789.36,1800.0,1662.59,1673.26,89642.69056,2023-03-17
1679097600000,1758.91,1841.75,1747.23,1789.36,84093.27342,2023-03-18
1679184000000,1780.56,1841.0,1758.05,1758.91,68624.63884,2023-03-19
1679270400000,1732.74,1803.44,1723.53,1780.56,74932.15302,2023-03-20
1679356800000,1801.26,1835.0,1717.82,1732.74,85816.09281,2023-03-21
1679443200000,1734.34,1819.43,1709.99,1801.26,125549.17575,2023-03-22
1679529600000,1813.89,1856.0,1729.31,1734.34,105357.70242,2023-03-23
1679616000000,1749.51,1818.52,1726.31,1813.89,123257.70324,2023-03-24
1679702400000,1741.92,1763.6,1713.0,1749.51,46821.30766,2023-03-25
1679788800000,1774.09,1800.11,1739.35,1741.92,56332.27808,2023-03-26
1679875200000,1715.37,1780.41,1686.87,1774.09,83958.24309,2023-03-27
1679961600000,1772.92,1795.13,1701.53,1715.37,79319.90738,2023-03-28
1680048000000,1793.13,1827.78,1772.48,1772.92,81958.72164,2023-03-29
1680134400000,1793.54,1829.62,1762.92,1793.13,94537.64348,2023-03-30
1680220800000,1821.92,1846.83,1780.0,1793.54,66696.98924,2023-03-31
1680307200000,1820.81,1842.84,1808.31,1821.92,24881.66205,2023-04-01
1680393600000,1794.4,1824.64,1772.21,1820.81,31317.21558,2023-04-02
1680480000000,1810.6,1839.93,1763.0,1794.4,75281.7982,2023-04-03
1680566400000,1870.41,1891.59,1802.25,1810.6,74270.45904,2023-04-04
1680652800000,1908.76,1942.95,1864.78,1870.41,88478.76167,2023-04-05
1680739200000,1872.36,1909.66,1853.83,1908.76,66773.24598,2023-04-06
1680825600000,1863.76,1882.36,1841.13,1872.36,36083.46836,2023-04-07
1680912000000,1848.96,1879.32,1847.26,1863.76,21668.47444,2023-04-08
1680998400000,1858.74,1873.29,1823.87,1848.96,41986.62306,2023-04-09
1681084800000,1910.19,1918.71,1846.89,1858.74,51601.51764,2023-04-10
1681171200000,1889.98,1937.21,1881.84,1910.19,46689.82127,2023-04-11
1681257600000,1917.38,1932.59,1853.55,1889.98,77849.77289,2023-04-12
1681344000000,2011.79,2022.24,1899.51,1917.38,87347.96698,2023-04-13
1681430400000,2099.6,2128.59,2009.3,2011.79,136333.45066,2023-04-14
1681516800000,2090.79,2110.72,2071.49,2099.6,43662.93204,2023-04-15
1681603200000,2118.8,2142.71,2072.87,2090.79,51492.26858,2023-04-16
1681689600000,2074.48,2120.07,2056.78,2118.8,56593.68349,2023-04-17
1681776000000,2103.6,2125.2,2051.0,2074.48,52397.2424,2023-04-18
1681862400000,1934.2,2104.22,1922.11,2103.6,87830.35336,2023-04-19
1681948800000,1942.81,1983.0,1913.4,1934.2,67474.48305,2023-04-20
1682035200000,1848.75,1956.74,1824.74,1942.81,81273.70346,2023-04-21
1682121600000,1873.89,1886.89,1842.79,1848.75,33158.42455,2023-04-22
1682208000000,1862.02,1882.0,1837.1,1873.89,28948.16004,2023-04-23
1682294400000,1841.95,1889.91,1805.7,1862.02,46531.19091,2023-04-24
1682380800000,1865.95,1877.6,1802.08,1841.95,58613.1578,2023-04-25
1682467200000,1866.01,1964.43,1784.16,1865.95,112842.66487,2023-04-26
1682553600000,1908.61,1939.03,1861.21,1866.01,98311.31844,2023-04-27
1682640000000,1891.01,1923.54,1875.0,1908.61,49257.32547,2023-04-28
1682726400000,1907.86,1917.8,1883.68,1891.01,27463.80165,2023-04-29
1682812800000,1870.22,1939.39,1866.15,1907.86,45783.0692,2023-04-30
1682899200000,1831.0,1886.15,1806.59,1870.22,72063.15765,2023-05-01
1682985600000,1869.97,1881.8,1822.87,1831.0,58241.80056,2023-05-02
1683072000000,1905.05,1916.29,1843.01,1869.97,88063.67641,2023-05-03
1683158400000,1876.95,1918.5,1866.94,1905.05,60056.90772,2023-05-04
1683244800000,1993.4,2000.0,1875.85,1876.95,85612.56604,2023-05-05
1683331200000,1896.57,2018.0,1860.0,1993.4,87013.1046,2023-05-06
1683417600000,1870.63,1933.39,1867.27,1896.57,64537.81863,2023-05-07
1683504000000,1847.43,1883.99,1810.44,1870.63,109109.52896,2023-05-08
1683590400000,1846.6,1861.8,1830.8,1847.43,61482.32007,2023-05-09
1683676800000,1841.06,1887.25,1788.0,1846.6,83019.68026,2023-05-10
1683763200000,1794.46,1841.99,1771.8,1841.06,83079.83937,2023-05-11
1683849600000,1807.36,1816.27,1739.0,1794.46,104380.40508,2023-05-12
1683936000000,1795.1,1816.4,1785.0,1807.36,46339.51592,2023-05-13
1684022400000,1799.13,1823.6,1790.4,1795.1,42304.2283,2023-05-14
1684108800000,1816.16,1846.86,1784.43,1799.13,82094.70271,2023-05-15
1684195200000,1824.01,1832.59,1796.53,1816.16,72272.01508,2023-05-16
1684281600000,1822.15,1837.34,1783.59,1824.01,77655.64955,2023-05-17
1684368000000,1800.5,1831.85,1771.38,1822.15,60547.5232,2023-05-18
1684454400000,1812.07,1829.25,1797.13,1800.5,46112.82285,2023-05-19
1684540800000,1819.25,1828.55,1807.03,1812.07,15646.32515,2023-05-20
1684627200000,1804.98,1828.86,1797.59,1819.25,21062.7912,2023-05-21
1684713600000,1817.23,1828.62,1792.25,1804.98,32879.71111,2023-05-22
1684800000000,1854.06,1875.32,1815.5,1817.23,56914.95099,2023-05-23
1684886400000,1800.19,1854.15,1776.64,1854.06,64795.30339,2023-05-24
1684972800000,1806.05,1818.54,1760.38,1800.19,61323.45649,2023-05-25
1685059200000,1827.82,1837.9,1796.89,1806.05,36848.89797,2023-05-26
1685145600000,1830.17,1835.98,1812.31,1827.82,16734.9382,2023-05-27
1685232000000,1908.83,1922.5,1823.62,1830.17,47575.17033,2023-05-28
1685318400000,1892.53,1927.74,1873.46,1908.83,52517.69685,2023-05-29
1685404800000,1900.68,1916.72,1881.47,1892.53,49101.85001,2023-05-30
1685491200000,1873.53,1907.36,1846.8,1900.68,47766.62959,2023-05-31
1685577600000,1861.81,1888.84,1838.7,1873.53,64084.88854,2023-06-01
1685664000000,1906.8,1910.69,1847.68,1861.81,59255.84304,2023-06-02
1685750400000,1892.1,1907.96,1882.0,1906.8,23940.45968,2023-06-03
1685836800000,1890.0,1914.0,1884.39,1892.1,29560.88554,2023-06-04
1685923200000,1810.25,1890.8,1778.44,1890.0,104839.85497,2023-06-05
1686009600000,1884.02,1898.23,1797.25,1810.25,92669.33493,2023-06-06
1686096000000,1832.34,1897.22,1820.68,1884.02,83733.62068,2023-06-07
1686182400000,1845.66,1861.19,1828.56,1832.34,40487.43038,2023-06-08
1686268800000,1840.25,1855.09,1826.93,1845.66,44395.42109,2023-06-09
1686355200000,1751.39,1844.9,1716.38,1840.25,125656.82999,2023-06-10
1686441600000,1752.62,1778.1,1738.46,1751.39,54976.36008,2023-06-11
1686528000000,1742.47,1759.5,1719.77,1752.62,62095.64932,2023-06-12
1686614400000,1740.21,1766.34,1724.17,1742.47,53123.98656,2023-06-13
1686700800000,1651.0,1749.92,1627.32,1740.21,75879.32195,2023-06-14
1686787200000,1667.0,1681.25,1627.5,1651.0,55011.1677,2023-06-15
1686873600000,1718.04,1729.08,1649.81,1667.0,60178.54752,2023-06-16
1686960000000,1727.76,1772.0,1714.46,1718.04,36438.98029,2023-06-17
1687046400000,1720.88,1747.72,1712.83,1727.76,27910.0299,2023-06-18
1687132800000,1737.12,1751.85,1697.02,1720.88,42888.4871,2023-06-19
1687219200000,1792.38,1796.36,1714.62,1737.12,60333.53927,2023-06-20
1687305600000,1889.37,1901.68,1787.51,1792.38,94278.14644,2023-06-21
1687392000000,1872.14,1932.88,1866.6,1889.37,57173.28998,2023-06-22
1687478400000,1892.4,1936.79,1861.91,1872.14,72972.47673,2023-06-23
1687564800000,1875.21,1905.7,1864.97,1892.4,38124.48898,2023-06-24
1687651200000,1898.87,1929.81,1869.01,1875.21,54606.33039,2023-06-25
1687737600000,1859.01,1909.05,1837.18,1898.87,66511.42481,2023-06-26
1687824000000,1889.58,1912.4,1855.3,1859.01,58987.35135,2023-06-27
1687910400000,1827.79,1890.23,1816.13,1889.58,68693.77194,2023-06-28
1687996800000,1852.21,1879.85,1827.78,1827.79,58409.21873,2023-06-29
1688083200000,1933.79,1947.05,1823.88,1852.21,123780.63775,2023-06-30
1688169600000,1924.41,1944.4,1909.56,1933.79,37567.26823,2023-07-01
1688256000000,1937.4,1961.48,1885.11,1924.41,59316.25015,2023-07-02
1688342400000,1955.65,1976.23,1933.64,1937.4,67062.00239,2023-07-03
1688428800000,1935.97,1966.87,1931.39,1955.65,47498.7945,2023-07-04
1688515200000,1910.02,1942.2,1894.19,1935.97,55853.36091,2023-07-05
1688601600000,1846.1,1957.32,1846.1,1910.02,79097.44858,2023-07-06
1688688000000,1870.54,1877.86,1825.38,1846.1,52567.95434,2023-07-07
1688774400000,1865.23,1873.0,1842.8,1870.54,25582.38452,2023-07-08
1688860800000,1862.84,1878.8,1856.5,1865.23,27168.72717,2023-07-09
1688947200000,1880.28,1905.31,1846.7,1862.84,44977.11182,2023-07-10
1689033600000,1878.32,1891.54,1862.67,1880.28,34429.33361,2023-07-11
1689120000000,1871.88,1901.56,1864.36,1878.32,47037.78639,2023-07-12
1689206400000,2004.43,2012.8,1863.01,1871.88,97959.39295,2023-07-13
1689292800000,1937.91,2029.18,1898.22,2004.43,92766.76175,2023-07-14
1689379200000,1931.2,1946.39,1926.31,1937.91,22379.93265,2023-07-15
1689465600000,1922.19,1943.24,1914.16,1931.2,26488.09204,2023-07-16
1689552000000,1911.26,1935.89,1873.61,1922.19,49897.51725,2023-07-17
1689638400000,1897.43,1916.99,1876.5,1911.26,40142.22948,2023-07-18
1689724800000,1888.6,1922.2,1882.15,1897.43,47640.62834,2023-07-19
1689811200000,1891.2,1929.19,1878.25,1888.6,57850.51598,2023-07-20
1689897600000,1891.65,1905.0,1884.9,1891.2,32323.60636,2023-07-21
1689984000000,1866.17,1897.05,1851.48,1891.65,19618.36808,2023-07-22
1690070400000,1888.83,1904.83,1858.09,1866.17,28923.34722,2023-07-23
1690156800000,1850.0,1890.62,1832.81,1888.83,45536.13221,2023-07-24
1690243200000,1857.81,1868.57,1845.61,1850.0,26357.65802,2023-07-25
1690329600000,1871.82,1887.49,1848.6,1857.81,63325.38779,2023-07-26
1690416000000,1861.35,1886.14,1855.09,1871.82,32326.17882,2023-07-27
1690502400000,1874.32,1883.58,1856.69,1861.35,18065.56552,2023-07-28
1690588800000,1880.61,1886.21,1869.81,1874.32,9759.43943,2023-07-29
1690675200000,1861.71,1885.08,1849.27,1880.61,32399.6407,2023-07-30
1690761600000,1856.31,1877.0,1851.25,1861.71,25273.97207,2023-07-31
1690848000000,1873.33,1875.69,1811.18,1856.31,56345.23865,2023-08-01
1690934400000,1840.14,1879.75,1821.31,1873.33,54052.27557,2023-08-02
1691020800000,1835.92,1859.12,1826.14,1840.14,38230.06723,2023-08-03
1691107200000,1830.29,1851.26,1815.22,1835.92,38676.2419,2023-08-04
1691193600000,1836.6,1838.86,1827.8,1830.29,13205.82257,2023-08-05
1691280000000,1830.38,1838.5,1826.0,1836.6,12489.02727,2023-08-06
1691366400000,1829.05,1846.91,1802.0,1830.38,43335.13893,2023-08-07
1691452800000,1856.29,1876.77,1826.35,1829.05,51504.9889,2023-08-08
1691539200000,1855.29,1871.44,1846.38,1856.29,27317.11462,2023-08-09
1691625600000,1852.35,1865.79,1846.28,1855.29,21251.23024,2023-08-10
1691712000000,1848.83,1857.44,1838.78,1852.35,18308.22144,2023-08-11
1691798400000,1849.98,1853.6,1846.24,1848.83,9387.97855,2023-08-12
1691884800000,1840.63,1861.65,1834.54,1849.98,14273.08771,2023-08-13
1691971200000,1845.76,1856.46,1835.01,1840.63,23257.23174,2023-08-14
1692057600000,1829.29,1847.2,1813.8,1845.76,24970.56033,2023-08-15
1692144000000,1807.72,1831.64,1797.95,1829.29,32285.14358,2023-08-16
1692230400000,1681.11,1810.0,1507.29,1807.72,162490.93006,2023-08-17
1692316800000,1661.4,1699.2,1639.96,1681.11,113111.04136,2023-08-18
1692403200000,1669.81,1696.6,1654.47,1661.4,32508.57715,2023-08-19
1692489600000,1685.2,1694.55,1662.07,1669.81,28532.98458,2023-08-20
1692576000000,1667.59,1688.6,1648.79,1685.2,48286.1419,2023-08-21
1692662400000,1635.0,1669.38,1578.88,1667.59,71759.41733,2023-08-22
1692748800000,1679.78,1701.84,1629.6,1635.0,71874.15305,2023-08-23
1692835200000,1661.19,1683.5,1636.05,1679.78,49943.00244,2023-08-24
1692921600000,1653.75,1677.5,1635.46,1661.19,62441.96382,2023-08-25
1693008000000,1646.95,1655.6,1644.19,1653.75,14183.72433,2023-08-26
1693094400000,1658.19,1659.96,1646.41,1646.95,16578.59918,2023-08-27
1693180800000,1653.27,1664.09,1621.83,1658.19,51869.36169,2023-08-28
1693267200000,1729.3,1746.22,1640.26,1653.27,130860.79148,2023-08-29
1693353600000,1705.39,1730.98,1694.9,1729.3,51997.36957,2023-08-30
1693440000000,1645.9,1726.53,1629.84,1705.39,85032.73853,2023-08-31
1693526400000,1628.84,1654.47,1602.26,1645.9,81456.41676,2023-09-01
1693612800000,1636.97,1645.15,1628.01,1628.84,24312.49968,2023-09-02
1693699200000,1635.77,1647.85,1625.21,1636.97,25319.69709,2023-09-03
1693785600000,1630.61,1644.83,1616.58,1635.77,31690.31033,2023-09-04
1693872000000,1634.4,1647.99,1609.74,1630.61,40069.16755,2023-09-05
1693958400000,1633.13,1670.34,1609.29,1634.4,52690.48714,2023-09-06
1694044800000,1647.99,1660.0,1623.66,1633.13,43491.08918,2023-09-07
1694131200000,1636.44,1658.79,1616.55,1647.99,41266.0956,2023-09-08
1694217600000,1635.37,1637.38,1630.04,1636.44,9649.94731,2023-09-09
1694304000000,1617.49,1635.55,1597.86,1635.37,41298.01634,2023-09-10
1694390400000,1551.89,1618.99,1531.2,1617.49,103075.60893,2023-09-11
1694476800000,1592.86,1625.32,1549.75,1551.89,97037.30481,2023-09-12
1694563200000,1607.61,1618.9,1582.0,1592.86,63789.46687,2023-09-13
1694649600000,1626.55,1644.76,1607.16,1607.61,73621.35625,2023-09-14
1694736000000,1641.59,1653.93,1611.51,1626.55,42125.36067,2023-09-15
1694822400000,1634.49,1652.2,1631.46,1641.59,19734.24973,2023-09-16
1694908800000,1622.41,1634.99,1611.95,1634.49,26175.19868,2023-09-17
1694995200000,1636.87,1668.91,1605.0,1622.41,73783.53589,2023-09-18
1695081600000,1643.18,1660.8,1626.74,1636.87,51379.72673,2023-09-19
1695168000000,1622.29,1649.2,1605.4,1643.18,79426.46618,2023-09-20
1695254400000,1584.01,1625.32,1567.7,1622.29,75663.09168,2023-09-21
1695340800000,1593.05,1602.6,1576.6,1584.01,44200.48435,2023-09-22
1695427200000,1593.8,1598.14,1587.7,1593.05,14234.28404,2023-09-23
1695513600000,1580.77,1601.0,1570.6,1593.8,39171.4324,2023-09-24
1695600000000,1588.3,1597.45,1562.95,1580.77,77245.95616,2023-09-25
1695686400000,1593.92,1599.2,1580.4,1588.3,43859.20527,2023-09-26
1695772800000,1598.6,1634.05,1583.41,1593.92,108581.39996,2023-09-27
1695859200000,1652.98,1668.48,1597.9,1598.6,136678.63395,2023-09-28
1695945600000,1667.4,1688.34,1648.41,1652.98,94598.27035,2023-09-29
1696032000000,1670.85,1694.27,1666.21,1667.4,34955.19091,2023-09-30
1696118400000,1733.67,1759.16,1668.32,1670.85,80733.27488,2023-10-01
1696204800000,1662.44,1743.44,1637.2,1733.67,154865.69601,2023-10-02
1696291200000,1656.84,1670.44,1643.87,1662.44,66825.95609,2023-10-03
1696377600000,1646.65,1657.76,1624.0,1656.84,92383.04789,2023-10-04
1696464000000,1611.86,1655.2,1607.5,1646.65,101745.81571,2023-10-05
1696550400000,1645.11,1662.54,1611.23,1611.86,95999.82334,2023-10-06
1696636800000,1633.79,1647.55,1630.0,1645.11,27812.27606,2023-10-07
1696723200000,1632.68,1641.47,1616.12,1633.79,49093.35831,2023-10-08
1696809600000,1579.97,1635.87,1545.25,1632.68,166741.83039,2023-10-09
1696896000000,1567.59,1594.8,1551.2,1579.97,138370.04269,2023-10-10
1696982400000,1566.88,1578.4,1544.66,1567.59,100547.4964,2023-10-11
1697068800000,1539.86,1568.56,1519.55,1566.88,100598.98849,2023-10-12
1697155200000,1552.24,1576.2,1537.88,1539.86,81180.61766,2023-10-13
1697241600000,1554.95,1562.11,1544.63,1552.24,27355.93821,2023-10-14
1697328000000,1557.68,1566.98,1548.6,1554.95,39113.97364,2023-10-15
1697414400000,1599.53,1641.67,1555.19,1557.68,179232.53481,2023-10-16
1697500800000,1564.48,1600.6,1551.0,1599.53,73837.34938,2023-10-17
1697587200000,1563.25,1585.13,1555.81,1564.48,65317.98266,2023-10-18
1697673600000,1566.58,1574.57,1542.0,1563.25,90042.19103,2023-10-19
1697760000000,1604.01,1630.44,1561.28,1566.58,106934.42487,2023-10-20
1697846400000,1628.86,1644.49,1592.44,1604.01,63340.47307,2023-10-21
1697932800000,1663.9,1668.33,1621.52,1628.86,84411.40162,2023-10-22
1698019200000,1765.27,1801.03,1657.27,1663.9,224650.53692,2023-10-23
1698105600000,1785.07,1854.66,1756.24,1765.27,180509.11778,2023-10-24
1698192000000,1787.25,1817.9,1760.0,1785.07,107267.77569,2023-10-25
1698278400000,1803.31,1865.6,1762.56,1787.25,146844.43341,2023-10-26
1698364800000,1779.44,1804.24,1745.0,1803.31,69725.77484,2023-10-27
1698451200000,1776.18,1803.19,1770.0,1779.44,42321.83584,2023-10-28
1698537600000,1795.11,1811.21,1763.04,1776.18,44492.92395,2023-10-29
1698624000000,1808.9,1830.17,1777.36,1795.11,77380.72093,2023-10-30
1698710400000,1814.72,1819.22,1781.2,1808.9,88606.07329,2023-10-31
1698796800000,1846.77,1857.8,1783.12,1814.72,147645.20599,2023-11-01
1698883200000,1800.86,1874.2,1784.75,1846.77,149790.87003,2023-11-02
1698969600000,1832.59,1834.4,1776.54,1800.86,128843.96415,2023-11-03
1699056000000,1855.77,1869.74,1823.8,1832.59,54426.57615,2023-11-04
1699142400000,1891.75,1912.74,1846.25,1855.77,103471.66679,2023-11-05
1699228800000,1900.95,1914.47,1869.23,1891.75,87661.26502,2023-11-06
1699315200000,1885.4,1906.79,1850.4,1900.95,96479.77942,2023-11-07
1699401600000,1888.39,1904.8,1873.0,1885.4,59437.62986,2023-11-08
1699488000000,2120.98,2131.66,1882.37,1888.39,339464.6434,2023-11-09
1699574400000,2077.6,2136.54,2065.29,2120.98,159058.93226,2023-11-10
1699660800000,2053.12,2089.24,2030.42,2077.6,125665.52199,2023-11-11
1699747200000,2044.79,2066.44,2011.44,2053.12,64216.0409,2023-11-12
1699833600000,2053.39,2117.86,2028.37,2044.79,146792.846,2023-11-13
1699920000000,1979.27,2064.66,1923.17,2053.39,151123.29588,2023-11-14
1700006400000,2058.5,2062.31,1967.17,1979.27,145574.9816,2023-11-15
1700092800000,1961.71,2091.2,1938.67,2058.5,216421.84221,2023-11-16
1700179200000,1960.71,1991.11,1905.32,1961.71,167846.45212,2023-11-17
1700265600000,1962.6,1971.3,1916.0,1960.71,81781.51524,2023-11-18
1700352000000,2011.51,2015.3,1943.54,1962.6,96034.28416,2023-11-19
1700438400000,2021.4,2067.14,1989.69,2011.51,187651.20932,2023-11-20
1700524800000,1933.36,2034.44,1931.27,2021.4,232880.29353,2023-11-21
1700611200000,2063.33,2092.0,1929.05,1933.36,177678.33962,2023-11-22
1700697600000,2062.0,2088.64,2040.0,2063.33,105824.03785,2023-11-23
1700784000000,2080.68,2132.83,2058.58,2062.0,179123.28624,2023-11-24
1700870400000,2083.05,2090.29,2065.6,2080.68,46606.02316,2023-11-25
1700956800000,2062.32,2094.0,2035.89,2083.05,102127.25416,2023-11-26
1701043200000,2027.91,2071.17,1985.0,2062.32,117709.41249,2023-11-27
1701129600000,2048.29,2075.59,1994.79,2027.91,107708.84445,2023-11-28
1701216000000,2028.81,2075.63,2018.92,2048.29,81844.44951,2023-11-29
1701302400000,2051.9,2054.64,2020.94,2028.81,68397.6958,2023-11-30
1701388800000,2087.36,2110.97,2045.11,2051.9,121445.75798,2023-12-01
1701475200000,2164.73,2191.55,2086.2,2087.36,119189.67745,2023-12-02
1701561600000,2192.81,2217.65,2149.11,2164.73,85440.51871,2023-12-03
1701648000000,2243.22,2274.39,2191.25,2192.81,163540.36858,2023-12-04
1701734400000,2293.32,2309.92,2188.2,2243.22,194996.12998,2023-12-05
1701820800000,2232.88,2311.82,2219.68,2293.32,142703.16999,2023-12-06
1701907200000,2355.68,2382.79,2221.93,2232.88,187765.25233,2023-12-07
1701993600000,2358.66,2392.5,2336.65,2355.68,138613.33761,2023-12-08
1702080000000,2340.62,2403.63,2328.53,2358.66,98134.85835,2023-12-09
1702166400000,2352.25,2377.24,2322.21,2340.62,50993.69573,2023-12-10
1702252800000,2224.81,2354.94,2136.55,2352.25,206391.62927,2023-12-11
1702339200000,2203.39,2244.06,2165.59,2224.81,100768.45135,2023-12-12
1702425600000,2260.01,2284.71,2145.97,2203.39,115019.79608,2023-12-13
1702512000000,2315.1,2332.35,2228.56,2260.01,126289.87961,2023-12-14
1702598400000,2220.61,2317.73,2195.37,2315.1,106533.33536,2023-12-15
1702684800000,2228.72,2263.56,2209.97,2220.61,56650.15859,2023-12-16
1702771200000,2196.48,2249.02,2192.09,2228.72,66494.69569,2023-12-17
1702857600000,2219.35,2223.81,2117.3,2196.48,102162.90381,2023-12-18
1702944000000,2177.79,2254.89,2136.01,2219.35,105687.91907,2023-12-19
1703030400000,2202.16,2265.95,2157.31,2177.79,122599.04991,2023-12-20
1703116800000,2239.4,2279.33,2183.39,2202.16,128022.54991,2023-12-21
1703203200000,2324.81,2342.97,2230.27,2239.4,220586.62422,2023-12-22
1703289600000,2308.25,2331.56,2264.84,2324.81,70871.68309,2023-12-23
1703376000000,2264.01,2326.19,2242.52,2308.25,70083.1336,2023-12-24
1703462400000,2271.1,2304.58,2253.21,2264.01,57577.03316,2023-12-25
1703548800000,2230.69,2274.7,2178.84,2271.1,119316.34057,2023-12-26
1703635200000,2378.18,2392.56,2211.86,2230.69,192607.82945,2023-12-27
1703721600000,2344.21,2445.81,2334.86,2378.18,209687.34254,2023-12-28
1703808000000,2299.19,2385.2,2255.48,2344.21,164995.9701,2023-12-29
1703894400000,2291.57,2322.85,2267.78,2299.19,76737.23008,2023-12-30
1703980800000,2282.0,2322.0,2258.0,2291.57,92216.96999,2023-12-31
1704067200000,2351.6,2351.8,2265.29,2282.0,72164.87871,2024-01-01
1704153600000,2355.2,2431.08,2339.21,2351.6,154649.65169,2024-01-02
1704240000000,2209.69,2385.12,2079.36,2355.2,288021.20403,2024-01-03
1704326400000,2267.1,2294.75,2202.1,2209.69,125673.48806,2024-01-04
1704412800000,2268.39,2276.88,2206.2,2267.1,142693.3322,2024-01-05
1704499200000,2240.95,2269.88,2216.0,2268.39,51202.2217,2024-01-06
1704585600000,2221.59,2257.18,2204.18,2240.95,55349.86992,2024-01-07
1704672000000,2330.8,2358.4,2165.54,2221.59,159599.94695,2024-01-08
1704758400000,2344.38,2376.24,2225.79,2330.8,218130.09589,2024-01-09
1704844800000,2584.33,2643.0,2340.4,2344.38,324256.59118,2024-01-10
1704931200000,2618.01,2689.99,2565.78,2584.33,194946.32421,2024-01-11
1705017600000,2522.79,2718.38,2457.8,2618.01,255374.61392,2024-01-12
1705104000000,2578.0,2589.99,2497.61,2522.79,120761.8126,2024-01-13
1705190400000,2472.81,2578.6,2469.5,2578.0,77258.45222,2024-01-14
1705276800000,2511.8,2553.79,2471.13,2472.81,67441.69077,2024-01-15
1705363200000,2587.54,2647.58,2500.22,2511.8,90838.99345,2024-01-16
1705449600000,2530.23,2592.77,2506.25,2587.54,79192.83577,2024-01-17
1705536000000,2470.79,2549.39,2428.14,2530.23,108083.92404,2024-01-18
1705622400000,2491.82,2504.33,2414.81,2470.79,115870.33218,2024-01-19
1705708800000,2472.14,2491.82,2454.3,2491.82,31590.78781,2024-01-20
1705795200000,2457.0,2481.93,2452.63,2472.14,27532.84641,2024-01-21
1705881600000,2314.18,2465.95,2303.11,2457.0,164257.37612,2024-01-22
1705968000000,2242.66,2351.24,2168.21,2314.18,185480.49434,2024-01-23
1706054400000,2235.29,2264.7,2196.33,2242.66,74636.48223,2024-01-24
1706140800000,2218.65,2242.8,2171.43,2235.29,59475.91682,2024-01-25
1706227200000,2267.62,2282.22,2196.0,2218.65,66286.38604,2024-01-26
1706313600000,2268.1,2282.96,2251.27,2267.62,24987.90445,2024-01-27
1706400000000,2256.82,2308.15,2239.66,2268.1,42788.84127,2024-01-28
1706486400000,2317.77,2322.47,2233.78,2256.82,55746.34763,2024-01-29
1706572800000,2342.76,2392.35,2296.21,2317.77,79032.21488,2024-01-30
1706659200000,2283.24,2351.73,2263.2,2342.76,80325.43757,2024-01-31
1706745600000,2303.98,2311.98,2240.13,2283.24,67630.07481,2024-02-01
1706832000000,2308.91,2324.87,2282.1,2303.98,60160.00272,2024-02-02
1706918400000,2296.59,2330.04,2292.67,2308.91,35310.6624,2024-02-03
1707004800000,2289.61,2311.14,2266.06,2296.59,52833.19933,2024-02-04
1707091200000,2301.76,2338.4,2269.16,2289.61,63157.20628,2024-02-05
1707177600000,2372.72,2392.49,2298.87,2301.76,89657.72675,2024-02-06
1707264000000,2425.2,2445.12,2354.11,2372.72,91104.4485,2024-02-07
1707350400000,2419.58,2463.59,2412.0,2425.2,82805.49529,2024-02-08
1707436800000,2486.59,2525.0,2418.69,2419.58,155132.92423,2024-02-09
1707523200000,2500.25,2516.54,2471.6,2486.59,50694.57205,2024-02-10
1707609600000,2507.1,2539.75,2493.7,2500.25,65045.90771,2024-02-11
1707696000000,2659.81,2665.3,2472.1,2507.1,133235.55022,2024-02-12
1707782400000,2640.08,2686.4,2590.09,2659.81,162712.62067,2024-02-13
1707868800000,2774.81,2786.35,2618.2,2640.08,141226.68698,2024-02-14
1707955200000,2822.89,2867.2,2759.75,2774.81,181057.54001,2024-02-15
1708041600000,2802.0,2857.4,2738.88,2822.89,147225.10542,2024-02-16
1708128000000,2786.16,2804.34,2718.4,2802.0,68210.09368,2024-02-17
1708214400000,2881.21,2895.56,2763.6,2786.16,94128.41313,2024-02-18
1708300800000,2944.4,2984.46,2856.69,2881.21,167548.42304,2024-02-19
1708387200000,3014.65,3033.0,2874.0,2944.4,234379.1683,2024-02-20
1708473600000,2967.18,3017.35,2868.24,3014.65,247063.96886,2024-02-21
1708560000000,2971.4,3037.71,2906.56,2967.18,213141.60753,2024-02-22
1708646400000,2922.14,2993.76,2905.17,2971.4,136365.26001,2024-02-23
1708732800000,2992.47,3004.59,2906.23,2922.14,77572.90457,2024-02-24
1708819200000,3113.18,3124.0,2983.62,2992.47,129360.52829,2024-02-25
1708905600000,3175.73,3197.81,3036.59,3113.18,180794.19317,2024-02-26
1708992000000,3242.41,3288.56,3165.0,3175.73,210755.92536,2024-02-27
1709078400000,3383.08,3492.8,3171.42,3242.41,304004.40243,2024-02-28
1709164800000,3340.19,3523.48,3300.0,3383.08,285182.13353,2024-02-29
1709251200000,3432.94,3449.9,3338.74,3340.19,145072.34249,2024-03-01
1709337600000,3421.32,3460.12,3394.29,3432.94,100512.98865,2024-03-02
1709424000000,3487.86,3492.42,3359.21,3421.32,116862.58082,2024-03-03
1709510400000,3627.5,3641.69,3425.94,3487.86,264686.69305,2024-03-04
1709596800000,3553.38,3822.8,3186.66,3627.5,493147.89056,2024-03-05
1709683200000,3819.58,3902.38,3499.39,3553.38,333816.87927,2024-03-06
1709769600000,3868.64,3933.93,3733.79,3819.58,148018.22079,2024-03-07
1709856000000,3883.2,3994.98,3817.68,3868.64,143104.59072,2024-03-08
1709942400000,3905.0,3941.99,3870.3,3883.2,44872.48938,2024-03-09
1710028800000,3878.42,3964.39,3792.4,3905.0,70960.83818,2024-03-10
1710115200000,4064.88,4088.84,3721.9,3878.42,163584.42332,2024-03-11
1710201600000,3980.02,4092.19,3828.87,4064.88,176898.29451,2024-03-12
1710288000000,4005.01,4082.64,3932.32,3980.02,105850.37413,2024-03-13
1710374400000,3882.08,4011.16,3722.72,4005.01,164898.81663,2024-03-14
1710460800000,3742.6,3933.83,3565.6,3882.08,298077.15578,2024-03-15
1710547200000,3523.11,3781.55,3467.33,3742.6,198903.20055,2024-03-16
1710633600000,3644.21,3678.82,3413.15,3523.11,206991.79643,2024-03-17
1710720000000,3521.01,3645.38,3453.74,3644.21,202698.64383,2024-03-18
1710806400000,3158.54,3548.38,3150.48,3521.01,325838.33684,2024-03-19
1710892800000,3515.82,3535.99,3056.37,3158.54,317209.77965,2024-03-20
1710979200000,3492.81,3587.62,3411.37,3515.82,166608.89738,2024-03-21
1711065600000,3336.8,3542.9,3246.02,3492.81,161720.90176,2024-03-22
1711152000000,3329.66,3435.44,3270.77,3336.8,85719.72142,2024-03-23
1711238400000,3454.63,3471.72,3299.23,3329.66,72430.39021,2024-03-24
1711324800000,3590.17,3660.74,3420.22,3454.63,105680.95865,2024-03-25
1711411200000,3587.24,3679.11,3543.13,3590.17,101348.86026,2024-03-26
1711497600000,3502.29,3667.43,3460.27,3587.24,124164.31125,2024-03-27
1711584000000,3560.63,3612.0,3464.63,3502.29,79396.38325,2024-03-28
1711670400000,3509.24,3584.68,3472.48,3560.63,65686.88926,2024-03-29
1711756800000,3505.24,3566.4,3484.27,3509.24,45289.32208,2024-03-30
1711843200000,3645.11,3655.42,3504.39,3505.24,52719.10871,2024-03-31
1711929600000,3504.48,3645.9,3414.24,3645.11,107328.87997,2024-04-01
1712016000000,3278.92,3506.41,3210.77,3504.48,186052.26911,2024-04-02
1712102400000,3311.09,3367.69,3201.85,3278.92,146398.80289,2024-04-03
1712188800000,3328.0,3443.39,3250.84,3311.09,130015.31287,2024-04-04
1712275200000,3317.6,3349.94,3209.05,3328.0,156619.20489,2024-04-05
1712361600000,3352.09,3398.78,3306.06,3317.6,63331.08993,2024-04-06
1712448000000,3454.24,3459.67,3344.36,3352.09,78155.45717,2024-04-07
1712534400000,3695.17,3730.19,3407.1,3454.24,145542.50505,2024-04-08
1712620800000,3505.81,3726.33,3451.63,3695.17,153869.23583,2024-04-09
1712707200000,3545.4,3563.81,3411.0,3505.81,138750.99457,2024-04-10
1712793600000,3502.59,3618.16,3473.59,3545.4,110355.09034,2024-04-11
1712880000000,3237.58,3552.99,3074.18,3502.59,196997.84894,2024-04-12
1712966400000,3005.69,3302.37,2800.99,3237.58,367374.35321,2024-04-13
1713052800000,3154.51,3174.6,2905.44,3005.69,262264.86999,2024-04-14
1713139200000,3102.0,3278.41,3022.8,3154.51,215560.92932,2024-04-15
1713225600000,3084.0,3127.43,2987.01,3102.0,214964.12719,2024-04-16
1713312000000,2985.2,3123.59,2913.51,3084.0,211329.39923,2024-04-17
1713398400000,3064.39,3095.0,2953.34,2985.2,175412.64466,2024-04-18
1713484800000,3056.37,3129.53,2865.0,3064.39,243237.91769,2024-04-19
1713571200000,3155.61,3171.23,3018.24,3056.37,79631.34071,2024-04-20
1713657600000,3147.44,3197.47,3116.29,3155.61,76307.84297,2024-04-21
1713744000000,3200.63,3236.39,3128.8,3147.44,106750.80719,2024-04-22
1713830400000,3219.23,3264.46,3151.6,3200.63,96089.50422,2024-04-23
1713916800000,3140.43,3293.98,3104.42,3219.23,128294.02071,2024-04-24
1714003200000,3156.12,3191.72,3071.67,3140.43,157139.43655,2024-04-25
1714089600000,3131.43,3168.26,3101.59,3156.12,116086.81689,2024-04-26
1714176000000,3255.81,3284.2,3066.9,3131.43,113111.2143,2024-04-27
1714262400000,3263.46,3361.59,3250.06,3255.81,96812.72794,2024-04-28
1714348800000,3217.0,3287.75,3115.26,3263.46,178108.75502,2024-04-29
1714435200000,3014.45,3251.53,2920.33,3217.0,231954.72774,2024-04-30
1714521600000,2972.25,3023.45,2816.52,3014.45,250789.84069,2024-05-01
1714608000000,2986.7,3016.47,2892.06,2972.25,148725.87416,2024-05-02
1714694400000,3102.72,3126.92,2958.38,2986.7,124770.88271,2024-05-03
1714780800000,3117.16,3168.31,3092.71,3102.72,74784.30142,2024-05-04
1714867200000,3136.59,3171.89,3072.29,3117.16,77770.46627,2024-05-05
1714953600000,3062.92,3222.0,3046.03,3136.59,148286.10959,2024-05-06
1715040000000,3006.4,3130.26,3000.0,3062.92,127146.89611,2024-05-07
1715126400000,2974.0,3038.64,2936.53,3006.4,127305.76674,2024-05-08
1715212800000,3036.22,3059.33,2950.67,2974.0,107538.46049,2024-05-09
1715299200000,2910.07,3053.95,2878.01,3036.22,137209.62105,2024-05-10
1715385600000,2912.38,2945.55,2886.85,2910.07,55834.34835,2024-05-11
1715472000000,2929.59,2955.43,2901.33,2912.38,55889.40492,2024-05-12
1715558400000,2950.81,2996.84,2864.93,2929.59,141231.75501,2024-05-13
1715644800000,2882.21,2961.06,2861.0,2950.81,123678.50941,2024-05-14
1715731200000,3032.23,3041.64,2864.04,2882.21,133331.88324,2024-05-15
1715817600000,2944.81,3041.15,2923.33,3032.23,120738.07235,2024-05-16
1715904000000,3091.75,3120.06,2933.17,2944.81,149836.31802,2024-05-17
1715990400000,3123.31,3147.37,3083.58,3091.75,89054.98756,2024-05-18
1716076800000,3071.21,3136.98,3053.58,3123.31,83575.31229,2024-05-19
1716163200000,3662.7,3695.06,3047.8,3071.21,307340.81509,2024-05-20
1716249600000,3790.33,3842.75,3625.48,3662.7,286155.79709,2024-05-21
1716336000000,3738.0,3813.52,3653.12,3790.33,202656.99492,2024-05-22
1716422400000,3782.52,3949.65,3525.01,3738.0,408238.40218,2024-05-23
1716508800000,3727.8,3829.58,3627.85,3782.52,160815.79818,2024-05-24
1716595200000,3749.5,3779.99,3708.4,3727.8,74801.04986,2024-05-25
1716681600000,3826.15,3884.63,3731.46,3749.5,93510.68948,2024-05-26
1716768000000,3893.91,3977.79,3823.28,3826.15,125692.24296,2024-05-27
1716854400000,3844.51,3931.28,3774.14,3893.91,158056.02973,2024-05-28
1716940800000,3767.34,3888.57,3744.08,3844.51,132807.89088,2024-05-29
1717027200000,3748.0,3825.67,3702.39,3767.34,123326.28928,2024-05-30
1717113600000,3762.62,3851.86,3723.23,3748.0,112154.87557,2024-05-31
1717200000000,3815.79,3833.27,3752.9,3762.62,47566.57894,2024-06-01
1717286400000,3781.32,3838.42,3752.16,3815.79,73599.55823,2024-06-02
1717372800000,3767.2,3850.69,3757.1,3781.32,115406.14852,2024-06-03
1717459200000,3810.5,3832.4,3730.0,3767.2,119414.59153,2024-06-04
1717545600000,3866.53,3887.34,3777.82,3810.5,122091.65944,2024-06-05
1717632000000,3813.56,3878.37,3758.27,3866.53,109391.72784,2024-06-06
1717718400000,3678.6,3842.1,3571.54,3813.56,202088.22765,2024-06-07
1717804800000,3681.27,3709.78,3661.33,3678.6,82307.84446,2024-06-08
1717891200000,3706.52,3722.46,3666.59,3681.27,71286.87011,2024-06-09
1717977600000,3667.86,3713.84,3643.42,3706.52,120324.33227,2024-06-10
1718064000000,3497.51,3672.91,3431.14,3667.86,234993.02455,2024-06-11
1718150400000,3560.37,3657.02,3461.52,3497.51,176044.69912,2024-06-12
1718236800000,3469.06,3561.92,3427.48,3560.37,161313.49042,2024-06-13
1718323200000,3481.89,3532.3,3361.9,3469.06,173458.0759,2024-06-14
1718409600000,3569.33,3594.37,3473.14,3481.89,113921.60924,2024-06-15
1718496000000,3624.26,3655.1,3541.09,3569.33,99289.59462,2024-06-16
1718582400000,3511.03,3638.24,3464.93,3624.26,229501.825,2024-06-17
1718668800000,3483.78,3517.11,3350.0,3511.03,272360.99505,2024-06-18
1718755200000,3560.53,3589.0,3465.97,3483.78,179381.0242,2024-06-19
1718841600000,3512.58,3626.13,3485.14,3560.53,179397.83126,2024-06-20
1718928000000,3518.71,3548.03,3446.09,3512.58,200522.58686,2024-06-21
1719014400000,3495.87,3521.57,3475.58,3518.71,70888.98515,2024-06-22
1719100800000,3420.76,3521.35,3403.02,3495.87,122154.85205,2024-06-23
1719187200000,3352.78,3435.54,3221.86,3420.76,295310.55674,2024-06-24
1719273600000,3394.2,3429.69,3336.41,3352.78,135388.44603,2024-06-25
1719360000000,3371.34,3426.62,3324.0,3394.2,144036.90504,2024-06-26
1719446400000,3450.39,3477.37,3361.4,3371.34,128572.36927,2024-06-27
1719532800000,3380.43,3487.72,3365.28,3450.39,134681.96183,2024-06-28
1719619200000,3378.81,3408.14,3371.22,3380.43,50439.88505,2024-06-29
1719705600000,3438.07,3460.0,3352.02,3378.81,78794.94391,2024-06-30
1719792000000,3441.89,3524.62,3423.63,3438.07,134404.74449,2024-07-01
1719878400000,3421.77,3464.09,3401.71,3441.89,97629.50819,2024-07-02
1719964800000,3295.64,3432.25,3250.17,3421.77,194363.01118,2024-07-03
1720051200000,3059.88,3313.48,3050.27,3295.64,236936.14116,2024-07-04
1720137600000,2981.57,3109.16,2807.21,3059.88,309666.09618,2024-07-05
1720224000000,3067.32,3081.95,2954.28,2981.57,98302.14181,2024-07-06
1720310400000,2931.07,3073.11,2922.14,3067.32,99237.95677,2024-07-07
1720396800000,3019.08,3096.69,2822.22,2931.07,238995.76813,2024-07-08
1720483200000,3066.57,3115.36,3003.99,3019.08,189360.51682,2024-07-09
1720569600000,3100.79,3152.0,3023.74,3066.57,201780.31842,2024-07-10
1720656000000,3099.44,3216.55,3053.06,3100.79,194970.30863,2024-07-11
1720742400000,3134.23,3157.86,3045.45,3099.44,180702.47915,2024-07-12
1720828800000,3175.67,3202.35,3113.21,3134.23,104661.29662,2024-07-13
1720915200000,3245.26,3268.89,3163.2,3175.67,120777.22449,2024-07-14
1721001600000,3483.22,3494.63,3233.11,3245.26,168592.69054,2024-07-15
1721088000000,3444.53,3498.91,3346.19,3483.22,217351.69494,2024-07-16
1721174400000,3387.44,3517.52,3376.04,3444.53,155038.50591,2024-07-17
1721260800000,3426.8,3489.98,3367.37,3387.44,141401.42639,2024-07-18
1721347200000,3504.12,3541.69,3376.89,3426.8,159942.81162,2024-07-19
1721433600000,3517.4,3539.72,3479.71,3504.12,81737.74057,2024-07-20
1721520000000,3535.96,3547.43,3410.01,3517.4,131709.3637,2024-07-21
1721606400000,3439.52,3563.1,3422.4,3535.96,158335.92393,2024-07-22
1721692800000,3482.68,3541.35,3389.0,3439.52,245420.86348,2024-07-23
1721779200000,3335.56,3488.47,3293.1,3482.68,150217.07858,2024-07-24
1721865600000,3175.28,3342.66,3086.94,3335.56,259787.90631,2024-07-25
1721952000000,3274.64,3286.2,3170.72,3175.28,161281.25679,2024-07-26
1722038400000,3249.39,3327.8,3190.69,3274.64,149219.26204,2024-07-27
1722124800000,3269.91,3284.72,3197.55,3249.39,75067.96093,2024-07-28
1722211200000,3318.18,3397.46,3257.56,3269.91,144090.69168,2024-07-29
1722297600000,3279.12,3366.42,3232.91,3318.18,128919.43569,2024-07-30
1722384000000,3232.7,3350.0,3213.81,3279.12,135912.05528,2024-07-31
1722470400000,3203.28,3242.89,3079.87,3232.7,180181.06447,2024-08-01
1722556800000,2989.2,3218.56,2967.02,3203.28,199861.2589,2024-08-02
1722643200000,2903.68,3018.48,2858.5,2989.2,183781.94237,2024-08-03
1722729600000,2688.92,2935.36,2623.36,2903.68,211480.88339,2024-08-04
1722816000000,2419.88,2697.58,2093.59,2688.92,1044960.81604,2024-08-05
1722902400000,2461.15,2556.59,2414.33,2419.88,321407.55323,2024-08-06
1722988800000,2343.23,2552.1,2307.79,2461.15,271184.08007,2024-08-07
1723075200000,2682.57,2725.37,2320.58,2343.23,261762.40907,2024-08-08
1723161600000,2599.08,2708.35,2552.67,2682.57,157171.54597,2024-08-09
1723248000000,2610.06,2645.0,2575.88,2599.08,93938.59402,2024-08-10
1723334400000,2555.45,2719.9,2539.35,2610.06,128207.60964,2024-08-11
1723420800000,2722.59,2750.7,2509.6,2555.45,190300.39146,2024-08-12
1723507200000,2702.38,2738.91,2610.31,2722.59,181098.6481,2024-08-13
1723593600000,2661.12,2784.78,2631.91,2702.38,161255.2294,2024-08-14
1723680000000,2569.98,2675.66,2515.14,2661.12,176856.78525,2024-08-15
1723766400000,2592.92,2631.18,2550.69,2569.98,137965.31433,2024-08-16
1723852800000,2614.33,2628.64,2587.31,2592.92,66751.38271,2024-08-17
1723939200000,2612.24,2687.64,2594.59,2614.33,103719.58686,2024-08-18
1724025600000,2636.4,2648.55,2563.42,2612.24,147352.2464,2024-08-19
1724112000000,2572.68,2695.84,2554.3,2636.4,157673.63771,2024-08-20
1724198400000,2630.71,2664.07,2535.19,2572.68,159322.24401,2024-08-21
1724284800000,2623.21,2644.94,2583.87,2630.71,139475.70755,2024-08-22
1724371200000,2762.7,2800.0,2621.26,2623.21,189519.70127,2024-08-23
1724457600000,2767.8,2819.69,2732.43,2762.7,133927.6717,2024-08-24
1724544000000,2745.9,2792.37,2733.35,2767.8,108926.1711,2024-08-25
1724630400000,2680.42,2761.99,2666.76,2745.9,145953.97592,2024-08-26
1724716800000,2457.39,2700.3,2391.38,2680.42,225941.22376,2024-08-27
1724803200000,2528.55,2554.84,2418.5,2457.39,235475.27769,2024-08-28
1724889600000,2527.42,2595.72,2505.67,2528.55,154456.99421,2024-08-29
1724976000000,2526.18,2552.98,2430.82,2527.42,181726.23894,2024-08-30
1725062400000,2513.1,2534.06,2492.04,2526.18,80474.34523,2024-08-31
1725148800000,2425.79,2516.24,2398.38,2513.1,124107.56766,2024-09-01
1725235200000,2538.09,2565.06,2423.37,2425.79,151483.29589,2024-09-02
1725321600000,2425.08,2553.75,2412.35,2538.09,134290.09325,2024-09-03
1725408000000,2450.48,2490.17,2305.0,2425.08,239802.99824,2024-09-04
1725494400000,2368.64,2466.17,2347.72,2450.48,157709.96541,2024-09-05
1725580800000,2225.18,2409.13,2150.0,2368.64,382689.10704,2024-09-06
1725667200000,2273.45,2311.51,2221.86,2225.18,143389.82675,2024-09-07
1725753600000,2297.77,2334.05,2240.51,2273.45,167070.98851,2024-09-08
1725840000000,2359.25,2382.3,2272.87,2297.77,234763.61727,2024-09-09
1725926400000,2388.84,2400.0,2320.14,2359.25,171740.93409,2024-09-10
1726012800000,2340.6,2389.73,2277.29,2388.84,224087.10269,2024-09-11
1726099200000,2361.97,2392.6,2315.39,2340.6,171935.25342,2024-09-12
1726185600000,2439.63,2465.88,2337.43,2361.97,180368.13026,2024-09-13
1726272000000,2418.0,2441.07,2375.58,2439.63,116473.49165,2024-09-14
1726358400000,2316.13,2430.85,2282.85,2418.0,132749.89044,2024-09-15
1726444800000,2295.76,2336.18,2252.21,2316.13,194388.18738,2024-09-16
1726531200000,2341.61,2393.93,2263.16,2295.76,167376.98051,2024-09-17
1726617600000,2375.05,2376.27,2277.0,2341.61,205209.65497,2024-09-18
1726704000000,2465.53,2495.29,2372.48,2375.05,213247.35974,2024-09-19
1726790400000,2561.6,2571.97,2437.45,2465.53,191160.82663,2024-09-20
1726876800000,2612.41,2623.2,2528.86,2561.6,127241.83048,2024-09-21
1726963200000,2581.22,2632.77,2524.53,2612.41,145312.61303,2024-09-22
1727049600000,2647.26,2703.79,2539.11,2581.22,212617.38637,2024-09-23
1727136000000,2653.49,2671.6,2591.68,2647.26,202552.40209,2024-09-24
1727222400000,2580.11,2674.47,2554.69,2653.49,194947.21248,2024-09-25
1727308800000,2632.22,2666.77,2559.25,2580.11,227720.80752,2024-09-26
1727395200000,2694.96,2728.58,2615.18,2632.22,171164.85969,2024-09-27
1727481600000,2675.46,2704.79,2649.39,2694.96,102913.64129,2024-09-28
1727568000000,2657.59,2683.78,2634.23,2675.46,85778.26,2024-09-29
1727654400000,2602.0,2663.46,2574.16,2657.59,184507.0261,2024-09-30
1727740800000,2447.95,2659.31,2413.15,2602.0,376729.77293,2024-10-01
1727827200000,2364.01,2499.82,2351.53,2447.95,242498.88477,2024-10-02
1727913600000,2349.91,2403.5,2309.75,2364.01,242598.38255,2024-10-03
1728000000000,2414.67,2441.82,2339.15,2349.91,178050.43782,2024-10-04
1728086400000,2414.54,2428.69,2389.83,2414.67,106665.69595,2024-10-05
1728172800000,2439.95,2458.32,2407.0,2414.54,89671.46725,2024-10-06
1728259200000,2422.75,2521.57,2402.8,2439.95,215272.47473,2024-10-07
1728345600000,2440.79,2466.89,2400.71,2422.75,142339.21836,2024-10-08
1728432000000,2370.34,2473.59,2350.7,2440.79,166891.71592,2024-10-09
1728518400000,2386.33,2421.45,2330.95,2370.34,188114.31579,2024-10-10
1728604800000,2439.6,2472.16,2382.21,2386.33,164248.46012,2024-10-11
1728691200000,2476.33,2490.78,2434.25,2439.6,99241.53182,2024-10-12
1728777600000,2468.96,2485.2,2436.36,2476.33,100686.94434,2024-10-13
1728864000000,2629.55,2654.07,2443.34,2468.96,227987.92799,2024-10-14
1728950400000,2606.95,2689.88,2536.97,2629.55,275213.14614,2024-10-15
1729036800000,2611.24,2647.6,2588.81,2606.95,187891.72851,2024-10-16
1729123200000,2605.7,2648.05,2575.0,2611.24,169003.09689,2024-10-17
1729209600000,2642.37,2676.13,2596.49,2605.7,181847.32737,2024-10-18
1729296000000,2648.58,2663.66,2630.81,2642.37,106146.5156,2024-10-19
1729382400000,2747.05,2760.0,2635.56,2648.58,160436.27601,2024-10-20
1729468800000,2666.7,2769.92,2655.24,2747.05,198717.03795,2024-10-21
1729555200000,2622.87,2671.6,2606.44,2666.7,188112.97918,2024-10-22
1729641600000,2524.66,2628.35,2447.94,2622.87,202175.57876,2024-10-23
1729728000000,2535.83,2562.4,2506.92,2524.66,198412.72376,2024-10-24
1729814400000,2440.76,2566.44,2382.24,2535.83,263696.21319,2024-10-25
1729900800000,2482.76,2508.11,2429.84,2440.76,161894.47017,2024-10-26
1729987200000,2507.9,2527.99,2464.0,2482.76,169463.10254,2024-10-27
1730073600000,2567.32,2590.79,2471.26,2507.9,275969.89583,2024-10-28
1730160000000,2638.81,2682.31,2561.09,2567.32,202330.46248,2024-10-29
1730246400000,2659.09,2722.65,2599.39,2638.81,259935.4772,2024-10-30
1730332800000,2518.44,2669.1,2502.49,2659.09,190906.33754,2024-10-31
1730419200000,2511.57,2586.69,2467.0,2518.44,166190.57353,2024-11-01
1730505600000,2494.1,2523.49,2470.0,2511.57,67858.65108,2024-11-02
1730592000000,2457.67,2496.48,2410.68,2494.1,127490.20846,2024-11-03
1730678400000,2398.31,2491.44,2357.48,2457.67,180896.83531,2024-11-04
1730764800000,2422.7,2480.43,2380.56,2398.31,195877.58138,2024-11-05
1730851200000,2721.9,2745.17,2420.22,2422.7,357278.84528,2024-11-06
1730937600000,2895.66,2916.21,2699.36,2721.9,258562.84864,2024-11-07
1731024000000,2962.2,2982.23,2886.78,2895.66,180570.58907,2024-11-08
1731110400000,3126.22,3157.97,2954.73,2962.2,194377.62001,2024-11-09
1731196800000,3183.42,3249.09,3069.05,3126.22,259492.93542,2024-11-10
1731283200000,3371.19,3388.77,3104.57,3183.42,317318.66019,2024-11-11
1731369600000,3243.88,3443.88,3208.47,3371.19,332216.79055,2024-11-12
1731456000000,3187.17,3331.48,3116.04,3243.88,375996.61043,2024-11-13
1731542400000,3059.09,3240.17,3028.52,3187.17,256523.98513,2024-11-14
1731628800000,3089.5,3131.49,3014.01,3059.09,210068.57405,2024-11-15
1731715200000,3132.84,3220.02,3071.25,3089.5,161108.76374,2024-11-16
1731801600000,3075.88,3161.88,3034.12,3132.84,196491.20069,2024-11-17
1731888000000,3207.7,3224.69,3050.22,3075.88,197967.64295,2024-11-18
1731974400000,3107.33,3221.77,3065.16,3207.7,167780.99011,2024-11-19
1732060800000,3070.02,3159.53,3029.3,3107.33,181977.6968,2024-11-20
1732147200000,3356.14,3388.45,3032.51,3070.02,296235.04024,2024-11-21
1732233600000,3327.82,3426.31,3257.65,3356.14,218016.86327,2024-11-22
1732320000000,3394.01,3496.03,3312.4,3327.82,238504.13361,2024-11-23
1732406400000,3360.69,3449.7,3281.76,3394.01,166880.75064,2024-11-24
1732492800000,3414.23,3547.25,3300.0,3360.69,317281.42839,2024-11-25
1732579200000,3324.75,3462.43,3252.0,3414.23,259598.93476,2024-11-26
1732665600000,3653.12,3685.0,3302.0,3324.75,266173.95248,2024-11-27
1732752000000,3578.97,3661.54,3529.33,3653.12,191658.90304,2024-11-28
1732838400000,3591.62,3645.27,3534.26,3578.97,178969.01915,2024-11-29
1732924800000,3703.83,3739.0,3568.0,3591.62,170484.4853,2024-11-30
1733011200000,3706.65,3746.71,3658.55,3703.83,158642.22665,2024-12-01
1733097600000,3643.4,3760.7,3554.46,3706.65,222452.98228,2024-12-02
1733184000000,3614.85,3670.91,3501.25,3643.4,262727.88632,2024-12-03
1733270400000,3837.56,3887.27,3614.29,3614.85,351129.81399,2024-12-04
1733356800000,3784.94,3956.79,3661.02,3837.56,460102.48948,2024-12-05
1733443200000,3998.96,4087.75,3777.29,3784.94,392949.63146,2024-12-06
1733529600000,3996.53,4024.59,3967.48,3998.96,133079.07231,2024-12-07
1733616000000,4004.57,4016.13,3923.5,3996.53,127789.89644,2024-12-08
1733702400000,3711.75,4006.51,3453.99,4004.57,407810.65264,2024-12-09
1733788800000,3628.25,3781.07,3515.6,3711.75,434600.84083,2024-12-10
1733875200000,3832.15,3848.89,3562.11,3628.25,206835.26029,2024-12-11
1733961600000,3881.75,4000.0,3796.79,3832.15,338112.2985,2024-12-12
1734048000000,3906.88,3969.05,3852.79,3881.75,248129.80073,2024-12-13
1734134400000,3870.11,3945.51,3824.95,3906.88,187570.03812,2024-12-14
1734220800000,3960.25,3976.18,3830.61,3870.11,159759.97593,2024-12-15
1734307200000,3986.65,4108.86,3883.7,3960.25,320017.22362,2024-12-16
1734393600000,3892.99,4042.31,3847.09,3986.65,267565.09089,2024-12-17
1734480000000,3626.76,3908.0,3617.25,3892.99,415778.25661,2024-12-18
1734566400000,3417.08,3720.63,3323.0,3626.76,544657.73177,2024-12-19
1734652800000,3472.2,3497.92,3101.69,3417.08,527302.97366,2024-12-20
1734739200000,3339.22,3555.9,3292.89,3472.2,252332.53565,2024-12-21
1734825600000,3282.28,3403.39,3220.01,3339.22,197371.02864,2024-12-22
1734912000000,3422.5,3467.49,3216.12,3282.28,295348.43377,2024-12-23
1734998400000,3493.66,3541.0,3358.13,3422.5,178003.35338,2024-12-24
1735084800000,3497.18,3548.16,3440.9,3493.66,147861.91202,2024-12-25
1735171200000,3334.99,3515.73,3304.17,3497.18,199018.7095,2024-12-26
1735257600000,3333.54,3444.57,3306.63,3334.99,177357.47596,2024-12-27
1735344000000,3404.39,3428.95,3322.12,3333.54,98622.05885,2024-12-28
1735430400000,3356.55,3414.15,3325.88,3404.39,89779.83245,2024-12-29
1735516800000,3361.76,3437.79,3304.03,3356.55,194639.47837,2024-12-30
1735603200000,3337.43,3452.03,3315.8,3361.76,152092.08429,2024-12-31
1735689600000,3360.54,3375.39,3312.72,3337.43,102339.77359,2025-01-01
1735776000000,3455.79,3511.76,3354.64,3360.54,208233.96534,2025-01-02
1735862400000,3609.58,3631.15,3422.93,3455.79,184648.1227,2025-01-03
1735948800000,3657.26,3672.0,3571.74,3609.58,133238.77507,2025-01-04
1736035200000,3636.25,3676.15,3593.83,3657.26,106945.95403,2025-01-05
1736121600000,3687.15,3745.7,3610.18,3636.25,228108.83603,2025-01-06
1736208000000,3381.23,3701.48,3356.3,3687.15,332801.33839,2025-01-07
1736294400000,3327.33,3415.22,3208.01,3381.23,392053.59765,2025-01-08
1736380800000,3219.08,3357.71,3157.47,3327.33,348690.13418,2025-01-09
1736467200000,3267.1,3322.88,3194.81,3219.08,327356.89983,2025-01-10
1736553600000,3283.57,3320.87,3218.89,3267.1,169456.12789,2025-01-11
1736640000000,3267.72,3300.75,3224.48,3283.57,150470.26476,2025-01-12
1736726400000,3137.69,3339.0,2911.85,3267.72,512363.5387,2025-01-13
1736812800000,3225.77,3257.14,3126.05,3137.69,351649.45204,2025-01-14
1736899200000,3451.59,3474.34,3186.43,3225.77,341594.29381,2025-01-15
1736985600000,3308.09,3460.7,3264.99,3451.59,230042.51448,2025-01-16
1737072000000,3474.08,3526.71,3307.53,3308.09,282083.94659,2025-01-17
1737158400000,3307.56,3494.88,3227.21,3474.08,340283.25302,2025-01-18
1737244800000,3215.36,3449.82,3130.43,3307.56,638682.16993,2025-01-19
1737331200000,3284.0,3456.64,3142.89,3215.36,692543.40373,2025-01-20
1737417600000,3327.32,3368.57,3203.94,3284.0,277484.34933,2025-01-21
1737504000000,3243.16,3367.03,3222.22,3327.32,201952.15555,2025-01-22
1737590400000,3339.0,3348.99,3184.21,3243.16,306812.64505,2025-01-23
1737676800000,3310.32,3429.9,3275.4,3339.0,237133.16684,2025-01-24
1737763200000,3319.28,3350.88,3268.81,3310.32,139088.38139,2025-01-25
1737849600000,3232.41,3361.97,3229.33,3319.28,135406.34812,2025-01-26
1737936000000,3182.58,3254.28,3020.54,3232.41,351304.97988,2025-01-27
1738022400000,3077.48,3223.6,3039.74,3182.58,211043.70193,2025-01-28
1738108800000,3113.27,3183.18,3054.13,3077.48,274356.97749,2025-01-29
1738195200000,3247.48,3284.15,3091.06,3113.27,271503.56537,2025-01-30
1738281600000,3301.15,3438.0,3213.55,3247.48,250436.24834,2025-01-31
1738368000000,3116.87,3332.19,3101.01,3301.15,297132.61828,2025-02-01
1738454400000,2870.04,3162.84,2745.01,3116.87,649809.67105,2025-02-02
1738540800000,2879.85,2921.4,2098.82,2870.04,2316664.29405,2025-02-03
1738627200000,2731.52,2888.7,2632.74,2879.85,784836.63585,2025-02-04
1738713600000,2788.27,2827.36,2698.65,2731.52,550072.62995,2025-02-05
1738800000000,2687.06,2858.1,2655.2,2788.27,482971.19717,2025-02-06
1738886400000,2622.19,2799.46,2562.32,2687.06,470275.52101,2025-02-07
1738972800000,2632.73,2667.73,2588.62,2622.19,272188.39358,2025-02-08
1739059200000,2627.58,2699.62,2520.7,2632.73,312399.29362,2025-02-09
1739145600000,2661.24,2694.09,2559.59,2627.58,328341.25448,2025-02-10
1739232000000,2602.69,2725.82,2559.0,2661.24,406956.07171,2025-02-11
1739318400000,2738.86,2795.92,2547.05,2602.69,489776.18255,2025-02-12
1739404800000,2676.02,2757.84,2613.06,2738.86,324076.29332,2025-02-13
1739491200000,2726.09,2792.33,2664.33,2676.02,346036.18387,2025-02-14
1739577600000,2693.25,2739.13,2661.0,2726.09,195257.50513,2025-02-15
1739664000000,2661.36,2726.86,2651.71,2693.25,186223.02035,2025-02-16
1739750400000,2744.3,2849.67,2637.46,2661.36,321657.70513,2025-02-17
1739836800000,2672.25,2757.25,2605.32,2744.3,342146.1991,2025-02-18
1739923200000,2715.46,2737.09,2656.04,2672.25,280504.9774,2025-02-19
1740009600000,2738.4,2770.88,2706.35,2715.46,292409.37257,2025-02-20
1740096000000,2656.26,2846.0,2600.0,2738.4,441025.28534,2025-02-21
1740182400000,2763.25,2798.88,2647.65,2656.26,111731.67776,2025-02-22
1740268800000,2819.51,2855.42,2744.44,2763.25,87115.36898,2025-02-23
1740355200000,2512.77,2839.36,2467.3,2819.51,119550.86755,2025-02-24
1740441600000,2495.59,2534.1,2314.8,2512.77,201887.22423,2025-02-25
1740528000000,2335.83,2507.91,2251.91,2495.59,204236.69101,2025-02-26
1740614400000,2307.68,2382.08,2230.6,2335.83,115991.41019,2025-02-27
1740700800000,2237.44,2313.95,2074.46,2307.68,252000.55046,2025-02-28
1740787200000,2217.56,2281.15,2142.9,2237.44,68851.43404,2025-03-01
1740873600000,2518.82,2552.64,2172.98,2217.56,230131.44282,2025-03-02
1740960000000,2148.59,2524.49,2096.15,2518.82,229871.47566,2025-03-03
1741046400000,2171.55,2222.71,1990.3,2148.59,223127.78973,2025-03-04
1741132800000,2241.45,2273.62,2155.16,2171.55,101864.29153,2025-03-05
1741219200000,2202.14,2320.45,2176.66,2241.45,117198.48619,2025-03-06
1741305600000,2141.55,2258.4,2102.35,2202.14,141067.09666,2025-03-07
1741392000000,2203.65,2234.85,2105.26,2141.55,62425.86368,2025-03-08
1741478400000,2020.06,2212.09,1989.05,2203.65,95979.14734,2025-03-09
1741564800000,1864.96,2153.0,1809.72,2020.06,193376.64742,2025-03-10
1741651200000,1923.56,1963.26,1753.98,1864.96,202991.46475,2025-03-11
1741737600000,1908.5,1956.72,1829.51,1923.56,151859.71139,2025-03-12
1741824000000,1864.9,1923.59,1821.84,1908.5,95467.69769,2025-03-13
1741910400000,1911.65,1946.0,1861.46,1864.9,68975.07659,2025-03-14
1741996800000,1937.43,1957.6,1903.84,1911.65,45391.94851,2025-03-15
1742083200000,1887.06,1941.0,1860.89,1937.43,57010.73241,2025-03-16
1742169600000,1926.42,1952.62,1880.0,1887.06,70983.0308,2025-03-17
1742256000000,1931.76,1936.19,1872.4,1926.42,66301.16967,2025-03-18
1742342400000,2056.33,2069.99,1928.01,1931.76,146643.019,2025-03-19
1742428800000,1983.9,2067.86,1952.21,2056.33,127206.88659,2025-03-20
1742515200000,1965.96,1996.54,1936.89,1983.9,98537.45628,2025-03-21
1742601600000,1980.66,2006.74,1964.65,1965.96,54240.02455,2025-03-22
1742688000000,2005.94,2020.76,1976.81,1980.66,65882.85223,2025-03-23
1742774400000,2081.15,2104.72,1977.78,2005.94,157014.09261,2025-03-24
1742860800000,2066.2,2097.74,2036.83,2081.15,118807.74927,2025-03-25
1742947200000,2009.55,2078.72,1981.25,2066.2,115094.26875,2025-03-26
1743033600000,2003.81,2037.47,1986.97,2009.55,77019.79979,2025-03-27
1743120000000,1897.06,2016.0,1857.57,2003.81,130780.4527,2025-03-28
1743206400000,1828.08,1913.92,1797.56,1897.06,113270.751,2025-03-29
1743292800000,1808.11,1849.19,1767.39,1828.08,97921.15884,2025-03-30
1743379200000,1822.47,1854.18,1776.83,1808.11,115706.11167,2025-03-31
1743465600000,1905.21,1927.94,1818.01,1822.47,140225.46287,2025-04-01
1743552000000,1795.17,1956.82,1781.56,1905.21,209696.76531,2025-04-02
1743638400000,1817.2,1845.21,1749.2,1795.17,114277.63691,2025-04-03
1743724800000,1816.8,1835.87,1758.65,1817.2,117661.51894,2025-04-04
1743811200000,1805.87,1827.37,1764.32,1816.8,45998.82353,2025-04-05
1743897600000,1580.82,1817.17,1537.0,1805.87,186997.56837,2025-04-06
1743984000000,1553.31,1639.46,1412.03,1580.82,391157.68745,2025-04-07
1744070400000,1473.5,1618.88,1446.0,1553.31,163860.5859,2025-04-08
1744156800000,1669.51,1689.0,1384.84,1473.5,336015.32535,2025-04-09
