start_time,datetime,inflow_mean,inflow_mean_ma7,inflow_top10,inflow_total
1740715200000,2025-02-28 04:00:00,2.06421378,1.04440815,3823.88316828,4551.59138652
1740718800000,2025-02-28 05:00:00,0.59847743,0.97294596,1276.79149506,1432.75496843
1740722400000,2025-02-28 06:00:00,1.13819733,1.0725985,2242.83084574,3077.68556842
1740726000000,2025-02-28 07:00:00,0.65798848,1.10768341,694.5541964,716.54945908
1740729600000,2025-02-28 08:00:00,1.22144511,1.17030109,3645.34373751,4171.23506377
1740733200000,2025-02-28 09:00:00,1.22926616,1.14608273,2934.2319062,3228.0529295
1740736800000,2025-02-28 10:00:00,1.89536427,1.25785037,4315.32924946,5174.34446793
1740740400000,2025-02-28 11:00:00,1.33741027,1.15402129,3968.17729455,4101.83729554
1740744000000,2025-02-28 12:00:00,0.84542197,1.18929908,2017.79525808,2268.26715759
1740747600000,2025-02-28 13:00:00,0.40244355,1.0841914,721.1628661,771.88672436
1740751200000,2025-02-28 14:00:00,1.17917187,1.15864617,2549.94243738,2601.2531403
1740754800000,2025-02-28 15:00:00,1.24819544,1.16246765,4487.78472645,5634.35421556
1740758400000,2025-02-28 16:00:00,1.11126326,1.14561009,2948.04077586,3528.26085865
1740762000000,2025-02-28 17:00:00,0.92072634,1.0063761,3088.59754569,3311.85262704
1740765600000,2025-02-28 18:00:00,0.78891185,0.92801918,1762.20461846,1936.77858043
1740769200000,2025-02-28 19:00:00,0.84011593,0.92726118,2850.57127483,2983.25165697
1740772800000,2025-02-28 20:00:00,1.23477671,1.04616591,3958.60990025,4166.13662346
1740776400000,2025-02-28 21:00:00,0.32197308,0.92370894,563.78596486,585.99100597
1740780000000,2025-02-28 22:00:00,1.74825187,0.99514558,4781.3170868,4856.64370469
1740783600000,2025-02-28 23:00:00,0.32249088,0.88246381,527.14520333,544.36460102
1740787200000,2025-03-01 00:00:00,0.49741806,0.8219912,642.57889462,656.09441649
1740790800000,2025-03-01 01:00:00,0.33356856,0.75694216,768.37136555,943.99902339
1740794400000,2025-03-01 02:00:00,0.87667086,0.76216429,1664.97447301,1709.50818144
1740798000000,2025-03-01 03:00:00,0.9519389,0.72175889,2025.18162417,2059.9957853
1740801600000,2025-03-01 04:00:00,0.61458833,0.76356107,621.48529133,635.48433466
1740805200000,2025-03-01 05:00:00,0.55703455,0.59338716,1347.98004685,1398.71376206
1740808800000,2025-03-01 06:00:00,0.33110289,0.59461745,375.13451653,392.35692348
1740812400000,2025-03-01 07:00:00,0.94757918,0.65892618,2390.50394541,2431.4881674
1740816000000,2025-03-01 08:00:00,0.62835586,0.70103865,996.63242707,1011.02458173
1740819600000,2025-03-01 09:00:00,0.63404542,0.66637788,539.62973407,544.01097343
1740823200000,2025-03-01 10:00:00,0.26791825,0.56866064,496.30430194,599.06520843
1740826800000,2025-03-01 11:00:00,0.88618631,0.60746035,1678.32998479,1699.70534356
1740830400000,2025-03-01 12:00:00,1.31710344,0.71604162,2501.57353771,2565.71749559
1740834000000,2025-03-01 13:00:00,0.31376043,0.71356413,744.78765613,781.26347257
1740837600000,2025-03-01 14:00:00,0.3600243,0.62962772,948.87929674,986.46658274
1740841200000,2025-03-01 15:00:00,0.36411186,0.59187857,561.37890407,575.29674632
1740844800000,2025-03-01 16:00:00,0.6702939,0.59705693,1987.67639704,2026.96876752
1740848400000,2025-03-01 17:00:00,0.34048641,0.60742381,1050.49207529,1082.74678656
1740852000000,2025-03-01 18:00:00,0.92128007,0.6124372,2312.23950917,2352.02802375
1740855600000,2025-03-01 19:00:00,0.26321039,0.46188105,680.66646869,703.82459298
1740859200000,2025-03-01 20:00:00,0.60732316,0.50381858,1158.59365296,1175.17031911
1740862800000,2025-03-01 21:00:00,0.51640415,0.52615856,1287.87567111,1309.60093561
1740866400000,2025-03-01 22:00:00,0.58665146,0.55794993,1389.61287423,1416.17663624
1740870000000,2025-03-01 23:00:00,0.52502779,0.53719763,935.88658784,949.77527387
1740873600000,2025-03-02 00:00:00,0.53177955,0.56452522,812.66997467,824.25830809
1740877200000,2025-03-02 01:00:00,0.77417738,0.54351055,1327.11055113,1345.52028755
1740880800000,2025-03-02 02:00:00,0.62020749,0.59451014,1239.7093824,1281.34866585
1740884400000,2025-03-02 03:00:00,0.70772697,0.60885354,979.00840243,992.23321189
1740888000000,2025-03-02 04:00:00,0.44686925,0.59891998,547.35208483,558.13969712
1740891600000,2025-03-02 05:00:00,0.36645459,0.56746329,517.25827973,536.85596746
1740895200000,2025-03-02 06:00:00,0.9771947,0.63205856,1170.82015718,1179.47400457
1740898800000,2025-03-02 07:00:00,0.44598141,0.61980168,474.45246997,479.87600204
1740902400000,2025-03-02 08:00:00,0.25037921,0.54497337,546.33872914,566.8585287
1740906000000,2025-03-02 09:00:00,0.36361102,0.50831674,570.90571034,581.05041542
1740909600000,2025-03-02 10:00:00,0.75256142,0.51472166,950.89212016,957.25812674
1740913200000,2025-03-02 11:00:00,0.64218012,0.54262321,692.53748076,698.04979214
1740916800000,2025-03-02 12:00:00,0.14122007,0.51044685,250.79483329,265.07007471
1740920400000,2025-03-02 13:00:00,0.53896546,0.44784267,1208.9511647,1227.22434943
1740924000000,2025-03-02 14:00:00,0.47700548,0.45227468,848.55317554,870.05799951
1740927600000,2025-03-02 15:00:00,0.45659703,0.48173437,451.11874851,457.5102281
1740931200000,2025-03-02 16:00:00,0.94788268,0.56520175,3187.6776441,3694.84670452
1740934800000,2025-03-02 17:00:00,0.88658633,0.58434817,2985.29392961,3620.81855615
1740938400000,2025-03-02 18:00:00,1.63343968,0.72595668,3644.86391344,4181.60558033
1740942000000,2025-03-02 19:00:00,0.46047762,0.7715649,1106.06070195,1189.87416774
1740945600000,2025-03-02 20:00:00,0.51728785,0.7684681,1280.66268297,1374.95111357
1740949200000,2025-03-02 21:00:00,0.46117494,0.76620659,1126.62150747,1217.50184665
1740952800000,2025-03-02 22:00:00,0.84440991,0.82160843,2256.31550221,2409.10145995
1740956400000,2025-03-02 23:00:00,0.84386227,0.80674837,626.5210485,675.93368106
1740960000000,2025-03-03 00:00:00,0.7373349,0.78542674,2053.38513386,2157.44192045
1740963600000,2025-03-03 01:00:00,0.41934906,0.61198522,716.66290222,751.47352154
1740967200000,2025-03-03 02:00:00,0.8650385,0.66977963,1037.70706532,1055.34696434
1740970800000,2025-03-03 03:00:00,0.64175498,0.68756065,1460.90398976,1606.31271321
1740974400000,2025-03-03 04:00:00,0.76908032,0.73154713,1208.69288688,1319.74183034
1740978000000,2025-03-03 05:00:00,0.59816506,0.6963693,761.47270924,782.39990454
1740981600000,2025-03-03 06:00:00,0.60076153,0.66164062,1181.82214384,1229.75885785
1740985200000,2025-03-03 07:00:00,0.84928276,0.67763317,1789.26586258,1848.03929325
1740988800000,2025-03-03 08:00:00,0.95258926,0.75381034,1633.12128932,1698.46664516
1740992400000,2025-03-03 09:00:00,0.6381253,0.72139417,340.99793141,343.94953584
1740996000000,2025-03-03 10:00:00,0.66073834,0.72410608,2346.56611314,2484.3761407
1740999600000,2025-03-03 11:00:00,1.89015631,0.88425979,3869.80282555,3940.97590891
1741003200000,2025-03-03 12:00:00,3.39499417,1.28380681,6132.18171596,6402.95900105
1741006800000,2025-03-03 13:00:00,0.38456054,1.25292095,868.07913749,931.40562786
1741010400000,2025-03-03 14:00:00,1.16125439,1.29748833,2310.06299724,2373.60396387
1741014000000,2025-03-03 15:00:00,0.87437339,1.28631463,3189.70509626,3485.25232403
1741017600000,2025-03-03 16:00:00,1.49910118,1.40931119,3808.39879149,3980.11364037
1741021200000,2025-03-03 17:00:00,0.94867065,1.45044438,1760.28474019,1789.19284615
1741024800000,2025-03-03 18:00:00,1.94785873,1.45868758,7682.37065996,8171.26738357
1741028400000,2025-03-03 19:00:00,0.28690817,1.01467529,849.26797612,949.0922266
1741032000000,2025-03-03 20:00:00,0.57607137,1.04203398,1306.69342887,1364.13699707
1741035600000,2025-03-03 21:00:00,1.14452041,1.03964341,3328.04681401,3538.8571051
1741039200000,2025-03-03 22:00:00,1.08262157,1.06939315,2683.71463563,2853.79046689
1741042800000,2025-03-03 23:00:00,0.53799423,0.93209216,600.15021527,613.31342421
1741046400000,2025-03-04 00:00:00,0.30832821,0.84061467,592.82753937,618.19807095
1741050000000,2025-03-04 01:00:00,0.74564413,0.66886973,1506.12862411,1557.65059324
1741053600000,2025-03-04 02:00:00,0.78452454,0.73995778,1617.2157108,1731.4456542
1741057200000,2025-03-04 03:00:00,0.36330972,0.70956326,632.41690809,680.47909679
1741060800000,2025-03-04 04:00:00,1.29970459,0.73173243,2071.52723045,2712.48348285
1741064400000,2025-03-04 05:00:00,0.53071161,0.65288815,607.40330615,618.80974159
1741068000000,2025-03-04 06:00:00,0.62836804,0.66579869,1037.09973403,1074.50934953
1741071600000,2025-03-04 07:00:00,0.7375777,0.72712005,665.14739615,677.83390992
1741075200000,2025-03-04 08:00:00,0.56980238,0.7019998,1401.20287012,1517.3837494
1741078800000,2025-03-04 09:00:00,0.59995513,0.67563274,1221.7814665,1261.70564553
1741082400000,2025-03-04 10:00:00,1.51013567,0.83946502,2639.6134819,2701.63271759
1741086000000,2025-03-04 11:00:00,2.03302523,0.94422511,2509.73425228,2520.95128112
1741089600000,2025-03-04 12:00:00,0.5108921,0.94139375,1284.02739681,1397.28989167
1741093200000,2025-03-04 13:00:00,0.73747639,0.95698066,1844.26915531,1939.56291623
1741096800000,2025-03-04 14:00:00,2.38308998,1.19205384,5841.67273954,6019.68528774
1741100400000,2025-03-04 15:00:00,0.6036546,1.19688987,1047.42477136,1136.68160877
1741104000000,2025-03-04 16:00:00,0.65006263,1.20404809,1915.11895552,2002.84295332
1741107600000,2025-03-04 17:00:00,2.14583875,1.29486281,6228.95734247,6761.53790472
1741111200000,2025-03-04 18:00:00,0.73181568,1.10897573,1983.81551753,2136.90178256
1741114800000,2025-03-04 19:00:00,1.10762503,1.19422329,3086.54959595,3377.14872554
1741118400000,2025-03-04 20:00:00,0.4275771,1.14995197,270.19425392,277.06995882
1741122000000,2025-03-04 21:00:00,0.47551724,0.87744158,1314.99075183,1394.69207363
1741125600000,2025-03-04 22:00:00,0.94057366,0.92557287,3077.1666577,3249.68200471
1741129200000,2025-03-04 23:00:00,0.39819016,0.88959109,825.78293552,856.90523155
1741132800000,2025-03-05 00:00:00,0.50135227,0.65466445,778.33348004,797.65146333
1741136400000,2025-03-05 01:00:00,0.49683276,0.62109546,826.20750677,854.55234115
1741140000000,2025-03-05 02:00:00,0.56323382,0.54332529,957.68395187,991.8547508
1741143600000,2025-03-05 03:00:00,0.27902842,0.52210405,404.74376165,424.40222222
1741147200000,2025-03-05 04:00:00,0.58466939,0.53769721,928.40125267,956.51911584
1741150800000,2025-03-05 05:00:00,0.25665393,0.43999439,402.18039266,429.89533692
1741154400000,2025-03-05 06:00:00,0.94589166,0.51823746,1010.67879236,1035.75136308
1741158000000,2025-03-05 07:00:00,0.30709375,0.49048625,534.4846365,561.98155716
1741161600000,2025-03-05 08:00:00,0.61007165,0.50666323,1094.84602717,1149.98505899
1741165200000,2025-03-05 09:00:00,0.38292215,0.48090442,437.2953886,448.40184216
1741168800000,2025-03-05 10:00:00,1.12031904,0.6010888,2269.80721972,2313.45881999
1741172400000,2025-03-05 11:00:00,0.60100753,0.60342282,853.01616653,875.66796712
1741176000000,2025-03-05 12:00:00,0.63055301,0.65683697,1318.77740459,1361.36395656
1741179600000,2025-03-05 13:00:00,0.37235745,0.57490351,702.00537109,761.84334702
1741183200000,2025-03-05 14:00:00,1.32424032,0.72021016,2625.720158,2778.25618784
1741186800000,2025-03-05 15:00:00,0.52190373,0.70761475,1369.13582345,1421.14384503
1741190400000,2025-03-05 16:00:00,0.59297789,0.73762271,1263.61200913,1300.99349093
1741194000000,2025-03-05 17:00:00,1.88432637,0.84676661,1905.70627292,1912.59126724
1741197600000,2025-03-05 18:00:00,0.75143502,0.86825626,1532.91203705,1561.48197767
1741201200000,2025-03-05 19:00:00,0.39218963,0.83420434,1064.07555174,1110.28884396
1741204800000,2025-03-05 20:00:00,0.60288788,0.86713726,1401.03548517,1470.4435428
1741208400000,2025-03-05 21:00:00,0.64372678,0.76992104,1662.3710161,1712.31324158
1741212000000,2025-03-05 22:00:00,0.76845217,0.80514225,1243.93334994,1259.49310314
1741215600000,2025-03-05 23:00:00,0.33369898,0.7681024,546.04138325,561.94908341
1741219200000,2025-03-06 00:00:00,0.4293866,0.56025387,814.50381937,835.15694334
1741222800000,2025-03-06 01:00:00,0.35828187,0.50408913,577.82952771,601.9135492
1741226400000,2025-03-06 02:00:00,0.63788699,0.53918875,941.14060044,967.03668014
1741230000000,2025-03-06 03:00:00,0.33569287,0.50101804,409.5553897,430.35826066
1741233600000,2025-03-06 04:00:00,0.99169692,0.55072806,1149.21375105,1207.88685448
1741237200000,2025-03-06 05:00:00,0.248201,0.47640646,332.46423463,359.64324632
1741240800000,2025-03-06 06:00:00,0.59118756,0.51319054,988.05918892,1027.48397577
1741244400000,2025-03-06 07:00:00,0.55724986,0.53145672,1032.37324936,1084.96546943
1741248000000,2025-03-06 08:00:00,0.75652246,0.58834824,1370.65613632,1487.32314897
1741251600000,2025-03-06 09:00:00,0.6139866,0.5849339,733.23512493,763.18533838
1741255200000,2025-03-06 10:00:00,1.0853885,0.69203327,2449.38855761,2587.56618634
1741258800000,2025-03-06 11:00:00,0.57558936,0.63258933,1124.48474732,1154.63225907
1741262400000,2025-03-06 12:00:00,0.96341798,0.73476319,1462.6434395,1501.96862913
1741266000000,2025-03-06 13:00:00,0.92894719,0.78301456,2153.83036879,2201.60484736
1741269600000,2025-03-06 14:00:00,0.81800084,0.8202647,1608.02712931,1649.08970332
1741273200000,2025-03-06 15:00:00,0.78667832,0.82457268,2047.01703066,2090.20429947
1741276800000,2025-03-06 16:00:00,0.65839769,0.83091713,1591.39385482,1695.37405232
1741280400000,2025-03-06 17:00:00,0.63667295,0.7668149,1277.52200374,1301.35950104
1741284000000,2025-03-06 18:00:00,0.9663423,0.82263675,2632.78493035,2736.68138183
1741287600000,2025-03-06 19:00:00,0.8025448,0.79965487,1389.30750952,1410.07121664
1741291200000,2025-03-06 20:00:00,0.69639518,0.76643315,1173.03162161,1192.2285487
1741294800000,2025-03-06 21:00:00,0.41617206,0.70902904,1185.6927966,1229.78843657
1741298400000,2025-03-06 22:00:00,0.4964504,0.66756791,926.87707192,960.6315303
1741302000000,2025-03-06 23:00:00,0.19291818,0.60107084,389.25842943,408.02195575
1741305600000,2025-03-07 00:00:00,1.40000664,0.71011851,2501.46613008,2532.61201117
1741309200000,2025-03-07 01:00:00,0.64626081,0.66439258,667.38316926,688.9140212
1741312800000,2025-03-07 02:00:00,0.72763959,0.65369184,1476.51348121,1530.22605965
1741316400000,2025-03-07 03:00:00,0.17324733,0.57895643,110.95801995,116.94194833
1741320000000,2025-03-07 04:00:00,0.74598735,0.6260729,1395.75844475,1517.33827539
1741323600000,2025-03-07 05:00:00,0.41922184,0.61504025,373.7518925,380.23421124
1741327200000,2025-03-07 06:00:00,0.66394763,0.68233017,1125.35063503,1173.19546769
1741330800000,2025-03-07 07:00:00,1.00410663,0.62577303,885.6259957,895.6631144
1741334400000,2025-03-07 08:00:00,0.30189106,0.57657735,388.09966442,396.98674893
1741338000000,2025-03-07 09:00:00,0.35906814,0.52392428,759.30561925,788.51364331
1741341600000,2025-03-07 10:00:00,0.87612082,0.62433478,1858.28216331,2009.8211592
1741345200000,2025-03-07 11:00:00,0.52531594,0.59281029,1048.47201607,1079.52425678
1741348800000,2025-03-07 12:00:00,0.82947934,0.65141851,1471.57944965,1503.84604263
1741352400000,2025-03-07 13:00:00,0.54995767,0.63513423,582.16769745,591.20449867
1741356000000,2025-03-07 14:00:00,0.6700505,0.58741192,2187.23743513,2421.5624998
1741359600000,2025-03-07 15:00:00,1.84717406,0.80816664,4200.5888469,4303.91556523
1741363200000,2025-03-07 16:00:00,1.52809666,0.97517071,3334.04075598,3441.27367345
1741366800000,2025-03-07 17:00:00,0.98580218,0.99083948,2726.95087522,2828.2664623
1741370400000,2025-03-07 18:00:00,1.32865331,1.10560196,2282.25489889,2339.7584823
1741374000000,2025-03-07 19:00:00,0.5071576,1.059556,798.2279046,823.62394367
1741377600000,2025-03-07 20:00:00,0.5876359,1.0649386,1933.54779539,1989.73516211
1741381200000,2025-03-07 21:00:00,0.40422247,1.02696317,688.06128322,709.41043028
1741384800000,2025-03-07 22:00:00,0.69110812,0.86181089,1706.50545819,1740.21025443
1741388400000,2025-03-07 23:00:00,0.59326898,0.72826408,1125.1580652,1143.82260159
1741392000000,2025-03-08 00:00:00,0.19607154,0.61544542,174.8744836,180.77795865
1741395600000,2025-03-08 01:00:00,0.23840538,0.45969571,345.85424415,357.60807371
1741399200000,2025-03-08 02:00:00,0.15147729,0.40888424,188.47182938,197.6778683
1741402800000,2025-03-08 03:00:00,0.275137,0.36424154,479.715089,494.6963283
1741406400000,2025-03-08 04:00:00,0.26151084,0.34385416,139.02699773,141.21585231
1741410000000,2025-03-08 05:00:00,0.29749587,0.28762384,311.98557048,320.10555163
1741413600000,2025-03-08 06:00:00,0.36371184,0.25482997,667.03740456,687.05167117
1741417200000,2025-03-08 07:00:00,2.27549058,0.55188983,654.4959953,655.34128815
1741420800000,2025-03-08 08:00:00,0.26342569,0.55546416,598.31177085,616.15269656
1741424400000,2025-03-08 09:00:00,0.1982024,0.56213917,332.68847373,347.44880614
1741428000000,2025-03-08 10:00:00,0.76381014,0.63194962,1124.02321204,1157.17236318
1741431600000,2025-03-08 11:00:00,0.2476807,0.62997389,297.02037676,303.16117669
1741435200000,2025-03-08 12:00:00,0.67543232,0.68396481,810.60429138,819.97483794
1741438800000,2025-03-08 13:00:00,0.20211577,0.66087966,417.33927937,436.77217062
1741442400000,2025-03-08 14:00:00,0.46493492,0.40222885,895.54045618,912.6672478
1741446000000,2025-03-08 15:00:00,0.14799097,0.38573817,275.17811033,290.5062731
1741449600000,2025-03-08 16:00:00,0.22049868,0.38892336,422.52014023,435.4849014
1741453200000,2025-03-08 17:00:00,0.12466139,0.29761639,287.84287992,303.17649962
1741456800000,2025-03-08 18:00:00,0.14413962,0.28282481,272.56849218,283.52262943
1741460400000,2025-03-08 19:00:00,0.09859196,0.20041904,193.6906856,205.56424052
1741464000000,2025-03-08 20:00:00,0.25182639,0.20752056,315.22488335,321.83412677
1741467600000,2025-03-08 21:00:00,0.20510295,0.17040171,366.04290194,377.59453775
1741471200000,2025-03-08 22:00:00,0.05521769,0.15714838,72.45447424,81.72217764
1741474800000,2025-03-08 23:00:00,0.13006624,0.14422946,182.59499055,192.23790188
1741478400000,2025-03-09 00:00:00,0.29037302,0.16790255,70.37302348,70.85101651
1741482000000,2025-03-09 01:00:00,0.33191375,0.19472743,673.92940004,690.04868664
1741485600000,2025-03-09 02:00:00,0.22657269,0.21301039,290.11497051,299.30252427
1741489200000,2025-03-09 03:00:00,0.2483131,0.21250849,286.94093473,294.49933494
1741492800000,2025-03-09 04:00:00,0.29757146,0.22571828,291.23959066,297.27389139
1741496400000,2025-03-09 05:00:00,0.83802354,0.33754769,822.55984526,827.12923321
1741500000000,2025-03-09 06:00:00,0.17850397,0.34446736,182.34731912,186.53664581
1741503600000,2025-03-09 07:00:00,0.32528039,0.34945413,387.83101946,393.26398841
1741507200000,2025-03-09 08:00:00,0.25176299,0.33800402,347.66934713,354.48228289
1741510800000,2025-03-09 09:00:00,0.2118694,0.33590355,233.67041179,238.98868729
1741514400000,2025-03-09 10:00:00,0.49036529,0.37048243,633.79516376,642.37853392
1741518000000,2025-03-09 11:00:00,0.43985208,0.39080824,242.17708579,244.55775431
1741521600000,2025-03-09 12:00:00,0.27872045,0.3109078,422.49188362,435.64006914
1741525200000,2025-03-09 13:00:00,0.47594759,0.35339974,577.17779052,587.79527354
1741528800000,2025-03-09 14:00:00,0.65390272,0.40034579,1625.73260282,1708.64781582
1741532400000,2025-03-09 15:00:00,0.34218647,0.41326343,761.52815747,797.29447726
1741536000000,2025-03-09 16:00:00,0.84134224,0.50318812,1625.20188072,1677.63641696
1741539600000,2025-03-09 17:00:00,0.20528739,0.46246271,368.60037187,399.89982865
1741543200000,2025-03-09 18:00:00,0.38756881,0.45499367,555.8358963,575.15211849
1741546800000,2025-03-09 19:00:00,0.22964611,0.44798305,470.86542859,507.74754739
1741550400000,2025-03-09 20:00:00,0.85307822,0.50185885,997.67069351,1081.70318098
1741554000000,2025-03-09 21:00:00,0.19598208,0.43644162,369.00492062,395.29584908
1741557600000,2025-03-09 22:00:00,0.45703235,0.45284817,727.94259759,757.7596436
1741561200000,2025-03-09 23:00:00,0.78849007,0.44529786,1160.87542061,1193.77396483
1741564800000,2025-03-10 00:00:00,1.52335056,0.6335926,1936.84477287,2009.29938618
1741568400000,2025-03-10 01:00:00,1.36155662,0.77273372,430.49792703,431.6134475
1741572000000,2025-03-10 02:00:00,0.56892161,0.82120164,955.18014737,1016.66291772
1741575600000,2025-03-10 03:00:00,1.01404336,0.84419666,1284.19229766,1302.0316712
1741579200000,2025-03-10 04:00:00,1.65751336,1.05298685,1652.42674001,1680.71854466
1741582800000,2025-03-10 05:00:00,0.49112641,1.05785743,535.15175862,561.35748652
1741586400000,2025-03-10 06:00:00,0.99151096,1.08686041,1033.67570326,1041.08650326
1741590000000,2025-03-10 07:00:00,0.38130715,0.92371135,417.90479741,429.73315963
1741593600000,2025-03-10 08:00:00,0.61080144,0.81646061,1092.53615045,1127.53945948
1741597200000,2025-03-10 09:00:00,0.66582651,0.83030417,939.55268273,960.78765893
1741600800000,2025-03-10 10:00:00,1.52477195,0.9032654,956.13869388,959.08155573
1741604400000,2025-03-10 11:00:00,1.23153159,0.84241086,1717.95642095,1738.9225986
1741608000000,2025-03-10 12:00:00,1.01529417,0.91729197,2943.54524626,3208.32956245
1741611600000,2025-03-10 13:00:00,0.79827988,0.88968753,1148.14635958,1163.89206306
1741615200000,2025-03-10 14:00:00,0.71882006,0.93790366,1803.78961711,1996.1633187
1741618800000,2025-03-10 15:00:00,0.35636159,0.90155511,738.36786729,797.18087682
1741622400000,2025-03-10 16:00:00,2.02878833,1.09626394,5083.94193921,5315.42543618
1741626000000,2025-03-10 17:00:00,1.79261898,1.1345278,4038.37411618,4126.60889497
1741629600000,2025-03-10 18:00:00,1.64291071,1.19329625,4231.11337758,4567.29178767
1741633200000,2025-03-10 19:00:00,0.82546744,1.16617814,2365.71977014,2674.5145004
1741636800000,2025-03-10 20:00:00,1.63085965,1.28511811,3447.39352597,3795.01040128
1741640400000,2025-03-10 21:00:00,0.75357289,1.2900828,1445.39302805,1481.52429488
1741644000000,2025-03-10 22:00:00,0.51525988,1.31278255,913.8063999,938.28823674
1741647600000,2025-03-10 23:00:00,0.40112374,1.08025904,643.54288661,664.26090882
1741651200000,2025-03-11 00:00:00,2.5403475,1.1870774,2724.64706959,2741.03495713
1741654800000,2025-03-11 01:00:00,0.63292117,1.04279318,1136.38588009,1387.36320027
1741658400000,2025-03-11 02:00:00,1.17853138,1.09323089,1504.86930741,1653.47952088
1741662000000,2025-03-11 03:00:00,0.53729477,0.93700733,632.25899956,654.96232053
1741665600000,2025-03-11 04:00:00,1.00712776,0.97322946,1048.66900392,1132.01160069
1741669200000,2025-03-11 05:00:00,0.33020604,0.94679319,379.37597326,401.86074598
1741672800000,2025-03-11 06:00:00,1.52771016,1.10773411,1821.01155482,1877.55578113
1741676400000,2025-03-11 07:00:00,0.5008072,0.81637121,662.72811243,680.5969897
1741680000000,2025-03-11 08:00:00,0.78261705,0.83775634,1418.82598669,1457.23294995
1741683600000,2025-03-11 09:00:00,0.87051399,0.79375385,1194.05232083,1224.8131894
1741687200000,2025-03-11 10:00:00,1.65330307,0.95318361,3228.84996417,3359.51184492
1741690800000,2025-03-11 11:00:00,0.60120939,0.89519527,465.55375964,470.14573944
1741694400000,2025-03-11 12:00:00,0.96016048,0.98518876,2450.5177253,2632.76004662
1741698000000,2025-03-11 13:00:00,0.94750395,0.90230216,1585.39271369,1638.23432373
1741701600000,2025-03-11 14:00:00,0.75073485,0.93800611,720.13655515,728.96353828
1741705200000,2025-03-11 15:00:00,2.03445658,1.11684033,933.52548167,935.85002883
1741708800000,2025-03-11 16:00:00,0.49425492,1.06308903,566.2323465,580.74953464
1741712400000,2025-03-11 17:00:00,1.92180174,1.10144599,5461.65949625,5709.67296143
1741716000000,2025-03-11 18:00:00,1.38677794,1.21367007,5849.59103819,6510.92244028
1741719600000,2025-03-11 19:00:00,0.32678644,1.12318806,661.14155455,699.32298268
1741723200000,2025-03-11 20:00:00,1.32277949,1.17679885,2858.24757768,2895.56430928
1741726800000,2025-03-11 21:00:00,1.04014759,1.21814353,1422.08088267,1439.5642694
1741730400000,2025-03-11 22:00:00,0.4541296,0.99238253,875.4693389,904.17202932
1741734000000,2025-03-11 23:00:00,0.83143662,1.04055135,1371.92213478,1386.83627701
1741737600000,2025-03-12 00:00:00,0.44506903,0.82958953,537.66766218,548.77010912
1741741200000,2025-03-12 01:00:00,0.22013118,0.66292571,268.40302621,279.78672698
1741744800000,2025-03-12 02:00:00,0.8001341,0.7305468,1113.44659893,1155.39363873
1741748400000,2025-03-12 03:00:00,0.33880261,0.58997868,431.13223567,452.97909167
1741752000000,2025-03-12 04:00:00,3.36019128,0.92141349,1681.68277841,1720.41793556
1741755600000,2025-03-12 05:00:00,0.36249094,0.90832225,471.90448579,485.73786507
1741759200000,2025-03-12 06:00:00,1.13742164,0.9520344,1482.81151243,1502.53398333
1741762800000,2025-03-12 07:00:00,0.49520838,0.95919716,755.48660665,781.43882623
1741766400000,2025-03-12 08:00:00,0.93878481,1.06186197,1262.97695843,1376.25852778
1741770000000,2025-03-12 09:00:00,0.42075611,1.00766511,656.4507189,699.29665121
1741773600000,2025-03-12 10:00:00,1.69042011,1.20075332,2873.28725211,2921.04595713
1741777200000,2025-03-12 11:00:00,0.3447514,0.7699762,552.08808837,582.62987223
1741780800000,2025-03-12 12:00:00,0.55678702,0.79773278,924.29249348,949.32186075
1741784400000,2025-03-12 13:00:00,2.0507351,0.92820613,3803.67609166,3857.43271642
1741788000000,2025-03-12 14:00:00,1.82837176,1.11865804,2462.74938315,2492.07071218
1741791600000,2025-03-12 15:00:00,1.32144677,1.17332404,3431.93898662,3544.12022386
1741795200000,2025-03-12 16:00:00,1.40340827,1.31370292,2863.63053264,2947.15736986
1741798800000,2025-03-12 17:00:00,0.3840668,1.12708102,792.71392719,847.25137023
1741802400000,2025-03-12 18:00:00,0.93094684,1.21082322,2429.95292779,2463.28534006
1741806000000,2025-03-12 19:00:00,0.40012222,1.18844254,682.34725427,702.21450044
1741809600000,2025-03-12 20:00:00,0.74454856,1.00184446,1550.70111171,1577.69839544
1741813200000,2025-03-12 21:00:00,0.3372802,0.78883138,539.06192114,557.18689759
1741816800000,2025-03-12 22:00:00,0.20910913,0.629926,294.56706681,305.92666104
1741820400000,2025-03-12 23:00:00,0.1632137,0.45275535,264.99809575,284.48147531
1741824000000,2025-03-13 00:00:00,0.46318348,0.46405773,749.90965258,773.51640792
1741827600000,2025-03-13 01:00:00,0.20433924,0.36025665,170.26051319,178.59249844
1741831200000,2025-03-13 02:00:00,0.64899239,0.39580953,1139.75687686,1179.86817387
1741834800000,2025-03-13 03:00:00,0.23898214,0.32358575,254.18619432,269.33286694
1741838400000,2025-03-13 04:00:00,0.48655725,0.34491105,631.72278995,642.74213354
1741842000000,2025-03-13 05:00:00,0.33371937,0.36271251,294.3335733,300.6811488
1741845600000,2025-03-13 06:00:00,0.77629645,0.45029576,959.78687278,973.47575425
1741849200000,2025-03-13 07:00:00,0.34553974,0.43348951,504.44666339,522.11054713
1741852800000,2025-03-13 08:00:00,0.42817454,0.46546598,783.00452505,815.67249552
1741856400000,2025-03-13 09:00:00,0.85653955,0.49511558,1237.7968302,1250.54774045
1741860000000,2025-03-13 10:00:00,0.78237744,0.57274348,1274.08203997,1288.5756497
1741863600000,2025-03-13 11:00:00,0.32984801,0.55035644,475.21921593,490.15414551
1741867200000,2025-03-13 12:00:00,0.69341255,0.60174118,1365.05408563,1398.61311203
1741870800000,2025-03-13 13:00:00,0.34474156,0.54009048,635.31671289,664.66172103
1741874400000,2025-03-13 14:00:00,1.50289361,0.70542675,726.88369224,728.90340291
1741878000000,2025-03-13 15:00:00,7.12289956,1.66181604,6676.28682222,12700.12991482
1741881600000,2025-03-13 16:00:00,4.71851647,2.21352703,8090.37812946,16052.3930406
1741885200000,2025-03-13 17:00:00,0.86914828,2.22592286,752.11291679,759.63559628
1741888800000,2025-03-13 18:00:00,1.18676533,2.34833962,2068.93146535,2088.7069877
1741892400000,2025-03-13 19:00:00,0.50588148,2.32154947,1884.71708629,1967.87896023
1741896000000,2025-03-13 20:00:00,1.32579945,2.4617006,2580.78792168,2690.04707649
1741899600000,2025-03-13 21:00:00,1.2185731,2.42108338,2229.32804558,2249.48594408
1741903200000,2025-03-13 22:00:00,0.43841847,1.46615751,846.0391695,872.89117016
1741906800000,2025-03-13 23:00:00,0.18836197,0.81899258,314.39381717,332.27051059
1741910400000,2025-03-14 00:00:00,2.03500323,0.98554329,2634.46565155,2645.50419383
1741914000000,2025-03-14 01:00:00,0.31237855,0.86063089,367.82338402,377.978043
1741917600000,2025-03-14 02:00:00,0.28072548,0.82846575,354.73855737,368.31183159
1741921200000,2025-03-14 03:00:00,0.43733529,0.7015423,478.23383604,488.94085203
1741924800000,2025-03-14 04:00:00,0.59614643,0.6126242,806.90235466,823.27822098
1741928400000,2025-03-14 05:00:00,0.46015193,0.61572898,517.31941453,536.99729845
1741932000000,2025-03-14 06:00:00,0.44437236,0.6523019,277.24817459,281.73207731
1741935600000,2025-03-14 07:00:00,0.69434735,0.46077963,1090.4485767,1111.65010177
1741939200000,2025-03-14 08:00:00,0.385155,0.47117626,756.63925593,795.34507234
1741942800000,2025-03-14 09:00:00,0.35709539,0.48208625,575.3210517,614.91826384
1741946400000,2025-03-14 10:00:00,2.66670729,0.80056796,2543.22597992,2552.03887267
1741950000000,2025-03-14 11:00:00,0.52344011,0.79018135,1008.27061188,1028.03637308
1741953600000,2025-03-14 12:00:00,0.40394613,0.78215195,548.5578195,574.81535002
1741957200000,2025-03-14 13:00:00,0.62367479,0.80776658,764.89763017,777.09878694
1741960800000,2025-03-14 14:00:00,0.97655024,0.84808128,3319.82823494,3382.77004381
1741964400000,2025-03-14 15:00:00,1.2226872,0.96772874,3033.0884752,3352.60829675
1741968000000,2025-03-14 16:00:00,1.18117158,1.08545391,3360.00255413,3850.61935445
1741971600000,2025-03-14 17:00:00,0.46612842,0.7710855,689.35160288,705.25229679
1741975200000,2025-03-14 18:00:00,0.99566813,0.83854664,3394.73584385,3481.85144951
1741978800000,2025-03-14 19:00:00,0.35045344,0.83090483,615.51425236,634.67117122
1741982400000,2025-03-14 20:00:00,0.67242259,0.8378688,1698.50597806,1744.26419217
1741986000000,2025-03-14 21:00:00,0.23219935,0.73153296,437.47475291,459.98691712
1741989600000,2025-03-14 22:00:00,0.39612183,0.61345219,512.78327489,525.65367428
1741993200000,2025-03-14 23:00:00,0.31523096,0.48974639,652.76523157,672.38763457
1741996800000,2025-03-15 00:00:00,0.44219875,0.48632786,647.59056926,660.20272732
1742000400000,2025-03-15 01:00:00,0.21774337,0.37519576,310.36640772,320.30050452
1742004000000,2025-03-15 02:00:00,0.35791062,0.37626107,348.47482594,354.68942899
1742007600000,2025-03-15 03:00:00,0.2210754,0.3117829,207.41094729,215.32744035
1742011200000,2025-03-15 04:00:00,0.3787623,0.33272046,533.25278224,548.82656557
1742014800000,2025-03-15 05:00:00,0.19520269,0.30401773,194.13521607,201.25397214
1742018400000,2025-03-15 06:00:00,0.26937225,0.29746648,368.13867375,377.39051774
1742022000000,2025-03-15 07:00:00,0.66097917,0.32872083,805.61603796,814.32634005
1742025600000,2025-03-15 08:00:00,0.32668185,0.34428347,416.84215706,427.62653935
1742029200000,2025-03-15 09:00:00,0.07879222,0.30440941,77.54479325,81.70753669
1742032800000,2025-03-15 10:00:00,0.19445219,0.3006061,220.53499977,226.34235478
1742036400000,2025-03-15 11:00:00,0.40104565,0.30378943,371.36749315,374.97767871
1742040000000,2025-03-15 12:00:00,0.30470231,0.31943223,363.53411624,369.29920462
1742043600000,2025-03-15 13:00:00,0.30822229,0.32498224,337.99924175,343.05141009
1742047200000,2025-03-15 14:00:00,0.16282684,0.25381762,345.46173161,361.80123308
1742050800000,2025-03-15 15:00:00,0.18423001,0.23346736,483.75684718,504.42175381
1742054400000,2025-03-15 16:00:00,0.73128419,0.3266805,721.37155641,727.62776715
1742058000000,2025-03-15 17:00:00,0.03376062,0.30372456,38.61526393,46.62340958
1742061600000,2025-03-15 18:00:00,0.15766896,0.26895646,509.90817236,540.17385405
1742065200000,2025-03-15 19:00:00,0.11685225,0.24212074,206.50774445,224.59001547
1742068800000,2025-03-15 20:00:00,0.14942551,0.21943548,251.2722575,264.48314492
1742072400000,2025-03-15 21:00:00,0.10697781,0.21145705,153.61037149,163.56906841
1742076000000,2025-03-15 22:00:00,0.19759775,0.21336673,282.8813038,292.0494815
1742079600000,2025-03-15 23:00:00,0.12622174,0.12692923,131.23693165,137.58170025
1742083200000,2025-03-16 00:00:00,0.17489716,0.1470916,184.08171942,192.21198074
1742086800000,2025-03-16 01:00:00,0.22718338,0.15702223,162.67382405,166.07105403
1742090400000,2025-03-16 02:00:00,0.19999321,0.16889951,260.5680582,269.39085127
1742094000000,2025-03-16 03:00:00,0.20814988,0.1772887,224.36737888,236.45826243
1742097600000,2025-03-16 04:00:00,0.2875126,0.20307939,232.36271074,236.04784551
1742101200000,2025-03-16 05:00:00,0.36548686,0.22706355,352.99218194,359.27358515
1742104800000,2025-03-16 06:00:00,0.32470135,0.25541778,319.37134088,323.72724757
1742108400000,2025-03-16 07:00:00,0.14540551,0.25120468,154.56333373,159.36443654
1742112000000,2025-03-16 08:00:00,0.59723666,0.30406944,727.7775864,734.00385621
1742115600000,2025-03-16 09:00:00,0.21055402,0.30557813,153.64602394,156.86274538
1742119200000,2025-03-16 10:00:00,0.21595723,0.30669346,258.6237513,268.00291978
1742122800000,2025-03-16 11:00:00,0.22415819,0.29764283,345.59151774,359.99804699
1742126400000,2025-03-16 12:00:00,0.38833838,0.30090733,458.69334689,466.00606105
1742130000000,2025-03-16 13:00:00,0.18561271,0.28103753,259.7632966,269.69526918
1742133600000,2025-03-16 14:00:00,0.44748808,0.32419218,510.875984,517.74370469
1742137200000,2025-03-16 15:00:00,0.20133264,0.26763446,234.08102405,243.41116769
1742140800000,2025-03-16 16:00:00,0.58384002,0.32096104,1386.65226968,1416.97972358
1742144400000,2025-03-16 17:00:00,0.18724687,0.31685956,259.44056288,268.13751245
1742148000000,2025-03-16 18:00:00,0.58764902,0.36878682,670.22246029,678.14697343
1742151600000,2025-03-16 19:00:00,0.13408615,0.33246507,283.49056816,301.55975955
1742155200000,2025-03-16 20:00:00,0.18401814,0.33223727,149.9910412,155.31131392
1742158800000,2025-03-16 21:00:00,0.18549368,0.2948095,355.54510824,390.64968561
1742162400000,2025-03-16 22:00:00,0.20878172,0.29587366,238.96215358,246.57120734
1742166000000,2025-03-16 23:00:00,0.21528007,0.24322224,111.44184096,113.88315485
1742169600000,2025-03-17 00:00:00,0.27687527,0.25602629,508.33752099,525.50926335
1742173200000,2025-03-17 01:00:00,0.25882961,0.20905209,208.3927169,213.01676505
1742176800000,2025-03-17 02:00:00,0.577367,0.27237793,682.32227217,690.53093512
1742180400000,2025-03-17 03:00:00,0.09322579,0.25940759,82.68463148,92.2003088
1742184000000,2025-03-17 04:00:00,1.16504207,0.39934308,1123.0374429,1131.25584882
1742187600000,2025-03-17 05:00:00,0.3193324,0.41513603,299.71941404,310.07176178
1742191200000,2025-03-17 06:00:00,0.90379592,0.51349544,888.42895482,900.18073306
1742194800000,2025-03-17 07:00:00,0.35337494,0.52442396,135.72620732,137.10947664
1742198400000,2025-03-17 08:00:00,0.76136171,0.59621426,1584.12901073,1626.26861044
1742202000000,2025-03-17 09:00:00,0.43493222,0.57586644,645.54806348,663.27162906
1742205600000,2025-03-17 10:00:00,0.65182914,0.65566691,327.52126366,329.82554603
1742209200000,2025-03-17 11:00:00,0.84748518,0.61030164,1937.48468438,1962.77567489
1742212800000,2025-03-17 12:00:00,1.47183324,0.77494462,2082.06992272,2097.3623638
1742216400000,2025-03-17 13:00:00,0.64500103,0.73797392,1115.6823075,1142.29681842
1742220000000,2025-03-17 14:00:00,0.48730526,0.75710683,1034.68146412,1103.7464229
1742223600000,2025-03-17 15:00:00,0.44266192,0.71157828,376.43477737,384.67321008
1742227200000,2025-03-17 16:00:00,0.66881064,0.74498949,2142.96982851,2292.01404879
1742230800000,2025-03-17 17:00:00,1.33852068,0.84308828,2648.02998722,2677.04136929
1742234400000,2025-03-17 18:00:00,0.47948038,0.79051616,1084.14619913,1117.66877634
1742238000000,2025-03-17 19:00:00,0.35073186,0.63035882,829.96665982,873.32232969
1742241600000,2025-03-17 20:00:00,0.91651542,0.66914659,1594.05936201,1637.81305999
1742245200000,2025-03-17 21:00:00,0.29151792,0.64117697,537.66997566,561.7550325
1742248800000,2025-03-17 22:00:00,0.25295462,0.61407593,355.53317685,367.03715178
1742252400000,2025-03-17 23:00:00,0.16095141,0.54152461,119.67003153,124.25448809
1742256000000,2025-03-18 00:00:00,0.16427297,0.37377494,272.89728658,291.91306843
1742259600000,2025-03-18 01:00:00,0.45943389,0.37091116,397.62204508,404.76126125
1742263200000,2025-03-18 02:00:00,0.38531422,0.37585149,458.92406758,471.62460815
1742266800000,2025-03-18 03:00:00,0.97936353,0.38482979,865.32498894,900.03508639
1742270400000,2025-03-18 04:00:00,0.70087935,0.44331,864.17501498,885.91149376
1742274000000,2025-03-18 05:00:00,0.26841204,0.4455182,171.35084064,175.27305908
1742277600000,2025-03-18 06:00:00,0.78274848,0.53434635,1109.44530709,1138.11628427
1742281200000,2025-03-18 07:00:00,0.36344046,0.56279885,350.82915661,356.53508901
1742284800000,2025-03-18 08:00:00,0.63434224,0.58778576,915.53399715,933.11744153
1742288400000,2025-03-18 09:00:00,0.23799238,0.56673978,274.83521363,284.16290377
1742292000000,2025-03-18 10:00:00,0.62668658,0.51635736,1249.6123075,1277.81393192
1742295600000,2025-03-18 11:00:00,0.29053083,0.45773614,437.10183479,451.77543336
1742299200000,2025-03-18 12:00:00,0.68538328,0.51730346,1110.84321854,1158.29773559
1742302800000,2025-03-18 13:00:00,0.96873662,0.5438732,1920.89131516,1964.59786922
1742306400000,2025-03-18 14:00:00,1.93119581,0.76783825,3633.83059889,3692.44638806
1742310000000,2025-03-18 15:00:00,0.78908067,0.78994374,1308.29017391,1333.54632729
1742313600000,2025-03-18 16:00:00,0.82924757,0.87440877,1080.56489163,1094.60678741
1742317200000,2025-03-18 17:00:00,0.80702555,0.90017148,2389.34333383,2488.86680222
1742320800000,2025-03-18 18:00:00,0.31332842,0.90342827,340.89217172,350.9278344
1742324400000,2025-03-18 19:00:00,0.78771602,0.91804724,1190.23700415,1205.20550491
1742328000000,2025-03-18 20:00:00,0.90295135,0.90864934,2095.50979742,2149.92716378
1742331600000,2025-03-18 21:00:00,0.19340752,0.66039387,375.47917267,397.06563806
1742335200000,2025-03-18 22:00:00,0.56803456,0.62881586,897.85044132,914.5356378
1742338800000,2025-03-18 23:00:00,0.18930987,0.53739618,225.10329947,235.88009375
1742342400000,2025-03-19 00:00:00,0.7941918,0.53556279,1226.63461489,1242.91016728
1742346000000,2025-03-19 01:00:00,0.29575387,0.53305214,297.50104733,305.2179961
1742349600000,2025-03-19 02:00:00,0.71359268,0.52246309,652.98247862,659.35963313
1742353200000,2025-03-19 03:00:00,0.20515117,0.42277735,288.03794406,305.26494593
1742356800000,2025-03-19 04:00:00,0.61373373,0.48282395,538.61327413,546.22301796
1742360400000,2025-03-19 05:00:00,1.66874278,0.64006799,1858.7440696,1873.99814358
1742364000000,2025-03-19 06:00:00,0.57045636,0.69451748,714.74211963,724.47957745
1742367600000,2025-03-19 07:00:00,1.00304254,0.7243533,1022.50861104,1031.12773581
1742371200000,2025-03-19 08:00:00,0.37582643,0.73579224,465.17702842,476.92374503
1742374800000,2025-03-19 09:00:00,1.24127117,0.81117488,2062.24123027,2086.57684515
1742378400000,2025-03-19 10:00:00,1.5109058,0.99771126,2312.02344713,2346.43671254
1742382000000,2025-03-19 11:00:00,0.2444513,0.94495663,304.56728171,318.03114407
1742385600000,2025-03-19 12:00:00,0.52875587,0.78210135,1092.78549881,1136.29636599
1742389200000,2025-03-19 13:00:00,2.28770355,1.02742238,4011.8322931,4037.79676976
1742392800000,2025-03-19 14:00:00,2.35355291,1.22035243,2372.1259624,2384.14909435
1742396400000,2025-03-19 15:00:00,0.31047091,1.21101593,834.22092825,919.61483566
1742400000000,2025-03-19 16:00:00,1.03584092,1.18166875,1899.06889074,2121.40219556
1742403600000,2025-03-19 17:00:00,0.42806206,1.02697679,828.28567082,944.73296051
1742407200000,2025-03-19 18:00:00,1.10677163,1.15016541,2218.42281716,2433.79081797
1742410800000,2025-03-19 19:00:00,0.84237491,1.19496813,1513.00120326,1812.79080706
1742414400000,2025-03-19 20:00:00,0.98629807,1.00905306,2078.75761981,2335.55381843
1742418000000,2025-03-19 21:00:00,0.43449062,0.7349013,441.75987829,482.71908124
1742421600000,2025-03-19 22:00:00,1.09458991,0.8469183,1580.78401703,1672.53338444
1742425200000,2025-03-19 23:00:00,0.34570424,0.74832735,747.87378051,833.14720971
1742428800000,2025-03-20 00:00:00,0.9959196,0.82944985,1352.64050168,1426.15686471
1742432400000,2025-03-20 01:00:00,0.76759914,0.78099664,1119.22099526,1141.41991487
1742436000000,2025-03-20 02:00:00,0.94289778,0.79535705,1040.93474342,1054.15971316
1742439600000,2025-03-20 03:00:00,0.21991329,0.68587351,261.09177256,276.43100534
1742443200000,2025-03-20 04:00:00,0.6000627,0.70952667,635.09063423,652.86822099
1742446800000,2025-03-20 05:00:00,0.38847356,0.6086529,410.8250691,420.71686488
1742450400000,2025-03-20 06:00:00,0.60161059,0.64521095,784.26713179,796.53242282
1742454000000,2025-03-20 07:00:00,0.31929178,0.54854983,296.80609381,301.73072939
1742457600000,2025-03-20 08:00:00,0.4906023,0.50897886,845.91002494,866.40366452
1742461200000,2025-03-20 09:00:00,0.32238454,0.42033411,510.09635952,527.42109934
1742464800000,2025-03-20 10:00:00,0.4555419,0.45399534,556.36807805,566.6941222
1742468400000,2025-03-20 11:00:00,0.23798987,0.40227065,138.28481062,141.36598293
1742472000000,2025-03-20 12:00:00,1.22797636,0.52219962,2995.60858966,3028.18969311
1742475600000,2025-03-20 13:00:00,0.95578859,0.57279648,2035.19460022,2059.72440608
1742479200000,2025-03-20 14:00:00,0.50519822,0.59935454,1150.35017764,1205.90815282
1742482800000,2025-03-20 15:00:00,1.88659614,0.79878223,1917.67521185,2016.77127262
1742486400000,2025-03-20 16:00:00,0.96776776,0.89097983,1183.64820021,1200.03202421
1742490000000,2025-03-20 17:00:00,1.00792756,0.96989207,3414.5109915,3524.7226783
1742493600000,2025-03-20 18:00:00,0.23268435,0.96913414,357.33663185,369.03737604
1742497200000,2025-03-20 19:00:00,0.19728903,0.82189309,369.02454624,388.06752829
1742500800000,2025-03-20 20:00:00,2.06877703,0.98089144,4643.61643919,4694.05507397
1742504400000,2025-03-20 21:00:00,1.61089306,1.13884785,3135.97819245,3155.73949967
1742508000000,2025-03-20 22:00:00,0.87124822,0.99379814,1571.89949904,1594.38424136
1742511600000,2025-03-20 23:00:00,0.18501316,0.88197606,280.16854488,293.98590997
1742515200000,2025-03-21 00:00:00,0.38810117,0.79342943,425.3910492,433.89710364
1742518800000,2025-03-21 01:00:00,0.03073801,0.76457995,9.79302195,11.37306192
1742522400000,2025-03-21 02:00:00,0.4314263,0.79802814,836.80517057,860.2640502
1742526000000,2025-03-21 03:00:00,0.3747622,0.55602602,350.72582801,358.64742769
1742529600000,2025-03-21 04:00:00,0.70269291,0.42628314,932.54694546,955.662354
1742533200000,2025-03-21 05:00:00,0.52464268,0.37676806,385.02023867,390.85879652
1742536800000,2025-03-21 06:00:00,0.58262837,0.43357023,707.06029389,716.63289397
1742540400000,2025-03-21 07:00:00,0.85486405,0.50025065,1376.72464027,1395.13812941
1742544000000,2025-03-21 08:00:00,0.80905414,0.61143866,1419.04628839,1439.30731923
1742547600000,2025-03-21 09:00:00,0.28343411,0.59029692,348.02302,357.41041272
1742551200000,2025-03-21 10:00:00,0.29849503,0.57940161,471.37673428,484.75593651
1742554800000,2025-03-21 11:00:00,0.77176578,0.58926917,1574.82093537,1598.32692585
1742558400000,2025-03-21 12:00:00,2.39492212,0.85645194,1947.1488043,1951.86152633
1742562000000,2025-03-21 13:00:00,1.53832708,0.99298033,3426.42847481,3487.38748109
1742565600000,2025-03-21 14:00:00,1.87419189,1.13859859,4104.63522469,4136.34150735
1742569200000,2025-03-21 15:00:00,0.7352751,1.12805873,1465.07382727,1503.63758538
1742572800000,2025-03-21 16:00:00,0.82070532,1.20481176,1964.84207348,1998.41744794
1742576400000,2025-03-21 17:00:00,0.69751796,1.26181504,1637.09293348,1674.04310894
1742580000000,2025-03-21 18:00:00,0.31811225,1.19700739,582.78438219,596.14236534
1742583600000,2025-03-21 19:00:00,0.32548772,0.9013739,832.55584618,862.21697384
1742587200000,2025-03-21 20:00:00,0.97966502,0.82156504,1997.10099875,2027.90659429
1742590800000,2025-03-21 21:00:00,0.13652578,0.57332702,203.3319935,216.939461
1742594400000,2025-03-21 22:00:00,0.20910814,0.49816031,406.25562631,422.60755368
1742598000000,2025-03-21 23:00:00,0.12227518,0.39838458,162.07821735,172.28572836
1742601600000,2025-03-22 00:00:00,0.31706093,0.34403357,344.90055457,353.52294128
1742605200000,2025-03-22 01:00:00,0.16231659,0.32177705,216.12073275,225.94469732
1742608800000,2025-03-22 02:00:00,0.23060844,0.30822287,185.63450263,190.25196381
1742612400000,2025-03-22 03:00:00,0.13280978,0.18724355,188.83255906,202.00367723
1742616000000,2025-03-22 04:00:00,0.22778664,0.20028081,112.17128945,114.12110504
1742619600000,2025-03-22 05:00:00,0.43165358,0.23207302,582.29707425,590.07044418
1742623200000,2025-03-22 06:00:00,0.50039826,0.2860906,513.07142238,519.91379115
1742626800000,2025-03-22 07:00:00,0.13498224,0.26007936,171.90153736,180.60624331
1742630400000,2025-03-22 08:00:00,0.38690015,0.29216273,409.55667765,415.91765622
1742634000000,2025-03-22 09:00:00,0.25071163,0.29503461,249.79383538,254.72301472
1742637600000,2025-03-22 10:00:00,0.16269779,0.29930433,323.59057536,335.97093887
1742641200000,2025-03-22 11:00:00,0.21420118,0.29736355,284.72016276,292.17040383
1742644800000,2025-03-22 12:00:00,0.58412186,0.31914473,823.57221012,832.37364578
1742648400000,2025-03-22 13:00:00,0.18705849,0.27438191,273.72186524,282.64538198
1742652000000,2025-03-22 14:00:00,0.22078516,0.28663947,329.09837277,337.58050873
1742655600000,2025-03-22 15:00:00,0.25951025,0.26844091,426.76201563,438.83183526
1742659200000,2025-03-22 16:00:00,0.21662988,0.26357209,116.36759038,118.92980298
1742662800000,2025-03-22 17:00:00,0.1204769,0.25754053,135.61231349,141.07845233
1742666400000,2025-03-22 18:00:00,0.12211089,0.24438478,220.81696148,231.03380965
1742670000000,2025-03-22 19:00:00,0.20278359,0.18990788,504.6715057,520.74824975
1742673600000,2025-03-22 20:00:00,0.2358435,0.19687717,475.51753921,489.37526709
1742677200000,2025-03-22 21:00:00,0.12910744,0.18378035,172.62747862,184.49453626
1742680800000,2025-03-22 22:00:00,0.21691638,0.17769551,314.52410204,325.3745661
1742684400000,2025-03-22 23:00:00,0.18226134,0.17278572,200.4371093,208.50697803
1742688000000,2025-03-23 00:00:00,0.40905196,0.21401073,487.1201156,496.18002904
1742691600000,2025-03-23 01:00:00,0.16505006,0.2201449,144.20133781,151.18585226
1742695200000,2025-03-23 02:00:00,0.17528596,0.21621666,140.05533011,143.90977453
1742698800000,2025-03-23 03:00:00,0.34430921,0.23171176,304.28669651,315.38723297
1742702400000,2025-03-23 04:00:00,0.43114488,0.27485997,383.90716721,389.32382289
1742706000000,2025-03-23 05:00:00,0.12793291,0.26214805,64.52473749,67.03684612
1742709600000,2025-03-23 06:00:00,0.50607755,0.3084075,421.73740985,425.61122104
1742713200000,2025-03-23 07:00:00,0.16786272,0.2739519,198.48878713,204.45679266
1742716800000,2025-03-23 08:00:00,0.33015932,0.29753894,251.40788067,254.22267642
1742720400000,2025-03-23 09:00:00,0.20398873,0.30163933,290.49211935,304.55516644
1742724000000,2025-03-23 10:00:00,0.26065538,0.28968878,265.9272875,269.77832239
1742727600000,2025-03-23 11:00:00,0.40935514,0.28657596,483.63405742,492.45423725
1742731200000,2025-03-23 12:00:00,0.43215319,0.330036,421.05010169,426.96734865
1742734800000,2025-03-23 13:00:00,0.10594899,0.27287478,141.70313868,151.29516039
1742738400000,2025-03-23 14:00:00,0.45384455,0.31372933,656.91415158,667.60533846
1742742000000,2025-03-23 15:00:00,0.15925061,0.2893138,172.25950882,177.40518248
1742745600000,2025-03-23 16:00:00,0.4492876,0.32435649,683.46967877,696.84507513
1742749200000,2025-03-23 17:00:00,0.16307081,0.31041584,329.50955177,342.28562198
1742752800000,2025-03-23 18:00:00,0.2223214,0.28369674,185.95716454,189.64015435
1742756400000,2025-03-23 19:00:00,0.23662969,0.25576481,541.898499,559.39257832
1742760000000,2025-03-23 20:00:00,0.31389159,0.28547089,421.05502394,428.4620198
1742763600000,2025-03-23 21:00:00,0.18970115,0.24773612,259.47811615,271.65204608
1742767200000,2025-03-23 22:00:00,0.40852683,0.28334701,508.8903576,521.28023487
1742770800000,2025-03-23 23:00:00,0.25514213,0.25561194,259.82940017,266.3683811
1742774400000,2025-03-24 00:00:00,0.43487888,0.29444167,482.12012838,494.89216268
1742778000000,2025-03-24 01:00:00,0.25804024,0.29954436,341.09930942,357.12768985
1742781600000,2025-03-24 02:00:00,0.98096038,0.40587731,869.32518499,877.95953743
1742785200000,2025-03-24 03:00:00,0.64230883,0.45279406,582.70501743,592.20873668
1742788800000,2025-03-24 04:00:00,0.47948155,0.49419126,524.25682855,539.89622115
1742792400000,2025-03-24 05:00:00,0.33444194,0.48360771,336.80755226,353.50513456
1742796000000,2025-03-24 06:00:00,0.62601638,0.53658974,763.56296934,783.14648749
1742799600000,2025-03-24 07:00:00,0.65846413,0.56853049,532.88737064,541.91597909
1742803200000,2025-03-24 08:00:00,0.50390506,0.60365404,649.87915897,668.17811302
1742806800000,2025-03-24 09:00:00,0.63525489,0.55426754,1127.85591135,1169.5042606
1742810400000,2025-03-24 10:00:00,1.00037946,0.60542049,1563.999928,1606.60941122
1742814000000,2025-03-24 11:00:00,1.81881507,0.79675385,3434.31822544,3477.57441957
1742817600000,2025-03-24 12:00:00,0.71864753,0.85164036,997.18744677,1019.04219443
1742821200000,2025-03-24 13:00:00,0.35015443,0.81223151,465.51217759,478.6611017
1742824800000,2025-03-24 14:00:00,1.76631073,0.97049531,3075.74771035,3557.3498155
1742828400000,2025-03-24 15:00:00,2.18573029,1.21075606,2116.65498407,2144.20141093
1742832000000,2025-03-24 16:00:00,0.7739156,1.23056473,2552.71663482,2941.65319395
1742835600000,2025-03-24 17:00:00,0.76526393,1.1969768,1290.16936961,1351.456094
1742839200000,2025-03-24 18:00:00,0.81826276,1.05404075,1523.19984825,1683.98475756
1742842800000,2025-03-24 19:00:00,1.0873168,1.10670779,1740.1315765,1961.51950352
1742846400000,2025-03-24 20:00:00,1.3056984,1.24321407,3423.99818547,3838.75328696
1742850000000,2025-03-24 21:00:00,0.46822902,1.05777383,550.87026939,568.43002446
1742853600000,2025-03-24 22:00:00,0.60779828,0.83235497,1114.82331907,1171.22729151
1742857200000,2025-03-24 23:00:00,0.55382076,0.80091285,918.67462117,939.28000291
1742860800000,2025-03-25 00:00:00,1.63663314,0.92539417,1260.26953067,1265.11741396
1742864400000,2025-03-25 01:00:00,0.41557133,0.86786682,511.97885344,523.20430434
1742868000000,2025-03-25 02:00:00,0.28904495,0.75382798,329.6570466,342.80731597
1742871600000,2025-03-25 03:00:00,0.84981716,0.68870209,932.91490232,966.24211379
1742875200000,2025-03-25 04:00:00,1.62866714,0.85447897,1881.9183205,1967.42990134
1742878800000,2025-03-25 05:00:00,0.66162838,0.86216898,736.74674907,761.53427039
1742882400000,2025-03-25 06:00:00,1.79166917,1.03900447,1797.9557445,1807.79419196
1742886000000,2025-03-25 07:00:00,0.24068842,0.83958379,269.5168917,283.77165101
1742889600000,2025-03-25 08:00:00,0.58822875,0.86424914,989.70771326,1016.45927867
1742893200000,2025-03-25 09:00:00,0.33754147,0.87117721,376.39147413,390.53547505
1742896800000,2025-03-25 10:00:00,1.45103494,0.95706547,1521.21422211,1552.60738738
1742900400000,2025-03-25 11:00:00,0.35032958,0.77444582,772.43394724,839.03933374
1742904000000,2025-03-25 12:00:00,2.03885116,0.97119193,3430.71848684,3464.00811866
1742907600000,2025-03-25 13:00:00,0.4283351,0.77642992,816.42434054,857.52686583
1742911200000,2025-03-25 14:00:00,0.69039354,0.84067351,1355.2197872,1447.06485573
1742914800000,2025-03-25 15:00:00,0.48919918,0.82652642,952.6959841,1074.77059609
1742918400000,2025-03-25 16:00:00,0.93195779,0.91144304,1250.2766566,1295.4213268
1742922000000,2025-03-25 17:00:00,1.50304815,0.9188735,3386.36661736,3727.55940279
1742925600000,2025-03-25 18:00:00,2.33431337,1.20229976,3856.4177813,3928.64940625
1742929200000,2025-03-25 19:00:00,1.31923918,1.09949804,750.97439097,754.60481036
1742932800000,2025-03-25 20:00:00,0.54416595,1.11604531,441.6206846,447.84857798
1742936400000,2025-03-25 21:00:00,1.09167849,1.17337173,1653.77199047,1778.34425329
1742940000000,2025-03-25 22:00:00,0.62031421,1.19210245,1211.96654324,1328.09271818
1742943600000,2025-03-25 23:00:00,0.71281274,1.16079601,1996.74102944,2064.30568865
1742947200000,2025-03-26 00:00:00,2.7906164,1.34473433,4248.92025837,4278.01494512
1742950800000,2025-03-26 01:00:00,0.86298347,1.13454435,827.365615,834.50501919
1742954400000,2025-03-26 02:00:00,0.97810845,1.08581139,1303.48610569,1318.4901861
1742958000000,2025-03-26 03:00:00,0.5211045,1.08251689,500.99472082,513.28793448
1742961600000,2025-03-26 04:00:00,0.6086338,1.01351051,654.56636925,663.410838
1742965200000,2025-03-26 05:00:00,0.24623875,0.96007116,214.22960305,220.3836856
1742968800000,2025-03-26 06:00:00,0.81235886,0.97429203,958.41410821,978.89242325
1742972400000,2025-03-26 07:00:00,0.42313446,0.63608033,589.0248711,606.77480999
1742976000000,2025-03-26 08:00:00,0.52492578,0.58778637,613.05609373,622.56197476
1742979600000,2025-03-26 09:00:00,0.23035894,0.48096501,321.60484147,331.94723594
1742983200000,2025-03-26 10:00:00,1.52893963,0.62494146,2718.69936448,2768.909663
1742986800000,2025-03-26 11:00:00,0.4086375,0.59637056,611.82516399,648.91634757
1742990400000,2025-03-26 12:00:00,2.94706142,0.98220237,4119.53101359,4134.72716554
1742994000000,2025-03-26 13:00:00,0.3963503,0.92277258,527.33813897,539.4327601
1742997600000,2025-03-26 14:00:00,0.45777783,0.92772163,552.3012307,563.52451138
1743001200000,2025-03-26 15:00:00,0.82846551,0.97108445,2322.56352751,2429.06088198
1743004800000,2025-03-26 16:00:00,0.9777346,1.0778524,2412.76658609,2502.02283153
1743008400000,2025-03-26 17:00:00,0.41900425,0.9192902,398.21460417,403.92009473
1743012000000,2025-03-26 18:00:00,0.57732467,0.94338837,1695.83205631,1752.75769142
1743015600000,2025-03-26 19:00:00,0.26265406,0.5599016,502.76983774,527.14669205
1743019200000,2025-03-26 20:00:00,1.20650901,0.67563856,2597.29807856,2679.65652219
1743022800000,2025-03-26 21:00:00,0.33711108,0.65840045,577.11092443,598.37216511
1743026400000,2025-03-26 22:00:00,0.93044242,0.67296858,1612.1104791,1628.27422922
1743030000000,2025-03-26 23:00:00,0.93930978,0.66747932,1209.1382874,1219.22409142
1743033600000,2025-03-27 00:00:00,1.27035873,0.78910139,1610.14710536,1619.70737532
1743037200000,2025-03-27 01:00:00,0.45115973,0.77107783,582.95751121,598.23780218
1743040800000,2025-03-27 02:00:00,0.46472965,0.79994577,470.90757197,477.27734645
1743044400000,2025-03-27 03:00:00,0.37648353,0.6813707,467.03859376,492.06396845
1743048000000,2025-03-27 04:00:00,0.24430714,0.668113,101.29930298,103.34191819
1743051600000,2025-03-27 05:00:00,0.86492561,0.65875345,1256.42729873,1307.76752513
1743055200000,2025-03-27 06:00:00,1.76982874,0.77739902,2296.06433645,2307.85667717
1743058800000,2025-03-27 07:00:00,0.27601762,0.63535029,402.41264118,415.95856039
1743062400000,2025-03-27 08:00:00,0.83012835,0.68948866,967.65883978,977.89119048
1743066000000,2025-03-27 09:00:00,0.28309708,0.66354115,510.14543481,535.05347568
1743069600000,2025-03-27 10:00:00,0.57560609,0.69198723,708.540414,722.3856483
1743073200000,2025-03-27 11:00:00,0.31385924,0.70192325,480.39438552,498.40847119
1743076800000,2025-03-27 12:00:00,1.53797738,0.7980735,3055.93425527,3082.10667025
1743080400000,2025-03-27 13:00:00,1.30873463,0.73220291,2518.05341804,2541.56265511
1743084000000,2025-03-27 14:00:00,1.24867518,0.87115399,3177.87397253,3321.47598453
1743087600000,2025-03-27 15:00:00,0.77309247,0.86300601,1702.39144576,1775.79339404
1743091200000,2025-03-27 16:00:00,0.91035084,0.95261369,1769.30145414,1891.70905538
1743094800000,2025-03-27 17:00:00,1.36883533,1.06593215,3289.11287636,3334.48286506
1743098400000,2025-03-27 18:00:00,0.24160215,1.05560971,451.78870793,468.70816882
1743102000000,2025-03-27 19:00:00,0.69089887,0.9345985,1662.06167796,1699.6112252
1743105600000,2025-03-27 20:00:00,0.65526262,0.84124535,1190.9366102,1209.61480238
1743109200000,2025-03-27 21:00:00,0.27626197,0.70232918,301.13448801,309.96593347
1743112800000,2025-03-27 22:00:00,0.0721206,0.60219034,98.1513372,109.3348345
1743116400000,2025-03-27 23:00:00,0.24020806,0.50645566,500.53032768,519.32981701
1743120000000,2025-03-28 00:00:00,0.76352587,0.41998288,1052.90723318,1069.69974361
1743123600000,2025-03-28 01:00:00,0.46367481,0.45170754,705.69368621,779.90102898
1743127200000,2025-03-28 02:00:00,1.2140932,0.52644959,1321.8982668,1351.28573691
1743130800000,2025-03-28 03:00:00,0.3086024,0.4769267,283.62600048,291.01205988
1743134400000,2025-03-28 04:00:00,1.56466155,0.66098378,1832.21432075,1916.7103941
1743138000000,2025-03-28 05:00:00,0.81246769,0.76674765,1010.79494341,1049.70825645
1743141600000,2025-03-28 06:00:00,0.5416536,0.8098113,715.16160016,732.31566474
1743145200000,2025-03-28 07:00:00,1.04793369,0.85044099,1132.25498997,1140.15185227
1743148800000,2025-03-28 08:00:00,0.69875758,0.88402424,1515.35746505,1546.35052747
1743152400000,2025-03-28 09:00:00,0.99154457,0.85223158,806.98415166,813.06654347
1743156000000,2025-03-28 10:00:00,0.80392955,0.9229926,1636.36505188,1682.62454888
1743159600000,2025-03-28 11:00:00,0.50998542,0.77232459,901.75333472,928.68345106
1743163200000,2025-03-28 12:00:00,1.20019829,0.82771467,1245.20676198,1253.00701305
1743166800000,2025-03-28 13:00:00,0.36003014,0.80176846,332.55740002,340.58850973
1743170400000,2025-03-28 14:00:00,0.73746705,0.75741609,1646.76552342,1678.47500289
1743174000000,2025-03-28 15:00:00,0.49135512,0.72778716,1575.64838274,1705.00226012
1743177600000,2025-03-28 16:00:00,1.21118336,0.75916413,2852.97043754,2912.89598985
1743181200000,2025-03-28 17:00:00,2.71223849,1.0317797,5987.3694781,6048.29183663
1743184800000,2025-03-28 18:00:00,2.5690452,1.32593109,6082.10987153,6147.72517516
1743188400000,2025-03-28 19:00:00,1.90485066,1.42659572,4855.23341871,4901.18076017
1743192000000,2025-03-28 20:00:00,3.51821228,1.87776459,6632.18590653,7106.78881298
1743195600000,2025-03-28 21:00:00,0.72358131,1.87578092,1021.61116944,1035.44485336
1743199200000,2025-03-28 22:00:00,0.9138609,1.93613889,1902.99673212,1926.41877372
1743202800000,2025-03-28 23:00:00,0.27200824,1.80197101,430.90055688,443.91745026
1743206400000,2025-03-29 00:00:00,2.55874239,1.780043,3065.52802239,3073.04961487
1743210000000,2025-03-29 01:00:00,0.3070867,1.45690607,441.94448684,453.87413856
1743213600000,2025-03-29 02:00:00,0.31750975,1.23014308,221.04659087,224.47939014
1743217200000,2025-03-29 03:00:00,0.37843009,0.78160277,592.57244827,610.78616401
1743220800000,2025-03-29 04:00:00,0.36373826,0.73019662,374.50041801,382.65264805
1743224400000,2025-03-29 05:00:00,0.22639162,0.63198672,242.58655305,250.16273675
1743228000000,2025-03-29 06:00:00,0.38780572,0.64852922,457.30492764,472.73517107
1743231600000,2025-03-29 07:00:00,0.1159644,0.29956093,144.87512912,152.72512128
1743235200000,2025-03-29 08:00:00,0.33815811,0.30399971,480.23730408,488.97662324
1743238800000,2025-03-29 09:00:00,0.21924644,0.28996209,289.82854198,297.73666604
1743242400000,2025-03-29 10:00:00,0.40804016,0.2941921,638.12423702,658.98485308
1743246000000,2025-03-29 11:00:00,0.30030572,0.28513031,454.30057042,470.57905687
1743249600000,2025-03-29 12:00:00,0.24393911,0.28763709,338.62893784,351.51626256
1743253200000,2025-03-29 13:00:00,3.11789912,0.67765044,5073.30297508,5082.17555834
1743256800000,2025-03-29 14:00:00,0.43310239,0.72295586,600.55448913,608.94195593
1743260400000,2025-03-29 15:00:00,0.12517478,0.69252967,141.9637477,148.95798768
1743264000000,2025-03-29 16:00:00,0.26668891,0.69930717,808.76509688,837.6698523
1743267600000,2025-03-29 17:00:00,4.30150339,1.2555162,5988.10973124,8202.96696807
1743271200000,2025-03-29 18:00:00,0.25792995,1.24946252,256.51468839,261.79889707
1743274800000,2025-03-29 19:00:00,0.19640766,1.24267231,510.0983343,529.51505524
1743278400000,2025-03-29 20:00:00,0.62853352,0.88704866,952.90615547,967.94162605
1743282000000,2025-03-29 21:00:00,0.22423457,0.8572104,332.6082252,342.85465084
1743285600000,2025-03-29 22:00:00,0.32215569,0.88535053,441.74214603,450.0514946
1743289200000,2025-03-29 23:00:00,0.29881108,0.88993941,380.1242136,386.96034816
1743292800000,2025-03-30 00:00:00,0.74052138,0.38122769,735.75291291,741.26189941
1743296400000,2025-03-30 01:00:00,0.43570509,0.40662414,401.15307915,406.51285342
1743300000000,2025-03-30 02:00:00,0.57469365,0.460665,589.5099474,595.95731131
1743303600000,2025-03-30 03:00:00,3.9684557,0.93779674,4511.85577573,4528.00795059
1743307200000,2025-03-30 04:00:00,1.15510811,1.07077867,919.56820432,925.24159376
1743310800000,2025-03-30 05:00:00,0.52764766,1.10013467,459.46518611,463.80229637
1743314400000,2025-03-30 06:00:00,0.38953586,1.11309535,397.0916621,401.61147304
1743318000000,2025-03-30 07:00:00,0.35056171,1.05738683,403.28405072,408.05382779
1743321600000,2025-03-30 08:00:00,0.46056203,1.06093782,487.43071673,494.64362053
1743325200000,2025-03-30 09:00:00,0.284491,1.0194803,274.80217248,277.94771027
1743328800000,2025-03-30 10:00:00,0.55905929,0.53242367,859.01763625,867.66001065
1743332400000,2025-03-30 11:00:00,0.37669658,0.42122202,386.57862465,391.01104699
1743336000000,2025-03-30 12:00:00,0.05209145,0.35328542,22.64874663,23.75370039
1743339600000,2025-03-30 13:00:00,0.55910753,0.37750994,597.91829572,604.95434401
1743343200000,2025-03-30 14:00:00,0.21134319,0.35762158,303.06876368,310.04045426
1743346800000,2025-03-30 15:00:00,0.18451034,0.31818563,365.30260976,383.22797118
1743350400000,2025-03-30 16:00:00,0.79151107,0.39061706,1141.30575333,1150.06558963
1743354000000,2025-03-30 17:00:00,0.68416684,0.40848957,1039.75353647,1050.8802615
1743357600000,2025-03-30 18:00:00,0.28150308,0.3948905,527.8395322,539.92291616
1743361200000,2025-03-30 19:00:00,0.35508094,0.43817471,418.72139273,425.74204114
1743364800000,2025-03-30 20:00:00,0.7576532,0.46653838,1343.52135258,1356.95687639
1743368400000,2025-03-30 21:00:00,0.40166455,0.49372715,479.84201467,486.014106
1743372000000,2025-03-30 22:00:00,0.69879279,0.56719607,937.37200148,948.96061046
1743375600000,2025-03-30 23:00:00,0.47457552,0.52191956,428.92116254,434.23660348
1743379200000,2025-03-31 00:00:00,0.45640399,0.48938201,470.72656989,478.31137813
1743382800000,2025-03-31 01:00:00,0.70541312,0.54994059,639.61308097,647.56924461
1743386400000,2025-03-31 02:00:00,0.84597326,0.62006806,981.3933953,1004.17026372
1743390000000,2025-03-31 03:00:00,1.13627341,0.67415666,855.08692877,862.43152082
1743393600000,2025-03-31 04:00:00,1.00110694,0.75979129,1042.72494961,1056.16781722
1743397200000,2025-03-31 05:00:00,1.08216691,0.81455902,1167.60573766,1184.97276983
1743400800000,2025-03-31 06:00:00,1.51936024,0.96381398,1485.72222854,1540.6312866
1743404400000,2025-03-31 07:00:00,1.16552179,1.06511652,1798.95571269,1821.71055004
1743408000000,2025-03-31 08:00:00,0.75469748,1.07215715,1019.80417818,1038.46373747
1743411600000,2025-03-31 09:00:00,0.41489757,1.01057491,502.40843851,516.96237683
1743415200000,2025-03-31 10:00:00,0.57858208,0.93090472,566.22722399,572.21767957
1743418800000,2025-03-31 11:00:00,0.33233507,0.83536588,155.21520945,157.19448996
1743422400000,2025-03-31 12:00:00,0.50749353,0.75326968,1419.95563907,1500.15086166
1743426000000,2025-03-31 13:00:00,0.40940689,0.59470492,889.76658358,942.45465977
1743429600000,2025-03-31 14:00:00,1.51453349,0.64456373,3073.78563719,3154.77324964
1743433200000,2025-03-31 15:00:00,0.50554359,0.60897032,1032.2833925,1110.67926609
1743436800000,2025-03-31 16:00:00,2.43232542,0.8971743,6415.06358471,6569.71096849
1743440400000,2025-03-31 17:00:00,1.52733378,1.03271025,2806.21740428,2830.149492
1743444000000,2025-03-31 18:00:00,0.4589239,1.05079437,1195.88539007,1255.15686487
1743447600000,2025-03-31 19:00:00,0.37135278,1.03134569,757.03289505,783.92572101
1743451200000,2025-03-31 20:00:00,5.50572118,1.75939059,12934.45455017,12976.98482383
1743454800000,2025-03-31 21:00:00,1.04260283,1.69197193,1246.76676886,1256.33640896
1743458400000,2025-03-31 22:00:00,0.62835493,1.7095164,1162.10673477,1179.42220429
1743462000000,2025-03-31 23:00:00,0.22570832,1.39428539,234.44997928,241.95932114
1743465600000,2025-04-01 00:00:00,0.46825428,1.24298832,909.07806213,933.23077793
1743469200000,2025-04-01 01:00:00,1.13594102,1.33970505,1198.19621365,1205.23342056
1743472800000,2025-04-01 02:00:00,0.85314597,1.40853265,1084.01115268,1101.41145282
1743476400000,2025-04-01 03:00:00,1.19969581,0.79338617,1185.49919906,1196.09672217
1743480000000,2025-04-01 04:00:00,0.51258173,0.71766887,500.78208576,511.0439809
1743483600000,2025-04-01 05:00:00,0.47150549,0.6952618,301.851311,306.47856711
1743487200000,2025-04-01 06:00:00,0.63832616,0.75420721,1022.95191179,1038.5566564
1743490800000,2025-04-01 07:00:00,0.52965528,0.76297878,856.71360775,929.5450186
1743494400000,2025-04-01 08:00:00,0.49450058,0.67134443,906.83775883,942.5181039
1743498000000,2025-04-01 09:00:00,0.31291955,0.59416923,245.56073298,251.58731845
1743501600000,2025-04-01 10:00:00,0.89631677,0.55082937,2323.04457436,2471.14534166
1743505200000,2025-04-01 11:00:00,0.4599155,0.54330562,717.49679296,733.10531136
1743508800000,2025-04-01 12:00:00,1.01822089,0.62140782,1645.96837817,1668.86403364
1743512400000,2025-04-01 13:00:00,1.3121395,0.71766687,3136.28706595,3176.6897248
1743516000000,2025-04-01 14:00:00,1.74871899,0.89181883,3489.89729904,3759.74583442
1743519600000,2025-04-01 15:00:00,0.70038731,0.92123122,1926.3662303,2164.89718476
1743523200000,2025-04-01 16:00:00,0.80589359,0.99165608,1273.29865023,1598.89288566
1743526800000,2025-04-01 17:00:00,0.92178989,0.9952951,1700.19370137,1738.49572334
1743530400000,2025-04-01 18:00:00,0.55427166,1.00877455,1794.90285201,1951.59053217
1743534000000,2025-04-01 19:00:00,0.50122399,0.93491785,927.98363095,952.82680779
1743537600000,2025-04-01 20:00:00,0.61233173,0.83494531,1144.64529924,1192.20988251
1743541200000,2025-04-01 21:00:00,0.44739152,0.64904138,928.86255989,980.23481963
1743544800000,2025-04-01 22:00:00,0.43589994,0.61125747,590.13245746,603.72141793
1743548400000,2025-04-01 23:00:00,0.16055539,0.5190663,238.21062051,257.04917966
1743552000000,2025-04-02 00:00:00,0.88397186,0.51366373,1302.26790001,1340.985308
1743555600000,2025-04-02 01:00:00,0.75557705,0.54242164,754.44188526,768.42186081
1743559200000,2025-04-02 02:00:00,0.62523326,0.56013725,867.33733808,904.71253311
1743562800000,2025-04-02 03:00:00,0.6248278,0.5619224,806.76068776,824.14786238
1743566400000,2025-04-02 04:00:00,0.96900142,0.6364381,888.58319857,906.01632851
1743570000000,2025-04-02 05:00:00,0.26832151,0.61249833,338.80409897,356.06263732
1743573600000,2025-04-02 06:00:00,0.89571491,0.71752112,276.67845208,279.46305055
1743577200000,2025-04-02 07:00:00,0.49989581,0.66265311,1114.2766412,1145.26130077
1743580800000,2025-04-02 08:00:00,0.78050349,0.66621403,1358.42487726,1398.66226078
1743584400000,2025-04-02 09:00:00,0.29019326,0.61835117,388.65667589,401.3372747
1743588000000,2025-04-02 10:00:00,0.90126127,0.65784167,1604.55060985,1642.9992896
1743591600000,2025-04-02 11:00:00,1.34644631,0.71176237,2287.15357071,2309.15542203
1743595200000,2025-04-02 12:00:00,1.07377926,0.82682776,1935.55796834,1997.22941952
1743598800000,2025-04-02 13:00:00,0.72245399,0.8020762,1528.43221429,1598.79067628
1743602400000,2025-04-02 14:00:00,1.76835999,0.98328537,3419.24688487,3678.18877502
1743606000000,2025-04-02 15:00:00,1.84992374,1.13605969,3812.01057575,4404.66842457
1743609600000,2025-04-02 16:00:00,1.0974714,1.25138514,2325.67479601,2635.02883385
1743613200000,2025-04-02 17:00:00,0.69096514,1.22134283,1393.73585272,1474.51961526
1743616800000,2025-04-02 18:00:00,0.54729927,1.10717897,1104.39305925,1171.76773285
1743620400000,2025-04-02 19:00:00,0.42675561,1.01474702,897.05138802,957.63959369
1743624000000,2025-04-02 20:00:00,0.82960846,1.0300548,1127.03819781,1211.22834457
1743627600000,2025-04-02 21:00:00,0.83453154,0.89665074,2202.57986516,2244.88983138
1743631200000,2025-04-02 22:00:00,2.47993119,0.9866518,4270.45387242,4327.47992311
1743634800000,2025-04-02 23:00:00,1.29015462,1.01417798,1697.01217156,1714.61548932
1743638400000,2025-04-03 00:00:00,0.71460667,1.01755534,609.07013968,615.27634236
1743642000000,2025-04-03 01:00:00,0.66350081,1.03415556,978.99161008,999.89572624
1743645600000,2025-04-03 02:00:00,1.92670227,1.24843365,1933.12757256,1974.86982841
1743649200000,2025-04-03 03:00:00,0.53713096,1.20665115,701.52591993,721.90401544
1743652800000,2025-04-03 04:00:00,1.4474833,1.29421569,1647.36503333,1670.39573119
1743656400000,2025-04-03 05:00:00,0.39335565,0.99613347,392.84933838,403.18954097
1743660000000,2025-04-03 06:00:00,0.4757616,0.87979161,701.3179807,723.15763911
1743663600000,2025-04-03 07:00:00,0.89459141,0.90550371,1019.49615845,1031.46389547
1743667200000,2025-04-03 08:00:00,0.65171362,0.90381983,1034.46930923,1055.77606055
1743670800000,2025-04-03 09:00:00,0.54896973,0.7070009,831.5450124,849.25617523
1743674400000,2025-04-03 10:00:00,2.20689624,0.94553879,4857.33228312,4921.37861916
1743678000000,2025-04-03 11:00:00,0.79096461,0.85175041,1031.69830973,1044.86424809
1743681600000,2025-04-03 12:00:00,0.4522666,0.86016626,835.83539758,857.04520968
1743685200000,2025-04-03 13:00:00,1.26145801,0.9724086,2636.04072675,2671.76806987
1743688800000,2025-04-03 14:00:00,0.9599105,0.9817399,2101.67920731,2185.71620814
1743692400000,2025-04-03 15:00:00,1.01452002,1.03356939,2416.53268347,2458.18200679
1743696000000,2025-04-03 16:00:00,0.78726827,1.06761204,816.93743952,824.26987778
1743699600000,2025-04-03 17:00:00,1.90766403,1.02486458,6515.06812291,6648.20915948
1743703200000,2025-04-03 18:00:00,2.23170164,1.23068415,5706.46247368,5784.57066339
1743706800000,2025-04-03 19:00:00,0.54069013,1.24331609,1148.33731058,1191.14035707
1743710400000,2025-04-03 20:00:00,1.367413,1.25845251,1855.88475543,1871.98839272
1743714000000,2025-04-03 21:00:00,0.32427082,1.16764684,695.88445603,722.79965988
1743717600000,2025-04-03 22:00:00,0.57981732,1.10554646,672.02673672,682.44498226
1743721200000,2025-04-03 23:00:00,1.41362021,1.19502531,2792.14913067,2831.48127841
1743724800000,2025-04-04 00:00:00,0.85411229,1.04451792,1194.26557173,1215.4017836
1743728400000,2025-04-04 01:00:00,0.40668,0.78380054,323.74567485,327.78408225
1743732000000,2025-04-04 02:00:00,0.74717821,0.81329884,1188.38755881,1203.70408981
1743735600000,2025-04-04 03:00:00,0.52349251,0.69273877,563.88713978,573.74778712
1743739200000,2025-04-04 04:00:00,0.84204034,0.76670584,861.23380424,868.14359343
1743742800000,2025-04-04 05:00:00,0.44407679,0.74731434,425.67774249,431.64263793
1743746400000,2025-04-04 06:00:00,0.50982321,0.61820048,719.75718409,735.67489114
1743750000000,2025-04-04 07:00:00,0.43309891,0.55805571,652.39305111,666.53922867
1743753600000,2025-04-04 08:00:00,1.89613879,0.77083554,3089.40925615,3160.86336958
1743757200000,2025-04-04 09:00:00,0.56829418,0.74528068,1045.57804722,1096.80777216
1743760800000,2025-04-04 10:00:00,1.34230291,0.86225359,2448.12868239,2535.61019097
1743764400000,2025-04-04 11:00:00,0.63613734,0.83283888,965.7253257,987.28515418
1743768000000,2025-04-04 12:00:00,1.12519487,0.93014146,2117.51406532,2234.63700872
1743771600000,2025-04-04 13:00:00,2.60764364,1.22983009,5436.32556942,5470.83635824
1743775200000,2025-04-04 14:00:00,1.28498985,1.3515288,2912.31459919,3031.29106666
1743778800000,2025-04-04 15:00:00,1.3647074,1.27561003,3325.07095322,3362.63903425
1743782400000,2025-04-04 16:00:00,0.74666954,1.30109222,322.53730544,324.80124859
1743786000000,2025-04-04 17:00:00,1.32008425,1.29791813,3755.75383913,3908.76947609
1743789600000,2025-04-04 18:00:00,2.25861639,1.52970085,5333.40494108,5481.66197582
1743793200000,2025-04-04 19:00:00,0.30076939,1.41192578,683.25185204,708.01114475
1743796800000,2025-04-04 20:00:00,0.96455245,1.17719847,1649.4305256,1671.56939351
1743800400000,2025-04-04 21:00:00,0.33083745,1.04089098,1047.05245389,1090.77106473
1743804000000,2025-04-04 22:00:00,0.73583576,0.95105218,989.24911388,1002.20830598
1743807600000,2025-04-04 23:00:00,0.3190502,0.8899637,533.66575953,546.2139467
1743811200000,2025-04-05 00:00:00,0.35552791,0.75216994,594.2461986,608.6637865
1743814800000,2025-04-05 01:00:00,0.30039874,0.47242456,340.52235127,347.56134118
1743818400000,2025-04-05 02:00:00,0.31138897,0.47394164,93.46216889,94.66224658
1743822000000,2025-04-05 03:00:00,0.48683791,0.40569671,823.96531335,841.74275429
1743825600000,2025-04-05 04:00:00,0.73477955,0.46340272,671.99406074,678.2015205
1743829200000,2025-04-05 05:00:00,0.81725929,0.47503465,1065.29211176,1077.96499761
1743832800000,2025-04-05 06:00:00,0.6854008,0.52737045,897.73373479,905.41446053
1743836400000,2025-04-05 07:00:00,0.42811251,0.53773968,541.20216347,549.6964596
1743840000000,2025-04-05 08:00:00,0.38636425,0.55002047,422.9958324,429.63704489
1743843600000,2025-04-05 09:00:00,0.43657989,0.56790489,579.82569295,587.19994899
1743847200000,2025-04-05 10:00:00,0.31188189,0.54291117,564.49072751,579.47654673
1743850800000,2025-04-05 11:00:00,0.47630654,0.50598645,640.04401473,648.25319484
1743854400000,2025-04-05 12:00:00,0.61722255,0.47740978,996.99958671,1009.1588759
1743858000000,2025-04-05 13:00:00,0.57169651,0.46116631,956.62509374,971.88407449
1743861600000,2025-04-05 14:00:00,0.47900596,0.4684368,728.80000581,738.14818188
1743865200000,2025-04-05 15:00:00,0.24546839,0.44830882,447.51139144,460.98963443
1743868800000,2025-04-05 16:00:00,0.40592876,0.44393009,365.84487734,369.80110109
1743872400000,2025-04-05 17:00:00,0.13640085,0.41886137,298.72782243,314.26755585
1743876000000,2025-04-05 18:00:00,0.31675959,0.39606894,489.68347348,499.52987557
1743879600000,2025-04-05 19:00:00,0.25641092,0.34452443,290.66505186,297.43667066
1743883200000,2025-04-05 20:00:00,0.21035848,0.29290471,474.31956388,496.44600399
1743886800000,2025-04-05 21:00:00,0.39787873,0.2813151,580.80966489,590.45203619
1743890400000,2025-04-05 22:00:00,1.47056744,0.45632925,1904.97462487,1913.20823934
1743894000000,2025-04-05 23:00:00,0.45873837,0.46387348,582.04243619,589.02006707
1743897600000,2025-04-06 00:00:00,0.28911837,0.48569027,238.51854936,242.28119741
1743901200000,2025-04-06 01:00:00,0.01676614,0.44283406,6.17928179,10.39500554
1743904800000,2025-04-06 02:00:00,0.68413263,0.50393717,873.82440499,881.84695796
1743908400000,2025-04-06 03:00:00,0.35259462,0.52425661,410.42761598,423.81872765
1743912000000,2025-04-06 04:00:00,1.11381263,0.62653289,840.14105495,847.61141256
1743915600000,2025-04-06 05:00:00,0.25881975,0.45342607,239.96814406,244.84348443
1743919200000,2025-04-06 06:00:00,0.73664168,0.49312655,72.83927632,72.92752623
1743922800000,2025-04-06 07:00:00,0.21517311,0.48256294,388.64861742,398.93095011
1743926400000,2025-04-06 08:00:00,0.67066727,0.57597738,832.22127283,841.01675553
1743930000000,2025-04-06 09:00:00,0.41877449,0.53806908,259.4326494,261.31528323
1743933600000,2025-04-06 10:00:00,0.22433559,0.51974636,292.31929725,299.26367572
1743937200000,2025-04-06 11:00:00,0.49560084,0.43143039,385.39832296,388.05546019
1743940800000,2025-04-06 12:00:00,1.49652304,0.60824515,2396.39910966,2406.40905302
1743944400000,2025-04-06 13:00:00,0.39629001,0.55962348,723.93449191,741.85490066
1743948000000,2025-04-06 14:00:00,0.96664588,0.66697673,1191.71405171,1200.57418819
1743951600000,2025-04-06 15:00:00,0.4353548,0.63336066,694.31092224,707.88689773
1743955200000,2025-04-06 16:00:00,1.03047605,0.7207466,1577.98619112,1596.20740503
1743958800000,2025-04-06 17:00:00,0.35611447,0.73957216,721.70352257,776.68565522
1743962400000,2025-04-06 18:00:00,0.85427184,0.79081087,1935.46010081,2104.07154545
1743966000000,2025-04-06 19:00:00,0.68541578,0.6749384,1013.7969147,1057.59654942
1743969600000,2025-04-06 20:00:00,0.93244326,0.75153173,2203.22213918,2360.01388069
1743973200000,2025-04-06 21:00:00,0.60530341,0.69991137,912.69993141,961.82712461
1743976800000,2025-04-06 22:00:00,1.23768158,0.81452948,1894.68084136,2042.17460452
1743980400000,2025-04-06 23:00:00,0.57858689,0.74997389,748.10426013,812.91458612
1743984000000,2025-04-07 00:00:00,1.88135459,0.96786534,2387.74328299,2473.98128847
1743987600000,2025-04-07 01:00:00,1.18928813,1.01572481,1590.04541783,1638.83903832
1743991200000,2025-04-07 02:00:00,1.62065505,1.14933042,1488.81401841,1507.20919617
1743994800000,2025-04-07 03:00:00,0.52133704,1.09060096,379.43600085,393.60946356
1743998400000,2025-04-07 04:00:00,1.34569986,1.19637188,2404.22865795,2527.22433483
1744002000000,2025-04-07 05:00:00,0.70331772,1.12003418,266.82660945,272.18395631
1744005600000,2025-04-07 06:00:00,1.80425613,1.29512979,3360.98391505,3740.22295201
1744009200000,2025-04-07 07:00:00,0.86866427,1.15045974,1478.57262808,1606.16023919
1744012800000,2025-04-07 08:00:00,1.78649499,1.23577501,3140.1360687,4680.61686759
1744016400000,2025-04-07 09:00:00,0.92054291,1.13575899,1506.43647699,1586.09544054
1744020000000,2025-04-07 10:00:00,2.64379365,1.43896708,2792.6373351,2812.99644083
1744023600000,2025-04-07 11:00:00,1.85131812,1.51119826,3412.38496585,3697.08228693
1744027200000,2025-04-07 12:00:00,1.47553884,1.62151556,2637.79447147,2719.41808632
1744030800000,2025-04-07 13:00:00,1.94313517,1.64135542,3666.24049448,3773.56850919
1744034400000,2025-04-07 14:00:00,0.79800824,1.6312617,1452.98950828,1556.11606479
1744038000000,2025-04-07 15:00:00,2.21107335,1.69191575,5162.39420824,5574.11591478
1744041600000,2025-04-07 16:00:00,6.3426884,2.46650797,6438.78897952,6450.51410424
1744045200000,2025-04-07 17:00:00,1.71903425,2.33439948,2499.94866741,2530.41841671
1744048800000,2025-04-07 18:00:00,1.15791181,2.23534144,3448.27235971,3659.00131635
1744052400000,2025-04-07 19:00:00,0.50705932,2.09698722,1055.03674466,1095.75519684
1744056000000,2025-04-07 20:00:00,1.40451183,2.02004103,2207.19880281,2382.05205788
1744059600000,2025-04-07 21:00:00,0.8034956,2.02082494,1697.96127423,1732.33651528
1744063200000,2025-04-07 22:00:00,0.65636812,1.79872419,1074.06575086,1094.82202155
1744066800000,2025-04-07 23:00:00,0.54679766,0.9707398,444.52703678,450.0144767
1744070400000,2025-04-08 00:00:00,0.35895647,0.77644297,610.28709428,630.32756373
1744074000000,2025-04-08 01:00:00,0.59314792,0.69576242,627.2544819,637.04086674
1744077600000,2025-04-08 02:00:00,1.09383948,0.77958815,1182.86019809,1197.75422882
1744081200000,2025-04-08 03:00:00,0.50711179,0.65138815,166.4706843,167.85400365
1744084800000,2025-04-08 04:00:00,0.54073741,0.61385126,691.61778884,718.6400234
1744088400000,2025-04-08 05:00:00,0.5103697,0.59299435,640.98408322,662.45987303
1744092000000,2025-04-08 06:00:00,1.17323296,0.6824851,1415.92093993,1454.80886949
1744095600000,2025-04-08 07:00:00,0.69933808,0.73111105,1102.77507788,1121.03893441
1744099200000,2025-04-08 08:00:00,0.53709983,0.72310418,730.65516666,751.40266717
1744102800000,2025-04-08 09:00:00,1.5447177,0.78751535,2582.70120286,2615.20706291
1744106400000,2025-04-08 10:00:00,1.43292405,0.91977425,2189.72310384,2229.62981453
1744110000000,2025-04-08 11:00:00,0.80038571,0.95686686,625.07308333,630.70394043
1744113600000,2025-04-08 12:00:00,0.69020846,0.98255811,1193.94395257,1227.88084206
1744117200000,2025-04-08 13:00:00,0.77620025,0.92583915,1454.29117761,1496.5140843
1744120800000,2025-04-08 14:00:00,0.61981895,0.91447928,483.47544898,489.65697192
1744124400000,2025-04-08 15:00:00,1.37623354,1.03435552,4241.35126603,4346.14551399
1744128000000,2025-04-08 16:00:00,1.23031788,0.98944126,2605.20850444,2672.2504288
1744131600000,2025-04-08 17:00:00,1.24540774,0.96265322,2552.45199281,2584.22106523
1744135200000,2025-04-08 18:00:00,1.28672726,1.03213058,1916.12167567,1942.9581587
1744138800000,2025-04-08 19:00:00,1.96675793,1.21449479,4054.16840666,4102.65704889
1744142400000,2025-04-08 20:00:00,1.56499671,1.32718,3277.76751684,3389.7828643
1744146000000,2025-04-08 21:00:00,0.37514697,1.29222686,572.20244441,591.60677801
1744149600000,2025-04-08 22:00:00,1.6247092,1.32772338,2776.53920338,2810.74691028
1744153200000,2025-04-08 23:00:00,0.52999162,1.22767678,758.55225663,778.02770502
1744156800000,2025-04-09 00:00:00,0.71706428,1.15219914,279.25474606,281.08919818
1744160400000,2025-04-09 01:00:00,1.09042012,1.12415526,1676.42652527,1716.32126612
1744164000000,2025-04-09 02:00:00,3.21284528,1.30216774,1506.18866341,1510.03728091
1744167600000,2025-04-09 03:00:00,1.08731368,1.23392731,2013.76672602,2088.72957351
1744171200000,2025-04-09 04:00:00,1.06927014,1.33308776,1299.36709985,1390.05117618
1744174800000,2025-04-09 05:00:00,0.53100206,1.17684388,608.28866168,633.48545359
1744178400000,2025-04-09 06:00:00,1.14085834,1.26411056,428.3567957,430.10359303
1744182000000,2025-04-09 07:00:00,1.33827979,1.35285563,2693.334835,2754.17981782
1744185600000,2025-04-09 08:00:00,1.44439567,1.40342357,1883.58023054,1916.71305432
1744189200000,2025-04-09 09:00:00,0.72468156,1.04797161,1109.9362707,1136.30069163
1744192800000,2025-04-09 10:00:00,3.26603817,1.35921796,3929.80349699,4258.91377334
1744196400000,2025-04-09 11:00:00,0.44512117,1.27005382,653.18776423,679.25490012
1744200000000,2025-04-09 12:00:00,1.08710827,1.34949757,1691.14452026,1741.54745046
1744203600000,2025-04-09 13:00:00,1.48003403,1.39795124,3137.95514205,3272.35524098
1744207200000,2025-04-09 14:00:00,1.28196642,1.38990647,2282.9005135,2397.27720976
1744210800000,2025-04-09 15:00:00,1.9284232,1.45905326,3633.41941018,3691.00200046
1744214400000,2025-04-09 16:00:00,2.41887833,1.70108137,3607.73151101,3625.8986096
1744218000000,2025-04-09 17:00:00,0.6405784,1.32601569,1094.50267511,1175.46136863
1744221600000,2025-04-09 18:00:00,1.10752014,1.42064411,3641.67679165,3928.373946
1744225200000,2025-04-09 19:00:00,0.72681686,1.36917391,1364.38747528,1415.83923366
1744228800000,2025-04-09 20:00:00,1.82545462,1.41851971,3379.48268869,3663.68741685
1744232400000,2025-04-09 21:00:00,1.42640534,1.43915384,3526.31518625,3658.72970931
1744236000000,2025-04-09 22:00:00,0.74246242,1.26973087,1115.71033499,1135.22503785
1744239600000,2025-04-09 23:00:00,0.79928621,1.03836057,1163.5721873,1179.74644764
1744243200000,2025-04-10 00:00:00,1.0478627,1.09654404,1305.6016199,1337.07280589
1744246800000,2025-04-10 01:00:00,0.7585642,1.04669319,1135.46179793,1166.67174529
1744250400000,2025-04-10 02:00:00,0.84632273,1.06376546,1022.98812776,1051.13282669
1744254000000,2025-04-10 03:00:00,0.99645354,0.94533673,1167.13826166,1188.7690775
1744257600000,2025-04-10 04:00:00,1.2084328,0.9141978,1124.68803368,1156.47019008
1744261200000,2025-04-10 05:00:00,0.78248673,0.91991556,850.05991494,863.86534992
1744264800000,2025-04-10 06:00:00,0.72414273,0.90918078,1016.76700736,1042.76553364
1744268400000,2025-04-10 07:00:00,0.4165487,0.81899306,579.64185182,595.66463687
1744272000000,2025-04-10 08:00:00,1.04704177,0.86020414,1247.38552462,1274.24983227
1744275600000,2025-04-10 09:00:00,0.75993262,0.8478627,1262.67868509,1285.04605363
1744279200000,2025-04-10 10:00:00,2.82134056,1.10856084,3656.82147414,3693.13479423
1744282800000,2025-04-10 11:00:00,0.31574205,0.98103359,595.4059714,624.22202307
1744286400000,2025-04-10 12:00:00,1.41981358,1.07208029,2082.07977283,2141.07888439
1744290000000,2025-04-10 13:00:00,1.0952554,1.12509638,2058.89836831,2086.46154159
1744293600000,2025-04-10 14:00:00,1.65609305,1.30217415,3156.50873672,3212.82052453
1744297200000,2025-04-10 15:00:00,1.12473238,1.31327281,1104.34812002,1112.36032438
1744300800000,2025-04-10 16:00:00,0.99774843,1.34724649,2532.96882727,2808.66182976
1744304400000,2025-04-10 17:00:00,1.05629812,1.09509757,2340.40159555,2375.61447515
1744308000000,2025-04-10 18:00:00,0.89138059,1.17733165,1763.07195451,1802.37155759
