start_time,datetime,outflow_mean,outflow_mean_ma7,outflow_top10,outflow_total
1740715200000,2025-02-28 04:00:00,5.47875682,6.0626876,1739.25828397,1955.91618554
1740718800000,2025-02-28 05:00:00,6.05593018,6.04724018,1954.91714471,2216.47044764
1740722400000,2025-02-28 06:00:00,7.38060466,6.4687488,2356.91306386,2597.97283915
1740726000000,2025-02-28 07:00:00,2.18907691,6.1738692,584.79246018,595.42891902
1740729600000,2025-02-28 08:00:00,5.06815454,6.25492337,2182.82964448,2447.91864481
1740733200000,2025-02-28 09:00:00,5.66829648,5.76240278,2100.86425582,2216.30392272
1740736800000,2025-02-28 10:00:00,9.05639056,5.84245859,3606.99606089,3785.57125437
1740740400000,2025-02-28 11:00:00,10.80887873,6.60390458,4724.33664426,5447.67488118
1740744000000,2025-02-28 12:00:00,3.27785727,6.20703702,1200.44927572,1317.69862243
1740747600000,2025-02-28 13:00:00,4.65957305,5.81831822,1311.09695178,1351.27618333
1740751200000,2025-02-28 14:00:00,5.14902135,6.24116743,1492.77387399,1565.30248898
1740754800000,2025-02-28 15:00:00,16.4776075,7.87108928,7844.75961584,10001.90775215
1740758400000,2025-02-28 16:00:00,12.87438141,8.90052998,4532.56521638,5252.74761488
1740762000000,2025-02-28 17:00:00,8.71164545,8.85128068,3091.11452881,3310.42526996
1740765600000,2025-02-28 18:00:00,6.97885934,8.30413505,1643.44225838,1688.8839591
1740769200000,2025-02-28 19:00:00,9.23196146,9.15472137,3700.06144509,3840.49596708
1740772800000,2025-02-28 20:00:00,6.64366267,9.43816274,2987.68904604,3056.08482622
1740776400000,2025-02-28 21:00:00,11.45970011,10.33968828,2699.01329797,2715.94892611
1740780000000,2025-02-28 22:00:00,8.2791426,9.16847901,2578.69453094,2632.76734824
1740783600000,2025-02-28 23:00:00,8.29786457,8.51469089,2008.21337008,2032.9768196
1740787200000,2025-03-01 00:00:00,6.03253194,8.13196038,1255.87664337,1496.06792151
1740790800000,2025-03-01 01:00:00,4.61668348,7.79450669,1376.8875454,1417.32182685
1740794400000,2025-03-01 02:00:00,5.69739965,7.28956929,1390.36868239,1458.5343097
1740798000000,2025-03-01 03:00:00,3.92301229,6.90090495,1080.55686872,1129.82753967
1740801600000,2025-03-01 04:00:00,2.71691324,5.6519354,398.04864138,402.10316003
1740805200000,2025-03-01 05:00:00,4.57573653,5.12287739,1604.58678914,1784.53724602
1740808800000,2025-03-01 06:00:00,4.22147829,4.54053649,748.53773334,764.08757122
1740812400000,2025-03-01 07:00:00,5.1601517,4.41591074,1807.34734697,1873.13506836
1740816000000,2025-03-01 08:00:00,4.36535912,4.38000726,915.99992036,969.10972458
1740819600000,2025-03-01 09:00:00,13.88965452,5.55032938,1568.35793548,1569.53096109
1740823200000,2025-03-01 10:00:00,3.46407814,5.48476736,1393.86379874,1544.97885198
1740826800000,2025-03-01 11:00:00,7.05544738,6.10455795,1731.67862946,1792.08363573
1740830400000,2025-03-01 12:00:00,2.75087781,5.84386385,621.5272666,668.46330889
1740834000000,2025-03-01 13:00:00,5.27478909,5.99433682,2347.84363547,2458.05171659
1740837600000,2025-03-01 14:00:00,2.3902638,5.59863855,764.203233,836.59233108
1740841200000,2025-03-01 15:00:00,4.26138281,5.58378479,958.11403582,975.85666426
1740844800000,2025-03-01 16:00:00,2.24431159,3.92016437,754.55992687,848.3497822
1740848400000,2025-03-01 17:00:00,5.89353024,4.26722896,2012.7032881,2056.84205212
1740852000000,2025-03-01 18:00:00,6.37120918,4.16948065,1804.65838981,1841.27945401
1740855600000,2025-03-01 19:00:00,2.97312779,4.20123064,858.6219866,874.09957001
1740859200000,2025-03-01 20:00:00,1.31136043,3.63502655,306.1503601,327.84010827
1740862800000,2025-03-01 21:00:00,2.58949616,3.66348831,629.47383045,662.91101596
1740866400000,2025-03-01 22:00:00,5.57120259,3.85060543,1271.61485078,1359.37343097
1740870000000,2025-03-01 23:00:00,5.11937728,4.2613291,1230.50502468,1264.48618819
1740873600000,2025-03-02 00:00:00,4.27383386,4.0299439,801.92767397,837.67143722
1740877200000,2025-03-02 01:00:00,4.45013927,3.75550534,1107.89260494,1237.13871668
1740880800000,2025-03-02 02:00:00,2.84416256,3.73708174,945.11454981,1069.40512258
1740884400000,2025-03-02 03:00:00,2.20948129,3.86538472,468.93203759,528.06602738
1740888000000,2025-03-02 04:00:00,3.78294756,4.03587777,923.17067657,957.08573291
1740891600000,2025-03-02 05:00:00,3.01004402,3.66999798,700.11900155,716.39047749
1740895200000,2025-03-02 06:00:00,5.8503395,3.77442115,1021.03806398,1029.65975267
1740898800000,2025-03-02 07:00:00,2.23131921,3.48263334,358.59392107,386.01822276
1740902400000,2025-03-02 08:00:00,4.74038134,3.5240965,1603.43067459,1697.05651807
1740906000000,2025-03-02 09:00:00,2.93658778,3.5373001,602.46402533,684.22495271
1740909600000,2025-03-02 10:00:00,5.52280699,4.01063234,975.84306011,994.10525909
1740913200000,2025-03-02 11:00:00,4.86820997,4.16566983,853.15783359,876.27779477
1740916800000,2025-03-02 12:00:00,1.62265729,3.96747173,383.36533352,434.87215328
1740920400000,2025-03-02 13:00:00,4.85459065,3.82522189,1573.56905468,1669.97918449
1740924000000,2025-03-02 14:00:00,5.38350193,4.27553371,1347.55564897,1426.628011
1740927600000,2025-03-02 15:00:00,5.08045875,4.32411619,674.4974787,680.78147262
1740931200000,2025-03-02 16:00:00,7.89765556,5.03284016,2965.71803868,3530.25203751
1740934800000,2025-03-02 17:00:00,13.00978376,6.10240827,5248.0383847,6296.73533825
1740938400000,2025-03-02 18:00:00,4.85705066,6.10081409,1417.83485915,1549.39916132
1740942000000,2025-03-02 19:00:00,3.92803808,6.4301542,1246.81300904,1531.93485001
1740945600000,2025-03-02 20:00:00,9.03961354,7.02801461,2494.31542142,2666.68599396
1740949200000,2025-03-02 21:00:00,5.99829332,7.11584195,1785.29045981,1961.44191689
1740952800000,2025-03-02 22:00:00,5.68248179,7.20184524,1962.2504118,2210.48541557
1740956400000,2025-03-02 23:00:00,4.2689623,6.68346049,652.61338157,729.99255363
1740960000000,2025-03-03 00:00:00,5.56496272,5.61991463,2171.65783502,2409.62885767
1740963600000,2025-03-03 01:00:00,4.32464209,5.54385626,1209.03347356,1293.06798496
1740967200000,2025-03-03 02:00:00,2.38426852,5.32331775,608.9383422,631.83115766
1740970800000,2025-03-03 03:00:00,3.18140852,4.48643132,1072.03180742,1148.48847704
1740974400000,2025-03-03 04:00:00,4.36866644,4.25362748,1222.21358692,1341.18059557
1740978000000,2025-03-03 05:00:00,2.34649921,3.77705854,468.22435248,476.33934032
1740981600000,2025-03-03 06:00:00,3.35236514,3.64611609,946.05330923,1066.05211334
1740985200000,2025-03-03 07:00:00,7.70503408,3.95184057,2812.46472855,2904.79784921
1740988800000,2025-03-03 08:00:00,15.56621672,5.5577798,4907.38430115,4981.18935067
1740992400000,2025-03-03 09:00:00,4.16748671,5.81252526,419.8439966,420.91615788
1740996000000,2025-03-03 10:00:00,6.9475806,6.35054984,3446.76231005,3744.74594268
1740999600000,2025-03-03 11:00:00,11.68210068,7.39532616,3623.74317586,3668.17961471
1741003200000,2025-03-03 12:00:00,8.79528617,8.31658144,2595.22120921,2647.3811378
1741006800000,2025-03-03 13:00:00,10.11555115,9.28275087,3173.4947132,3287.55412441
1741010400000,2025-03-03 14:00:00,5.12447972,8.91410025,2052.06191916,2188.15283976
1741014000000,2025-03-03 15:00:00,15.40933455,8.89168851,6514.07426353,7026.6565548
1741017600000,2025-03-03 16:00:00,8.89762043,9.5674219,2473.85545116,2553.61706247
1741021200000,2025-03-03 17:00:00,6.45430082,9.49695336,2008.24769314,2091.19346471
1741024800000,2025-03-03 18:00:00,10.5345086,9.33301163,4367.87659269,4487.70066501
1741028400000,2025-03-03 19:00:00,10.80042095,9.61945946,4487.10217276,4762.98563824
1741032000000,2025-03-03 20:00:00,6.9452459,9.16655871,2012.00300275,2062.73803294
1741035600000,2025-03-03 21:00:00,5.14525164,9.16952613,1894.50977932,1986.06713276
1741039200000,2025-03-03 22:00:00,5.22894128,7.71518423,1648.67562256,1699.40591684
1741042800000,2025-03-03 23:00:00,4.70150964,7.11573983,773.31819119,785.15210917
1741046400000,2025-03-04 00:00:00,5.2653209,6.94588556,1439.53369947,1463.75921031
1741050000000,2025-03-04 01:00:00,3.13102077,5.88824444,988.41619615,1033.2368551
1741053600000,2025-03-04 02:00:00,4.95557205,5.05326603,1659.31361249,1793.91708291
1741057200000,2025-03-04 03:00:00,4.69855963,4.73231084,1288.3158062,1339.08949357
1741060800000,2025-03-04 04:00:00,4.31924724,4.61431022,1725.93941205,1788.16835942
1741064400000,2025-03-04 05:00:00,4.8553402,4.56093863,932.79414951,946.79133817
1741068000000,2025-03-04 06:00:00,2.45205539,4.23958803,693.10483448,787.10977976
1741071600000,2025-03-04 07:00:00,2.03411151,3.77798668,437.16782193,451.57275544
1741075200000,2025-03-04 08:00:00,5.8128368,4.16110326,2218.22226184,2319.32188164
1741078800000,2025-03-04 09:00:00,5.4497042,4.23169357,1712.15934605,1760.25445737
1741082400000,2025-03-04 10:00:00,3.91963826,4.12041909,1434.11817559,1458.10543264
1741086000000,2025-03-04 11:00:00,3.0683714,3.94172254,654.879866,665.83659421
1741089600000,2025-03-04 12:00:00,7.84710008,4.36911681,3144.75574869,3217.31103404
1741093200000,2025-03-04 13:00:00,4.5927575,4.67493139,1563.72636999,1676.35648722
1741096800000,2025-03-04 14:00:00,15.18688721,6.55389935,5534.64518061,5786.20402599
1741100400000,2025-03-04 15:00:00,10.51444138,7.22555715,2416.93078424,2576.03813824
1741104000000,2025-03-04 16:00:00,2.9392032,6.86691415,1182.01868632,1316.76303556
1741107600000,2025-03-04 17:00:00,15.55560376,8.52919493,5876.8351465,6020.01865583
1741111200000,2025-03-04 18:00:00,7.80594076,9.20599056,2442.09682654,2490.095102
1741114800000,2025-03-04 19:00:00,10.82015857,9.6307132,3933.21191659,4111.66025681
1741118400000,2025-03-04 20:00:00,4.13388388,9.56515982,811.25569658,826.7767767
1741122000000,2025-03-04 21:00:00,6.96969177,8.39127476,1764.44686487,1839.9986268
1741125600000,2025-03-04 22:00:00,7.73697589,7.99449398,3204.89084317,3342.37358402
1741129200000,2025-03-04 23:00:00,5.71369758,8.39085032,1605.95074235,1639.83120664
1741132800000,2025-03-05 00:00:00,1.5391211,6.38849565,457.61147876,474.04929911
1741136400000,2025-03-05 01:00:00,3.9696077,5.84044807,1126.21176182,1171.03427093
1741140000000,2025-03-05 02:00:00,2.25072334,4.61624304,595.97987173,621.19964113
1741143600000,2025-03-05 03:00:00,5.55407913,4.81912807,1394.95455363,1427.39833761
1741147200000,2025-03-05 04:00:00,2.8825912,4.23525656,761.11659897,786.9473966
1741150800000,2025-03-05 05:00:00,3.34465011,3.60778145,788.83033638,802.7160274
1741154400000,2025-03-05 06:00:00,2.74481662,3.1836556,496.28742692,505.04625809
1741158000000,2025-03-05 07:00:00,5.25609774,3.71465226,1601.46224825,1660.92688481
1741161600000,2025-03-05 08:00:00,3.15121788,3.59773943,853.62763047,901.24831467
1741165200000,2025-03-05 09:00:00,2.55943566,3.64184119,479.49197187,493.97108231
1741168800000,2025-03-05 10:00:00,5.11845231,3.57960879,1615.91901115,1689.0892631
1741172400000,2025-03-05 11:00:00,3.37888166,3.65050743,895.00865206,949.46574723
1741176000000,2025-03-05 12:00:00,3.78263829,3.71307717,1301.31351797,1350.40186852
1741179600000,2025-03-05 13:00:00,4.37038099,3.94530065,1229.33311001,1284.89201039
1741183200000,2025-03-05 14:00:00,4.13338986,3.78491381,1791.34998779,1831.09170617
1741186800000,2025-03-05 15:00:00,6.68731133,4.29007001,2668.51500781,2781.92151418
1741190400000,2025-03-05 16:00:00,2.83935289,4.33005819,909.05190898,959.70127798
1741194000000,2025-03-05 17:00:00,5.7996838,4.42737697,797.9217754,806.15604815
1741197600000,2025-03-05 18:00:00,4.65283099,4.60936974,1940.45083605,1982.10600063
1741201200000,2025-03-05 19:00:00,3.4933137,4.56803765,1061.00228669,1107.38044215
1741204800000,2025-03-05 20:00:00,5.9880876,4.7991386,1470.67674436,1503.00998701
1741208400000,2025-03-05 21:00:00,2.81504596,4.61080375,960.07832843,1007.78645491
1741212000000,2025-03-05 22:00:00,4.07543405,4.23767843,839.59145026,851.76571747
1741215600000,2025-03-05 23:00:00,3.63576726,4.35145191,964.63934121,981.65716074
1741219200000,2025-03-06 00:00:00,3.35838977,4.00269562,931.15469821,953.78269345
1741222800000,2025-03-06 01:00:00,3.33923911,3.81503964,929.35190858,948.34390668
1741226400000,2025-03-06 02:00:00,3.27975319,3.78453099,908.091082,938.0094128
1741230000000,2025-03-06 03:00:00,3.46069648,3.42347512,767.32692038,795.9601901
1741233600000,2025-03-06 04:00:00,1.90352889,3.29325839,409.72590359,420.67988454
1741237200000,2025-03-06 05:00:00,2.64258113,3.08856512,606.44117314,634.21947198
1741240800000,2025-03-06 06:00:00,4.28258981,3.18096834,954.77746309,1006.40860589
1741244400000,2025-03-06 07:00:00,4.99103457,3.41420331,1355.4576851,1387.50760927
1741248000000,2025-03-06 08:00:00,7.27351737,3.97624306,1954.89774654,2014.76431063
1741251600000,2025-03-06 09:00:00,2.6361835,3.88430454,646.45552504,677.49915991
1741255200000,2025-03-06 10:00:00,3.20186467,3.84732856,1013.48563313,1088.63398819
1741258800000,2025-03-06 11:00:00,2.31298368,3.9058221,630.54753863,656.8873645
1741262400000,2025-03-06 12:00:00,5.6792259,4.3396285,1338.50200883,1357.33498985
1741266000000,2025-03-06 13:00:00,4.71628822,4.40158542,1635.36790763,1683.71489498
1741269600000,2025-03-06 14:00:00,4.42261326,4.32038237,1734.41786556,1782.31314335
1741273200000,2025-03-06 15:00:00,9.0754713,4.57780436,3367.77963688,3448.67909482
1741276800000,2025-03-06 16:00:00,1.99577381,4.48631726,665.72007693,720.4743455
1741280400000,2025-03-06 17:00:00,3.85625677,4.57980185,998.53152836,1052.7580982
1741284000000,2025-03-06 18:00:00,6.12698197,5.12465875,2157.41711544,2230.22143714
1741287600000,2025-03-06 19:00:00,3.66694565,4.83719014,1014.08457359,1041.41256384
1741291200000,2025-03-06 20:00:00,4.66938232,4.8304893,1247.27004514,1284.08013856
1741294800000,2025-03-06 21:00:00,4.3121572,4.81470986,1362.16684871,1448.88481767
1741298400000,2025-03-06 22:00:00,3.19601745,3.97478788,786.85406353,802.20037967
1741302000000,2025-03-06 23:00:00,2.41909184,4.03526189,625.40314339,638.64024486
1741305600000,2025-03-07 00:00:00,6.89234867,4.4689893,1795.13627393,1922.9652787
1741309200000,2025-03-07 01:00:00,6.80798634,4.56627564,1295.36418575,1327.55733726
1741312800000,2025-03-07 02:00:00,4.58066653,4.69680719,1564.74427242,1699.42728336
1741316400000,2025-03-07 03:00:00,3.33614212,4.50634431,369.13025,370.31177499
1741320000000,2025-03-07 04:00:00,2.66634232,4.2712279,997.59014488,1069.20326856
1741323600000,2025-03-07 05:00:00,4.43658673,4.44845208,696.07510529,700.98070296
1741327200000,2025-03-07 06:00:00,2.50794572,4.46114549,701.36074742,724.7963122
1741330800000,2025-03-07 07:00:00,4.14471614,4.06862656,823.5268521,870.39038973
1741334400000,2025-03-07 08:00:00,4.39168214,3.72344024,1163.59351883,1190.14586028
1741338000000,2025-03-07 09:00:00,3.54924365,3.57609412,1088.91082168,1149.95494221
1741341600000,2025-03-07 10:00:00,2.88463565,3.51159319,830.29440502,894.23705253
1741345200000,2025-03-07 11:00:00,28.13179484,7.14951498,8340.86109033,8383.2748632
1741348800000,2025-03-07 12:00:00,6.57743042,7.45534979,1900.00770956,1946.91940454
1741352400000,2025-03-07 13:00:00,3.67000752,7.62135862,581.53245909,587.20120387
1741356000000,2025-03-07 14:00:00,3.69980231,7.5577995,1867.95615866,2016.39225851
1741359600000,2025-03-07 15:00:00,9.34718846,8.26572898,2901.02626754,3019.14187373
1741363200000,2025-03-07 16:00:00,9.1613369,9.06745659,2734.48719048,2849.17577671
1741366800000,2025-03-07 17:00:00,9.08228792,9.95283548,3209.63386066,3296.87051539
1741370400000,2025-03-07 18:00:00,4.66347319,6.6002181,1102.48046965,1128.56051298
1741374000000,2025-03-07 19:00:00,2.9452361,6.0813332,910.57511851,963.09220613
1741377600000,2025-03-07 20:00:00,5.50637016,6.34367072,1685.5741656,1740.01297133
1741381200000,2025-03-07 21:00:00,1.87656798,6.08320867,373.96893745,409.09181985
1741384800000,2025-03-07 22:00:00,3.8730971,5.30119562,1395.9994177,1440.79212223
1741388400000,2025-03-07 23:00:00,1.86080833,4.25826297,448.4231638,470.78450826
1741392000000,2025-03-08 00:00:00,1.6309041,3.19377957,234.9919795,243.00471025
1741395600000,2025-03-08 01:00:00,1.78800571,2.7829985,413.86707698,447.00142689
1741399200000,2025-03-08 02:00:00,1.58012512,2.58798264,409.87856984,417.15303282
1741402800000,2025-03-08 03:00:00,1.68429722,2.04197222,507.07041232,545.71229842
1741406400000,2025-03-08 04:00:00,1.34376927,1.96585812,139.1382575,139.75200398
1741410000000,2025-03-08 05:00:00,1.58986909,1.63968269,412.92029816,418.13557004
1741413600000,2025-03-08 06:00:00,2.07645054,1.67048872,526.79681781,550.25939336
1741417200000,2025-03-08 07:00:00,1.47057108,1.647584,171.1626668,173.52738687
1741420800000,2025-03-08 08:00:00,2.78496669,1.790007,841.6722114,863.33967529
1741424400000,2025-03-08 09:00:00,4.19789955,2.16397478,966.30242263,986.50639526
1741428000000,2025-03-08 10:00:00,1.80903699,2.18179474,379.63050599,388.94295372
1741431600000,2025-03-08 11:00:00,2.2627701,2.31308058,406.13892643,411.82415775
1741435200000,2025-03-08 12:00:00,2.83792826,2.49137474,546.12695511,556.2339381
1741438800000,2025-03-08 13:00:00,2.75540561,2.58836833,1013.28448793,1047.05413321
1741442400000,2025-03-08 14:00:00,1.72631255,2.62490282,465.3303624,479.91488949
1741446000000,2025-03-08 15:00:00,1.34394505,2.41904259,318.87056887,327.92259149
1741449600000,2025-03-08 16:00:00,1.99674674,2.10459219,451.94338309,467.23873629
1741453200000,2025-03-08 17:00:00,2.26938209,2.17035577,551.6801777,585.50057861
1741456800000,2025-03-08 18:00:00,0.99555954,1.98932569,181.62092497,187.16519284
1741460400000,2025-03-08 19:00:00,1.45144027,1.79125598,363.57601107,377.37447033
1741464000000,2025-03-08 20:00:00,2.10909344,1.69892567,373.7151875,379.63681873
1741467600000,2025-03-08 21:00:00,1.24361069,1.62996826,377.92460727,400.44264357
1741471200000,2025-03-08 22:00:00,0.91261395,1.56834953,211.82009466,216.28950607
1741474800000,2025-03-08 23:00:00,1.55890325,1.50580046,303.49750135,310.22174694
1741478400000,2025-03-09 00:00:00,0.76724592,1.29120958,25.2728086,25.31911541
1741482000000,2025-03-09 01:00:00,1.48596544,1.36126757,435.7726911,496.31245688
1741485600000,2025-03-09 02:00:00,1.02835142,1.3008263,251.88478768,260.172908
1741489200000,2025-03-09 03:00:00,1.4184467,1.20216248,289.25421843,296.45535939
1741492800000,2025-03-09 04:00:00,0.86194385,1.14763865,138.49061149,152.56406205
1741496400000,2025-03-09 05:00:00,3.63691283,1.5368242,767.04993939,778.29934488
1741500000000,2025-03-09 06:00:00,0.81520113,1.43058104,121.7754607,129.61698
1741503600000,2025-03-09 07:00:00,1.95722159,1.60057757,354.47786572,362.08599438
1741507200000,2025-03-09 08:00:00,1.87246728,1.65579211,425.72078467,434.41240941
1741510800000,2025-03-09 09:00:00,1.65666362,1.745551,301.22551801,309.79609731
1741514400000,2025-03-09 10:00:00,2.1325116,1.84756027,403.58537434,464.88752843
1741518000000,2025-03-09 11:00:00,3.11864754,2.16994651,555.08321883,583.18708917
1741521600000,2025-03-09 12:00:00,2.12278784,1.95364294,383.15494997,411.82084063
1741525200000,2025-03-09 13:00:00,1.74950862,2.08711544,398.76442124,419.88206803
1741528800000,2025-03-09 14:00:00,4.21893135,2.41021684,1669.89783698,1852.1108613
1741532400000,2025-03-09 15:00:00,1.78094866,2.39714275,499.46394853,523.59890521
1741536000000,2025-03-09 16:00:00,2.01602375,2.44847991,521.01934423,548.35846071
1741539600000,2025-03-09 17:00:00,2.46882343,2.49652446,642.50299438,676.45761957
1741543200000,2025-03-09 18:00:00,1.36103952,2.2454376,288.81408895,304.8728529
1741546800000,2025-03-09 19:00:00,3.97789369,2.51045272,1138.67126677,1280.88176928
1741550400000,2025-03-09 20:00:00,1.6988619,2.50321747,326.32406534,338.07351829
1741554000000,2025-03-09 21:00:00,2.69685122,2.28577745,827.09590019,854.90183692
1741557600000,2025-03-09 22:00:00,2.04513786,2.32351877,546.66646625,564.45804948
1741561200000,2025-03-09 23:00:00,3.13147557,2.48286903,796.91692446,823.5780759
1741564800000,2025-03-10 00:00:00,6.22707266,3.01976177,1421.04308776,1625.26596326
1741568400000,2025-03-10 01:00:00,5.47487708,3.60745285,388.43062397,388.71627253
1741572000000,2025-03-10 02:00:00,3.4330546,3.5296187,1210.82418652,1342.3243478
1741575600000,2025-03-10 03:00:00,5.06417234,4.01037733,1276.73415043,1326.81315212
1741579200000,2025-03-10 04:00:00,3.06313926,4.0627042,588.391487,606.50157324
1741582800000,2025-03-10 05:00:00,2.58195266,4.13939202,607.95001866,632.57840257
1741586400000,2025-03-10 06:00:00,4.48257184,4.33240578,870.00202951,887.54922496
1741590000000,2025-03-10 07:00:00,3.93369898,4.00478097,783.13476856,814.27568978
1741593600000,2025-03-10 08:00:00,2.3908262,3.56420227,1008.72948006,1087.8259222
1741597200000,2025-03-10 09:00:00,3.74423697,3.60865689,978.22478877,1022.17669279
1741600800000,2025-03-10 10:00:00,4.96223039,3.59409376,612.33097247,615.3165683
1741604400000,2025-03-10 11:00:00,3.19625923,3.6131109,1162.09315405,1246.54109859
1741608000000,2025-03-10 12:00:00,5.68674744,4.05665301,2591.81156732,2763.7592559
1741611600000,2025-03-10 13:00:00,2.27187494,3.74083916,542.96663088,567.96873523
1741615200000,2025-03-10 14:00:00,6.69302617,4.13502876,2544.49916355,2824.45704315
1741618800000,2025-03-10 15:00:00,6.34117224,4.69936391,1822.54743911,1972.10456638
1741622400000,2025-03-10 16:00:00,28.58678969,8.24830001,11277.89536927,11491.88945614
1741626000000,2025-03-10 17:00:00,6.06180311,8.40538183,1915.79250291,1982.20961818
1741629600000,2025-03-10 18:00:00,10.21730117,9.40838782,4294.42159889,4516.04711541
1741633200000,2025-03-10 19:00:00,5.60358363,9.39650728,2302.64919614,2549.63055344
1741636800000,2025-03-10 20:00:00,7.12980367,10.0904971,2464.04273652,2609.50814403
1741640400000,2025-03-10 21:00:00,5.22806313,9.88121666,1622.49675325,1683.43632947
1741644000000,2025-03-10 22:00:00,4.05321328,9.55436538,1135.07341868,1171.37863893
1741647600000,2025-03-10 23:00:00,3.56445409,5.97974601,934.13037401,965.9670579
1741651200000,2025-03-11 00:00:00,5.38598776,5.88320096,1149.54419185,1168.75934327
1741654800000,2025-03-11 01:00:00,4.82056944,5.11223929,1734.71153395,1918.58663664
1741658400000,2025-03-11 02:00:00,3.3754689,4.79393718,893.0006045,941.75582408
1741662000000,2025-03-11 03:00:00,3.07080627,4.21408041,694.87677277,718.56866778
1741665600000,2025-03-11 04:00:00,1.93962372,3.74430335,707.60081781,731.23814408
1741669200000,2025-03-11 05:00:00,2.74620066,3.55758726,660.97171202,711.26597204
1741672800000,2025-03-11 06:00:00,3.68065329,3.57418715,804.88641126,831.82764333
1741676400000,2025-03-11 07:00:00,4.77781721,3.48730564,996.60723042,1041.56415197
1741680000000,2025-03-11 08:00:00,3.7837946,3.33919495,1220.2783958,1301.62534162
1741683600000,2025-03-11 09:00:00,2.5313124,3.21860116,723.75672369,774.58159484
1741687200000,2025-03-11 10:00:00,4.79622616,3.46508972,1428.88939426,1515.60746565
1741690800000,2025-03-11 11:00:00,3.58897365,3.70071114,473.20567453,477.33349538
1741694400000,2025-03-11 12:00:00,6.0277557,4.16950472,2903.98409835,3062.09989615
1741698000000,2025-03-11 13:00:00,3.41207304,4.13113611,1501.79317895,1545.66908779
1741701600000,2025-03-11 14:00:00,3.10376952,3.89198644,853.94849567,921.81954891
1741705200000,2025-03-11 15:00:00,2.3752295,3.69076285,140.13374174,140.13854021
1741708800000,2025-03-11 16:00:00,3.42822976,3.8188939,1507.34180156,1573.55745793
1741712400000,2025-03-11 17:00:00,10.23648084,4.59607314,4264.03192554,4514.28805142
1741716000000,2025-03-11 18:00:00,12.94094815,5.9320695,5095.64602012,5228.14305215
1741719600000,2025-03-11 19:00:00,3.85484965,5.62165435,1091.10254607,1148.74519668
1741723200000,2025-03-11 20:00:00,2.96257665,5.55744058,977.67984244,1013.20121368
1741726800000,2025-03-11 21:00:00,11.22168539,6.71714285,2455.27910694,2479.99247175
1741730400000,2025-03-11 22:00:00,6.88764015,7.36177294,1910.34539713,1942.31452285
1741734000000,2025-03-11 23:00:00,8.15515661,8.03704821,2175.33293078,2218.20259668
1741737600000,2025-03-12 00:00:00,4.10370858,7.16093788,845.68274053,857.67509225
1741741200000,2025-03-12 01:00:00,2.08736609,5.61042616,475.74065355,494.70576326
1741744800000,2025-03-12 02:00:00,4.44259077,5.69438918,1229.40685861,1301.67909571
1741748400000,2025-03-12 03:00:00,3.09184441,5.712856,705.81094545,726.5834353
1741752000000,2025-03-12 04:00:00,7.24824324,5.14522141,937.72618089,942.27162177
1741755600000,2025-03-12 05:00:00,4.36006034,4.78413858,1228.39373954,1251.33731625
1741759200000,2025-03-12 06:00:00,3.80922148,4.1632907,902.78843596,937.06848447
1741762800000,2025-03-12 07:00:00,3.17968731,4.03128766,763.09945614,785.38276465
1741766400000,2025-03-12 08:00:00,2.61168113,4.10618981,888.23345508,906.25335268
1741770000000,2025-03-12 09:00:00,4.49906976,4.11425824,1428.68394405,1588.17162578
1741773600000,2025-03-12 10:00:00,3.27142952,4.13991325,953.63459159,981.42885696
1741777200000,2025-03-12 11:00:00,2.37737332,3.44407469,590.4847065,627.62655741
1741780800000,2025-03-12 12:00:00,10.29847713,4.29241995,2913.68648161,2935.0659821
1741784400000,2025-03-12 13:00:00,5.16180963,4.48564683,1676.47865668,1755.01527343
1741788000000,2025-03-12 14:00:00,12.88186685,5.87167248,3869.26387154,3928.96939066
1741791600000,2025-03-12 15:00:00,11.59995706,7.1557119,3876.04147561,4233.98432528
1741795200000,2025-03-12 16:00:00,8.48045056,7.72448058,2809.13338286,2849.43138754
1741798800000,2025-03-12 17:00:00,4.28661929,7.86950769,1074.99521857,1114.52101637
1741802400000,2025-03-12 18:00:00,6.18667194,8.41369321,2185.24124767,2245.76191406
1741806000000,2025-03-12 19:00:00,4.25268508,7.55000863,954.71757209,969.61219769
1741809600000,2025-03-12 20:00:00,2.13405967,7.11747292,707.28666197,729.84840814
1741813200000,2025-03-12 21:00:00,3.42835907,5.76697181,788.80929128,798.80766291
1741816800000,2025-03-12 22:00:00,1.60208043,4.33870372,374.97493217,392.50970631
1741820400000,2025-03-12 23:00:00,1.95359925,3.40629639,401.26030586,418.0702396
1741824000000,2025-03-13 00:00:00,1.59204993,3.02135791,438.17297705,464.87858082
1741827600000,2025-03-13 01:00:00,1.23326427,2.31372824,157.60140298,160.32435508
1741831200000,2025-03-13 02:00:00,2.58988543,2.07618544,787.7980828,833.94310802
1741834800000,2025-03-13 03:00:00,2.58522811,2.14063807,528.50877862,535.14221943
1741838400000,2025-03-13 04:00:00,3.22419986,2.11147247,712.64410039,751.23856818
1741842000000,2025-03-13 05:00:00,1.7149924,2.12760275,287.62304193,294.9786924
1741845600000,2025-03-13 06:00:00,2.26170064,2.17161723,507.40771146,526.97624972
1741849200000,2025-03-13 07:00:00,1.20132313,2.11579912,249.94674052,276.30432044
1741852800000,2025-03-13 08:00:00,2.6009156,2.31117788,1109.10736904,1141.80194919
1741856400000,2025-03-13 09:00:00,3.9489172,2.50532528,969.90692484,987.22930086
1741860000000,2025-03-13 10:00:00,4.05565703,2.71538655,1040.07303067,1058.52648363
1741863600000,2025-03-13 11:00:00,4.06882594,2.83604742,1054.83935542,1070.10122144
1741867200000,2025-03-13 12:00:00,3.35116379,3.06978619,1002.72044974,1042.211939
1741870800000,2025-03-13 13:00:00,4.64807141,3.4106963,1428.4708304,1464.14249457
1741874400000,2025-03-13 14:00:00,2.50322688,3.59668255,363.7096499,365.47112459
1741878000000,2025-03-13 15:00:00,11.19661596,4.82463974,5084.16254644,5262.40950092
1741881600000,2025-03-13 16:00:00,50.75029,11.51055014,11473.41557714,23040.63166155
1741885200000,2025-03-13 17:00:00,5.46835407,11.71236401,751.23675261,754.6328622
1741888800000,2025-03-13 18:00:00,5.59481222,11.93036205,2165.39741072,2215.5456388
1741892400000,2025-03-13 19:00:00,4.97435964,12.16224717,1790.49569781,1885.28230512
1741896000000,2025-03-13 20:00:00,1.87595704,11.76623083,504.19766707,521.51605737
1741899600000,2025-03-13 21:00:00,6.0445403,12.27213275,1759.74723988,1783.13938871
1741903200000,2025-03-13 22:00:00,5.35610674,11.43777429,1267.63597071,1285.46561822
1741906800000,2025-03-13 23:00:00,1.69821129,4.43033447,446.89796351,463.61168122
1741910400000,2025-03-14 00:00:00,9.25335617,4.97104906,2096.08545265,2109.7652075
1741914000000,2025-03-14 01:00:00,6.07244072,5.0392817,1232.62958156,1244.85034673
1741917600000,2025-03-14 02:00:00,1.36952139,4.52430481,311.42381749,325.9460901
1741921200000,2025-03-14 03:00:00,2.82720863,4.66019789,478.47321621,486.27988373
1741924800000,2025-03-14 04:00:00,1.99196737,4.0812589,545.77256553,555.75889688
1741928400000,2025-03-14 05:00:00,3.03185393,3.74922279,608.7377449,618.49820175
1741932000000,2025-03-14 06:00:00,3.20706557,3.9647734,297.88724767,298.25709787
1741935600000,2025-03-14 07:00:00,3.81082728,3.18726927,990.6290148,1036.54501973
1741939200000,2025-03-14 08:00:00,4.07095114,2.90134219,1863.08524438,1909.27608302
1741942800000,2025-03-14 09:00:00,3.25461915,3.17064187,861.92154565,904.78412275
1741946400000,2025-03-14 10:00:00,6.81519067,3.74035359,1567.79057831,1581.12423518
1741950000000,2025-03-14 11:00:00,1.67385476,3.69490893,435.8646917,465.33162406
1741953600000,2025-03-14 12:00:00,2.80487363,3.66248317,513.28196105,518.90162111
1741957200000,2025-03-14 13:00:00,3.36121582,3.68450464,1011.7352787,1052.06055064
1741960800000,2025-03-14 14:00:00,6.81393875,4.11352056,2770.04889476,2841.41246081
1741964400000,2025-03-14 15:00:00,8.18359992,4.70104181,3001.24147721,3142.50236747
1741968000000,2025-03-14 16:00:00,12.22751077,5.98288347,4111.91096939,4511.95147479
1741971600000,2025-03-14 17:00:00,8.42821742,6.21331587,1571.21751927,1592.93309189
1741975200000,2025-03-14 18:00:00,5.5281591,6.76393077,2191.18541657,2233.37627499
1741978800000,2025-03-14 19:00:00,4.55306016,7.01367171,1033.38344699,1047.20383574
1741982400000,2025-03-14 20:00:00,5.38015004,7.30209088,1882.69005086,1969.13491474
1741986000000,2025-03-14 21:00:00,2.79355561,6.72775043,658.11070033,712.35668056
1741989600000,2025-03-14 22:00:00,2.41395605,5.90351559,366.07045514,371.74923096
1741993200000,2025-03-14 23:00:00,2.0090314,4.44373283,612.92583845,632.84488971
1741996800000,2025-03-15 00:00:00,1.79789002,3.4965432,392.12058604,400.92947342
1742000400000,2025-03-15 01:00:00,1.97131834,2.98842309,426.57406401,435.66135269
1742004000000,2025-03-15 02:00:00,2.6100303,2.71084739,491.24750403,495.90575633
1742007600000,2025-03-15 03:00:00,1.4988102,2.15637027,248.05008971,250.30130337
1742011200000,2025-03-15 04:00:00,1.75922975,2.00860944,458.50213686,471.47357422
1742014800000,2025-03-15 05:00:00,1.42065171,1.86670882,242.85388042,248.61404934
1742018400000,2025-03-15 06:00:00,1.99027246,1.86402897,393.88232874,409.99612586
1742022000000,2025-03-15 07:00:00,4.6109519,2.26589495,923.9090374,931.41228304
1742025600000,2025-03-15 08:00:00,0.92278948,2.11610511,298.50315693,305.44331726
1742029200000,2025-03-15 09:00:00,1.54456795,1.96389621,278.3684454,285.7450705
1742032800000,2025-03-15 10:00:00,1.54784243,1.97090081,274.89081719,280.15948062
1742036400000,2025-03-15 11:00:00,3.07696177,2.15914824,613.33431305,624.62323968
1742040000000,2025-03-15 12:00:00,2.94172658,2.37644465,626.05716206,638.35466727
1742043600000,2025-03-15 13:00:00,1.1106495,2.25078423,212.74509824,216.57665297
1742047200000,2025-03-15 14:00:00,2.28951083,1.91914979,713.36513214,734.93297524
1742050800000,2025-03-15 15:00:00,2.07179966,2.0832941,552.39688943,569.74490769
1742054400000,2025-03-15 16:00:00,1.54592365,2.08348777,233.02488602,238.07224223
1742058000000,2025-03-15 17:00:00,3.81927956,2.40797879,959.41328108,966.277728
1742061600000,2025-03-15 18:00:00,1.86964417,2.23550485,552.14300812,566.50218376
1742065200000,2025-03-15 19:00:00,0.71791296,1.91781719,162.68543625,173.0170244
1742068800000,2025-03-15 20:00:00,1.42201726,1.9622983,308.44002965,314.26581384
1742072400000,2025-03-15 21:00:00,0.70513546,1.73595896,153.96890548,157.95034234
1742076000000,2025-03-15 22:00:00,1.83203,1.70170615,392.90519735,397.55050908
1742079600000,2025-03-15 23:00:00,1.13709407,1.64330193,171.36676896,172.83829918
1742083200000,2025-03-16 00:00:00,0.93527068,1.23130066,163.55005527,167.41345184
1742086800000,2025-03-16 01:00:00,0.81698904,1.08092135,130.48432309,132.35222488
1742090400000,2025-03-16 02:00:00,1.15768342,1.1437457,283.58509083,289.4208543
1742094000000,2025-03-16 03:00:00,1.42335769,1.14393719,278.70150888,281.82482194
1742097600000,2025-03-16 04:00:00,2.6748182,1.42532044,461.87445482,465.41836607
1742101200000,2025-03-16 05:00:00,1.3760114,1.36017493,257.84554611,265.57020045
1742104800000,2025-03-16 06:00:00,0.66758319,1.29310195,120.77549292,130.17872241
1742108400000,2025-03-16 07:00:00,0.39594155,1.21605493,72.4735216,76.02077841
1742112000000,2025-03-16 08:00:00,1.06094583,1.2509059,339.48047768,343.74644754
1742115600000,2025-03-16 09:00:00,0.94183282,1.2200701,126.2319411,128.08926339
1742119200000,2025-03-16 10:00:00,1.41687351,1.21914379,312.79259075,317.37966726
1742122800000,2025-03-16 11:00:00,3.16423907,1.28906105,825.97388655,848.01607008
1742126400000,2025-03-16 12:00:00,1.82887921,1.35375645,365.44880532,378.5779958
1742130000000,2025-03-16 13:00:00,1.95236826,1.53729718,481.60436266,493.94917093
1742133600000,2025-03-16 14:00:00,2.13347852,1.78551675,354.5094888,358.42439165
1742137200000,2025-03-16 15:00:00,2.67180096,2.01563891,534.3267769,539.7037934
1742140800000,2025-03-16 16:00:00,2.09302381,2.18009476,692.14852135,726.27926316
1742144400000,2025-03-16 17:00:00,1.64265948,2.2123499,383.94243331,389.31029767
1742148000000,2025-03-16 18:00:00,0.56552334,1.8411048,100.02379893,105.18734114
1742151600000,2025-03-16 19:00:00,1.59994773,1.8084003,434.02518574,449.58531116
1742155200000,2025-03-16 20:00:00,3.3604243,2.00955116,387.98199671,389.8092187
1742158800000,2025-03-16 21:00:00,0.58228466,1.78795204,185.01126173,196.22993156
1742162400000,2025-03-16 22:00:00,0.948006,1.54169562,170.89497191,173.48509871
1742166000000,2025-03-16 23:00:00,2.32309157,1.57456244,375.69238828,378.66392525
1742169600000,2025-03-17 00:00:00,1.91637087,1.61366407,433.52281075,442.68167035
1742173200000,2025-03-17 01:00:00,2.1863336,1.84520839,343.63807061,345.4407083
1742176800000,2025-03-17 02:00:00,2.7539075,2.01005979,633.57114109,644.41435386
1742180400000,2025-03-17 03:00:00,3.37945194,2.01277802,632.6762889,638.71641713
1742184000000,2025-03-17 04:00:00,2.2013317,2.24407045,442.69879009,451.27299775
1742187600000,2025-03-17 05:00:00,3.14915255,2.55851996,590.67552774,598.3389844
1742191200000,2025-03-17 06:00:00,2.81658531,2.62901907,512.1787693,518.25169793
1742194800000,2025-03-17 07:00:00,1.53643169,2.57474204,111.99165712,112.1595136
1742198400000,2025-03-17 08:00:00,2.02025588,2.55101665,1011.77663553,1074.77612889
1742202000000,2025-03-17 09:00:00,1.58826603,2.38449644,441.66279006,457.42061783
1742205600000,2025-03-17 10:00:00,17.33333442,4.37790823,1921.70544144,1924.00012013
1742209200000,2025-03-17 11:00:00,1.9273484,4.33876775,768.97708876,801.77693337
1742212800000,2025-03-17 12:00:00,5.5427124,4.68070488,1559.53386865,1579.67303376
1742216400000,2025-03-17 13:00:00,2.10498376,4.57904751,638.38505591,654.64994799
1742220000000,2025-03-17 14:00:00,4.22139366,4.96261351,1378.14967867,1435.27384381
1742223600000,2025-03-17 15:00:00,2.14836441,4.98091473,292.12204453,296.47428804
1742227200000,2025-03-17 16:00:00,3.98409308,5.32317573,1738.17505473,1884.47602596
1742230800000,2025-03-17 17:00:00,8.38906766,4.04542334,2094.41835626,2114.04504991
1742234400000,2025-03-17 18:00:00,7.43640345,4.8324312,2284.96197793,2349.90349169
1742238000000,2025-03-17 19:00:00,2.43333505,4.38823444,901.83717143,946.56733453
1742241600000,2025-03-17 20:00:00,4.64539581,4.75115045,1228.0016271,1249.61147179
1742245200000,2025-03-17 21:00:00,4.15108321,4.7411061,1159.93074506,1183.05871581
1742248800000,2025-03-17 22:00:00,4.18501299,5.03205589,932.5243675,941.62792234
1742252400000,2025-03-17 23:00:00,0.6529901,4.55618404,90.92778899,93.3775841
1742256000000,2025-03-18 00:00:00,1.60687312,3.5872991,517.37172996,535.08874952
1742259600000,2025-03-18 01:00:00,2.20682636,2.84021666,421.07885622,428.12431384
1742263200000,2025-03-18 02:00:00,3.05747069,2.9293789,618.71187314,626.78149073
1742266800000,2025-03-18 03:00:00,5.70381543,3.0805817,882.20989785,889.79520649
1742270400000,2025-03-18 04:00:00,2.69321142,2.8723143,686.54960913,705.62139288
1742274000000,2025-03-18 05:00:00,2.43380402,2.62214159,359.09450127,362.63679862
1742277600000,2025-03-18 06:00:00,2.82652359,2.93264638,659.44140032,709.45742209
1742281200000,2025-03-18 07:00:00,4.38032526,3.32885382,795.31358659,801.59952311
1742284800000,2025-03-18 08:00:00,3.53034643,3.51792812,1070.2213566,1097.93773925
1742288400000,2025-03-18 09:00:00,2.6976872,3.46653048,582.76059401,596.18887175
1742292000000,2025-03-18 10:00:00,1.92711064,2.92700122,822.87581263,872.98112122
1742295600000,2025-03-18 11:00:00,1.98982893,2.82651801,492.01322119,507.40637657
1742299200000,2025-03-18 12:00:00,2.75068564,2.87178681,720.43109736,748.18649336
1742302800000,2025-03-18 13:00:00,5.26899918,3.2207119,1971.41341193,2160.28966365
1742306400000,2025-03-18 14:00:00,12.07012678,4.31925497,3784.70707217,3898.65095068
1742310000000,2025-03-18 15:00:00,6.66913897,4.76765391,1744.94382377,1807.33666114
1742313600000,2025-03-18 16:00:00,1.74604271,4.63170469,479.46675146,518.574685
1742317200000,2025-03-18 17:00:00,5.29700653,5.11311839,2002.97718873,2150.58464927
1742320800000,2025-03-18 18:00:00,3.41629849,5.31689976,760.80853995,775.49975801
1742324400000,2025-03-18 19:00:00,5.69288792,5.73721437,1030.27761407,1041.79848944
1742328000000,2025-03-18 20:00:00,4.29312377,5.5978036,1465.8370567,1506.88644165
1742331600000,2025-03-18 21:00:00,2.09479742,4.17275654,615.48575315,638.91321239
1742335200000,2025-03-18 22:00:00,2.18915831,3.53275931,557.48567442,582.31611013
1742338800000,2025-03-18 23:00:00,1.34742214,3.47581351,235.40975847,241.18856319
1742342400000,2025-03-19 00:00:00,3.64031336,3.23914306,1019.13923411,1037.48930667
1742346000000,2025-03-19 01:00:00,2.91068831,3.16691303,563.70538212,573.40559745
1742349600000,2025-03-19 02:00:00,1.72190112,2.5996292,343.3674515,351.26782791
1742353200000,2025-03-19 03:00:00,3.3385441,2.46326068,775.23752507,781.21932048
1742356800000,2025-03-19 04:00:00,1.43361945,2.36880668,435.43245751,440.12117112
1742360400000,2025-03-19 05:00:00,7.78502236,3.16821583,1878.41799849,1899.54545468
1742364000000,2025-03-19 06:00:00,2.0953283,3.27505957,435.79832078,442.11427058
1742367600000,2025-03-19 07:00:00,5.91440183,3.59992935,1264.79971838,1283.42519807
1742371200000,2025-03-19 08:00:00,7.65705929,4.27798235,1829.718414,1845.3512877
1742374800000,2025-03-19 09:00:00,3.63609654,4.55143884,1220.97812241,1294.45036923
1742378400000,2025-03-19 10:00:00,8.53332258,5.29355005,2224.87705783,2244.26383838
1742382000000,2025-03-19 11:00:00,2.27774967,5.41414008,498.05211487,512.49367606
1742385600000,2025-03-19 12:00:00,3.68410584,4.82829486,1219.64833724,1267.33241047
1742389200000,2025-03-19 13:00:00,9.48877757,5.8845019,2560.82558226,2590.43627744
1742392800000,2025-03-19 14:00:00,11.42911914,6.67231866,2435.88907979,2480.11885331
1742396400000,2025-03-19 15:00:00,6.52225709,6.51020406,2901.11212914,2993.71600499
1742400000000,2025-03-19 16:00:00,4.76775225,6.67186916,1334.43072207,1373.11264843
1742403600000,2025-03-19 17:00:00,7.11502759,6.46925559,2307.96489835,2476.02960021
1742407200000,2025-03-19 18:00:00,4.33783466,6.76355345,1242.06148159,1336.05307526
1742410800000,2025-03-19 19:00:00,11.82804993,7.92697403,3079.76304197,3749.49182758
1742414400000,2025-03-19 20:00:00,10.01363808,8.00195411,3310.97607384,3514.78696477
1742418000000,2025-03-19 21:00:00,4.23057252,6.9735903,773.92797861,803.80877793
1742421600000,2025-03-19 22:00:00,3.74482265,6.57681395,982.46552401,1063.52963317
1742425200000,2025-03-19 23:00:00,4.36667986,6.5195179,1258.44038475,1327.47067734
1742428800000,2025-03-20 00:00:00,7.0680964,6.51281344,1806.99479688,1837.70506348
1742432400000,2025-03-20 01:00:00,4.60397595,6.55083363,1210.92029755,1233.86555405
1742436000000,2025-03-20 02:00:00,4.40520138,5.49042669,1053.78483333,1070.46393623
1742439600000,2025-03-20 03:00:00,1.3065375,4.24655518,289.08776132,299.19708759
1742443200000,2025-03-20 04:00:00,1.43890117,3.84774499,447.32193632,450.37606468
1742446800000,2025-03-20 05:00:00,4.31574709,3.92930562,772.2896932,781.150224
1742450400000,2025-03-20 06:00:00,1.42905474,3.50964489,297.03694299,314.39204293
1742454000000,2025-03-20 07:00:00,1.78745017,2.75526686,268.02859761,271.6924261
1742457600000,2025-03-20 08:00:00,1.61391435,2.3281152,439.91117194,451.8960186
1742461200000,2025-03-20 09:00:00,8.04779776,2.84848611,2167.00243748,2205.09658713
1742464800000,2025-03-20 10:00:00,1.99741235,2.94718252,387.46630948,395.48764472
1742468400000,2025-03-20 11:00:00,4.37494353,3.36661714,841.84939548,853.1139882
1742472000000,2025-03-20 12:00:00,9.64831009,4.12841186,3131.00691389,3232.18388171
1742475600000,2025-03-20 13:00:00,7.45955063,4.98991127,2399.29479915,2424.35395388
1742479200000,2025-03-20 14:00:00,3.77905049,5.2744256,1580.63052021,1632.54981148
1742482800000,2025-03-20 15:00:00,7.21261109,6.07423942,1194.76957964,1218.93127461
1742486400000,2025-03-20 16:00:00,5.02887686,5.64296501,1197.88585938,1242.1325855
1742490000000,2025-03-20 17:00:00,10.6760777,6.88277434,4353.98464246,4654.76987764
1742493600000,2025-03-20 18:00:00,10.08328098,7.69825112,2068.79113072,2087.23916319
1742497200000,2025-03-20 19:00:00,4.7968065,7.00517918,1508.46011209,1534.97807944
1742500800000,2025-03-20 20:00:00,4.55635231,6.59043656,1437.39899707,1453.47638825
1742504400000,2025-03-20 21:00:00,2.79633459,6.45004858,736.85217791,749.41766931
1742508000000,2025-03-20 22:00:00,2.92954198,5.83818156,754.2973839,779.25816798
1742511600000,2025-03-20 23:00:00,5.58205379,5.91720684,1289.73839755,1300.61853244
1742515200000,2025-03-21 00:00:00,1.30134752,4.57795967,300.21640408,309.72070945
1742518800000,2025-03-21 01:00:00,0.97722744,3.27709488,59.4953269,59.61087385
1742522400000,2025-03-21 02:00:00,2.87958794,3.00320651,973.14542925,990.57825173
1742526000000,2025-03-21 03:00:00,4.69509205,3.02302647,745.88174918,751.21472722
1742529600000,2025-03-21 04:00:00,1.9181791,2.89757569,516.94519653,531.33561042
1742533200000,2025-03-21 05:00:00,2.99065759,2.90630649,434.36107741,436.63600755
1742536800000,2025-03-21 06:00:00,12.04382736,3.829417,2277.81810694,2288.32719838
1742540400000,2025-03-21 07:00:00,15.89082339,5.91362784,4521.87010687,4544.77548938
1742544000000,2025-03-21 08:00:00,4.11694688,6.36215919,1274.97049293,1296.83826568
1742547600000,2025-03-21 09:00:00,1.43443992,6.15570947,489.54361402,502.05397125
1742551200000,2025-03-21 10:00:00,2.32434864,5.81703184,638.66555435,657.79066583
1742554800000,2025-03-21 11:00:00,3.75476119,6.07940071,1065.05374429,1088.88074651
1742558400000,2025-03-21 12:00:00,10.36937137,7.13350268,1336.16235846,1337.64890637
1742562000000,2025-03-21 13:00:00,8.00532638,6.55657397,3063.53633893,3130.08261602
1742565600000,2025-03-21 14:00:00,9.76445652,5.6813787,3022.82745345,3105.09717228
1742569200000,2025-03-21 15:00:00,13.45273333,7.01506248,3372.19550597,3403.54153354
1742572800000,2025-03-21 16:00:00,4.13290794,7.40055791,1391.65516031,1425.85323911
1742576400000,2025-03-21 17:00:00,5.10362123,7.79759685,1590.69506136,1617.84793017
1742580000000,2025-03-21 18:00:00,4.04009399,7.83835868,979.88513499,997.90321457
1742583600000,2025-03-21 19:00:00,4.06775592,6.9381279,1163.27059144,1183.71697133
1742587200000,2025-03-21 20:00:00,4.01661971,6.36831266,979.76564316,996.12168699
1742590800000,2025-03-21 21:00:00,2.3914231,5.31502217,535.65535284,547.63588902
1742594400000,2025-03-21 22:00:00,1.56880742,3.61731847,369.2004568,379.65139548
1742598000000,2025-03-21 23:00:00,1.34495691,3.21903975,263.64587236,271.68129643
1742601600000,2025-03-22 00:00:00,1.54115786,2.71011642,315.9829662,323.64314987
1742605200000,2025-03-22 01:00:00,1.44396091,2.33924026,315.27998182,323.44724304
1742608800000,2025-03-22 02:00:00,1.87709122,2.02628816,311.82656196,315.35132474
1742612400000,2025-03-22 03:00:00,0.95582695,1.58903205,244.55853438,254.24996817
1742616000000,2025-03-22 04:00:00,3.14445583,1.69660816,304.39059997,305.01221512
1742619600000,2025-03-22 05:00:00,2.11065444,1.77401487,487.16198166,491.78248338
1742623200000,2025-03-22 06:00:00,2.03608004,1.87274675,358.03866358,362.42224674
1742626800000,2025-03-22 07:00:00,1.65562453,1.88909913,337.61852854,346.02552691
1742630400000,2025-03-22 08:00:00,1.23365015,1.85905474,275.09180334,281.27223315
1742634000000,2025-03-22 09:00:00,2.93946968,2.01082309,643.94940448,649.62279827
1742637600000,2025-03-22 10:00:00,1.79449345,2.13063259,528.06563055,536.55354159
1742641200000,2025-03-22 11:00:00,2.1480475,1.98828854,405.49910962,410.27707284
1742644800000,2025-03-22 12:00:00,0.86826296,1.81080404,180.27287449,185.80827303
1742648400000,2025-03-22 13:00:00,1.8595432,1.7855845,561.42475808,569.02021833
1742652000000,2025-03-22 14:00:00,1.29260621,1.73372474,275.7826529,280.4955468
1742655600000,2025-03-22 15:00:00,1.77148217,1.81055788,440.61609061,448.1849893
1742659200000,2025-03-22 16:00:00,1.1966023,1.56157683,141.80502413,143.59227581
1742662800000,2025-03-22 17:00:00,1.38463187,1.50302517,244.76490485,247.84910507
1742666400000,2025-03-22 18:00:00,0.95728938,1.33291687,227.25027009,233.57860801
1742670000000,2025-03-22 19:00:00,1.22003319,1.38316976,393.98025303,411.1511848
1742673600000,2025-03-22 20:00:00,1.96942543,1.39886722,536.61608357,549.46969391
1742677200000,2025-03-22 21:00:00,1.34324388,1.40610117,273.11051789,279.39472648
1742680800000,2025-03-22 22:00:00,1.48974884,1.36585356,324.33155492,332.213992
1742684400000,2025-03-22 23:00:00,1.89632981,1.46581463,374.68128653,386.85128117
1742688000000,2025-03-23 00:00:00,2.23711448,1.58759786,483.10868882,498.87652952
1742691600000,2025-03-23 01:00:00,1.08721347,1.60615844,196.30992371,207.65777261
1742695200000,2025-03-23 02:00:00,1.50643687,1.64707325,239.75997976,257.60070431
1742698800000,2025-03-23 03:00:00,3.02508548,1.79788183,516.86341624,529.38995896
1742702400000,2025-03-23 04:00:00,1.31764292,1.79422455,262.04074495,264.84622608
1742706000000,2025-03-23 05:00:00,1.58100814,1.8072616,182.7239797,183.39694419
1742709600000,2025-03-23 06:00:00,2.49297253,1.89249627,385.027172,391.39668787
1742713200000,2025-03-23 07:00:00,2.32763409,1.90542764,464.09265832,498.11369433
1742716800000,2025-03-23 08:00:00,0.1792899,1.77572428,43.62142685,45.53963365
1742720400000,2025-03-23 09:00:00,1.63919316,1.79468946,466.51272185,485.2011746
1742724000000,2025-03-23 10:00:00,1.29427533,1.54743087,243.69625012,249.79513848
1742727600000,2025-03-23 11:00:00,2.31695523,1.69018977,506.84048542,516.68101729
1742731200000,2025-03-23 12:00:00,2.46263204,1.81613604,441.60692903,445.73639971
1742734800000,2025-03-23 13:00:00,2.29626849,1.78803546,658.2535798,700.36188848
1742738400000,2025-03-23 14:00:00,2.33219806,1.78868746,555.24054187,566.7241281
1742742000000,2025-03-23 15:00:00,1.03135458,1.91041098,174.65698453,177.39298714
1742745600000,2025-03-23 16:00:00,1.8502323,1.94055943,468.48540428,481.06039862
1742749200000,2025-03-23 17:00:00,1.22643799,1.93086838,372.60656029,394.91303401
1742752800000,2025-03-23 18:00:00,1.74910355,1.84974672,210.00954963,211.64152935
1742756400000,2025-03-23 19:00:00,2.58197836,1.86679619,848.08526871,862.38077248
1742760000000,2025-03-23 20:00:00,2.57748525,1.90697001,594.53522892,603.13154849
1742763600000,2025-03-23 21:00:00,1.61397786,1.80436713,348.65285874,355.07512969
1742767200000,2025-03-23 22:00:00,1.69570835,1.89927481,339.2145329,351.01162785
1742770800000,2025-03-23 23:00:00,2.08921972,1.93341587,292.9972075,294.57998046
1742774400000,2025-03-24 00:00:00,3.16591754,2.21048438,685.3305024,696.50185901
1742778000000,2025-03-24 01:00:00,2.47216096,2.31377829,596.02138777,647.70617273
1742781600000,2025-03-24 02:00:00,2.07257324,2.24100613,394.48995933,402.07920859
1742785200000,2025-03-24 03:00:00,2.96164353,2.29588589,606.90279027,613.06021023
1742788800000,2025-03-24 04:00:00,3.31928329,2.53950095,766.08692544,780.03157407
1742792400000,2025-03-24 05:00:00,1.98666677,2.58106644,411.77880015,429.12002226
1742796000000,2025-03-24 06:00:00,3.1551893,2.7333478,695.35635094,719.38316015
1742799600000,2025-03-24 07:00:00,3.34026136,2.75825406,520.18703214,537.78207889
1742803200000,2025-03-24 08:00:00,3.45672166,2.89890559,1071.7434796,1095.78076668
1742806800000,2025-03-24 09:00:00,6.46940918,3.52702501,3141.26310158,3215.29636358
1742810400000,2025-03-24 10:00:00,2.61367493,3.47731521,790.09463193,820.69392782
1742814000000,2025-03-24 11:00:00,10.11739101,4.44847346,3372.13331954,3409.56076946
1742817600000,2025-03-24 12:00:00,3.24794482,4.62865604,766.44059024,798.99442588
1742821200000,2025-03-24 13:00:00,3.08581913,4.61874601,633.39577363,648.02201712
1742824800000,2025-03-24 14:00:00,14.59615289,6.22673052,5183.06555304,5648.71116869
1742828400000,2025-03-24 15:00:00,14.11322124,7.7490876,2639.64902462,2653.28559282
1742832000000,2025-03-24 16:00:00,8.47566574,8.03569568,3624.21466421,4483.62717568
1742835600000,2025-03-24 17:00:00,5.93923233,8.51077531,1523.64027596,1567.95733457
1742839200000,2025-03-24 18:00:00,8.22544081,8.24049671,2332.43850092,2508.75944637
1742842800000,2025-03-24 19:00:00,8.36445766,8.97142711,2221.06674692,2425.6927214
1742846400000,2025-03-24 20:00:00,11.94982754,10.23771403,4316.83357677,4636.53308385
1742850000000,2025-03-24 21:00:00,4.07140618,8.73417879,794.56982081,814.28123536
1742853600000,2025-03-24 22:00:00,5.88542841,7.55877981,1441.57958382,1530.21138689
1742857200000,2025-03-24 23:00:00,4.20307362,6.94840951,1066.92358932,1118.01758249
1742860800000,2025-03-25 00:00:00,9.88752127,7.51245078,1301.68224105,1305.15280779
1742864400000,2025-03-25 01:00:00,2.29693598,6.66552152,507.96327053,539.77995545
1742868000000,2025-03-25 02:00:00,1.44525178,5.67706354,351.67454237,371.42970808
1742871600000,2025-03-25 03:00:00,5.25368415,4.72047163,1123.66160659,1134.79577626
1742875200000,2025-03-25 04:00:00,3.23049547,4.60034153,727.15137372,762.39693176
1742878800000,2025-03-25 05:00:00,7.38437083,4.81447616,1738.70496345,1794.40211082
1742882400000,2025-03-25 06:00:00,2.13886742,4.51958956,502.85534414,553.96666289
1742886000000,2025-03-25 07:00:00,4.70193288,3.77879122,901.4020268,921.57884528
1742889600000,2025-03-25 08:00:00,2.87491963,3.86136031,816.76769981,888.35016473
1742893200000,2025-03-25 09:00:00,2.6710377,4.03647258,625.421942,654.40423691
1742896800000,2025-03-25 10:00:00,19.4064292,6.0582933,4825.20114619,4871.01372811
1742900400000,2025-03-25 11:00:00,3.1826631,6.05146011,1111.67180134,1139.39338851
1742904000000,2025-03-25 12:00:00,1.30306701,5.18270242,539.76108259,578.56175242
1742907600000,2025-03-25 13:00:00,5.2056712,5.62081725,1540.02837064,1629.37508536
1742911200000,2025-03-25 14:00:00,6.35444534,5.85689045,1861.0704484,2001.65028172
1742914800000,2025-03-25 15:00:00,5.77570582,6.27128848,1854.66275397,1952.1885661
1742918400000,2025-03-25 16:00:00,10.70294066,7.41870319,2075.03917721,2108.47931027
1742922000000,2025-03-25 17:00:00,7.3589133,5.69762949,2356.56627399,2737.51574792
1742925600000,2025-03-25 18:00:00,6.93683808,6.2339402,1868.08717066,1956.18833751
1742929200000,2025-03-25 19:00:00,4.17372346,6.64403398,680.46023078,684.49064808
1742932800000,2025-03-25 20:00:00,16.93259983,8.3193095,3767.71397062,3826.76756133
1742936400000,2025-03-25 21:00:00,55.55981791,15.34864844,19487.39829592,19557.05590606
1742940000000,2025-03-25 22:00:00,14.14524164,16.54429641,3993.17170852,4215.28201014
1742943600000,2025-03-25 23:00:00,6.76258345,15.98138824,2173.23441209,2312.80354058
1742947200000,2025-03-26 00:00:00,3.28561927,15.39948909,883.00136303,916.68777743
1742950800000,2025-03-26 01:00:00,1.42403265,14.61194546,257.06870589,263.44603992
1742954400000,2025-03-26 02:00:00,1.87138902,14.28304054,473.6748828,523.98892611
1742958000000,2025-03-26 03:00:00,4.82699416,12.5536683,982.16676815,1013.66877403
1742961600000,2025-03-26 04:00:00,4.49435251,5.25860181,982.36465684,1002.24060985
1742965200000,2025-03-26 05:00:00,3.36509813,3.71858131,695.4339749,703.30550897
1742968800000,2025-03-26 06:00:00,3.21011537,3.21108587,739.86341646,754.37711087
1742972400000,2025-03-26 07:00:00,1.80798617,2.99999543,682.01125932,703.30662151
1742976000000,2025-03-26 08:00:00,2.05937737,3.09075896,454.8399743,469.53804032
1742979600000,2025-03-26 09:00:00,3.37320217,3.3053037,985.08158955,1001.84104415
1742983200000,2025-03-26 10:00:00,16.46092149,4.96729332,5044.16296397,5086.4247415
1742986800000,2025-03-26 11:00:00,6.6726138,5.2784735,1758.02846382,1794.93311093
1742990400000,2025-03-26 12:00:00,1.56437779,5.02122774,357.73454537,369.19315747
1742994000000,2025-03-26 13:00:00,5.20832218,5.30668585,1139.52927323,1171.87249034
1742997600000,2025-03-26 14:00:00,3.12681052,5.49508933,651.73618128,684.77150303
1743001200000,2025-03-26 15:00:00,12.82496433,7.03303033,5960.14707841,6130.3329485
1743004800000,2025-03-26 16:00:00,6.79452541,7.52179079,2490.09003212,2595.50870475
1743008400000,2025-03-26 17:00:00,4.42914551,5.80296565,576.30116546,584.64720768
1743012000000,2025-03-26 18:00:00,5.79288345,5.67728988,2312.83462285,2444.59681485
1743015600000,2025-03-26 19:00:00,2.79614855,5.85325714,773.78094089,796.90233596
1743019200000,2025-03-26 20:00:00,4.6261238,5.77008594,1430.11738483,1471.10736842
1743022800000,2025-03-26 21:00:00,3.25643066,5.7886031,821.84246258,836.90267914
1743026400000,2025-03-26 22:00:00,3.03760689,4.39040918,773.89708684,801.92821986
1743030000000,2025-03-26 23:00:00,2.44461998,3.76899412,427.21458401,435.1423557
1743033600000,2025-03-27 00:00:00,6.12948617,4.01189993,1469.49166159,1483.33565263
1743037200000,2025-03-27 01:00:00,1.76948798,3.43712915,416.62504244,431.75506764
1743040800000,2025-03-27 02:00:00,3.52640915,3.54145209,717.88912351,733.49310232
1743044400000,2025-03-27 03:00:00,3.35369455,3.35967648,770.73810928,784.76452391
1743048000000,2025-03-27 04:00:00,1.65033611,3.1302344,151.64835519,151.83092206
1743051600000,2025-03-27 05:00:00,3.01350867,3.1267918,846.92813147,891.99856748
1743055200000,2025-03-27 06:00:00,8.26477962,3.95824318,1983.39607027,1991.81188813
1743058800000,2025-03-27 07:00:00,1.8382318,3.34520684,442.12332073,461.39618088
1743062400000,2025-03-27 08:00:00,6.00122698,3.94974098,1253.69114921,1260.25766616
1743066000000,2025-03-27 09:00:00,2.27378519,3.7707947,717.27131605,743.5277575
1743069600000,2025-03-27 10:00:00,2.85169868,3.69908101,964.55264243,978.13264642
1743073200000,2025-03-27 11:00:00,1.14354465,3.62668223,259.29951519,274.45071603
1743076800000,2025-03-27 12:00:00,7.87493813,4.32117215,2572.38747782,2614.47946006
1743080400000,2025-03-27 13:00:00,10.70092715,4.66919323,2755.20730221,2825.04476811
1743084000000,2025-03-27 14:00:00,5.01859465,5.12353078,1910.61012845,2193.12586121
1743087600000,2025-03-27 15:00:00,10.56964769,5.77616231,3562.45014784,3731.08563299
1743091200000,2025-03-27 16:00:00,5.58993364,6.2498978,1622.61569572,1710.5196941
1743094800000,2025-03-27 17:00:00,10.12017248,7.2882512,3365.83653817,3440.85864203
1743098400000,2025-03-27 18:00:00,4.62845008,7.78609483,1163.75149158,1175.62632049
1743102000000,2025-03-27 19:00:00,3.01119742,7.09127473,987.68386074,1008.75113596
1743105600000,2025-03-27 20:00:00,4.65560639,6.22765748,1281.71331107,1303.56979051
1743109200000,2025-03-27 21:00:00,2.51315155,5.86973704,486.39694407,495.0908551
1743112800000,2025-03-27 22:00:00,1.28348207,4.54314195,237.94106161,245.14507511
1743116400000,2025-03-27 23:00:00,1.4361183,3.94973976,418.45362313,436.5799635
1743120000000,2025-03-28 00:00:00,3.64067094,3.02409668,896.17281929,917.44907586
1743123600000,2025-03-28 01:00:00,6.37725536,3.273926,1597.14845336,1632.5773732
1743127200000,2025-03-28 02:00:00,2.19671069,3.15757076,513.94084074,527.21056559
1743130800000,2025-03-28 03:00:00,2.37332313,2.83153029,406.85337638,410.58490182
1743134400000,2025-03-28 04:00:00,1.50083556,2.68691372,473.45929046,480.26738011
1743138000000,2025-03-28 05:00:00,8.81468599,3.7628,2059.21974377,2115.52463775
1743141600000,2025-03-28 06:00:00,4.94170518,4.26359812,1240.74922209,1274.95993628
1743145200000,2025-03-28 07:00:00,7.41072567,4.80217737,1689.48785107,1704.46690321
1743148800000,2025-03-28 08:00:00,6.23719739,4.78216909,2229.02812353,2326.4746259
1743152400000,2025-03-28 09:00:00,4.47363134,5.10744347,645.69738881,657.62380712
1743156000000,2025-03-28 10:00:00,4.42744626,5.40088963,1600.49681104,1633.72766917
1743159600000,2025-03-28 11:00:00,3.0034793,5.61555302,966.8029598,1024.18643979
1743163200000,2025-03-28 12:00:00,2.28908515,4.68332433,436.74484449,453.23886
1743166800000,2025-03-28 13:00:00,1.79103373,4.23322841,383.02266921,399.40052155
1743170400000,2025-03-28 14:00:00,26.01868271,6.89150798,8847.67296721,8898.38948581
1743174000000,2025-03-28 15:00:00,4.9361542,6.70564467,2026.88853249,2196.5886189
1743177600000,2025-03-28 16:00:00,6.503459,6.99562005,2025.16058125,2146.14147098
1743181200000,2025-03-28 17:00:00,18.71650044,9.0369135,4748.70214465,4791.42411281
1743184800000,2025-03-28 18:00:00,13.580176,10.54787018,4554.87315136,4603.67966482
1743188400000,2025-03-28 19:00:00,16.93252201,12.63978973,5482.43538954,5536.93469667
1743192000000,2025-03-28 20:00:00,21.32563841,15.43044754,6425.85863264,6482.994076
1743195600000,2025-03-28 21:00:00,8.03516939,12.86137421,2033.17318065,2065.03853356
1743199200000,2025-03-28 22:00:00,5.46956034,12.93757508,1658.13953587,1684.62458484
1743202800000,2025-03-28 23:00:00,2.1015567,12.3087319,443.4402152,451.83469155
1743206400000,2025-03-29 00:00:00,1.92555588,9.91002553,381.68875182,388.96228781
1743210000000,2025-03-29 01:00:00,15.4209924,10.1729993,3443.92530813,3454.30229695
1743213600000,2025-03-29 02:00:00,1.56257566,7.97729268,192.0910161,193.75938122
1743217200000,2025-03-29 03:00:00,1.55383718,5.15274965,432.13275606,449.05894486
1743220800000,2025-03-29 04:00:00,2.29872612,4.33325775,503.38547249,512.61592382
1743224400000,2025-03-29 05:00:00,1.56699319,3.77574816,284.99119332,296.16171382
1743228000000,2025-03-29 06:00:00,1.38205174,3.67296174,412.3677265,431.20014273
1743231600000,2025-03-29 07:00:00,0.79741574,3.51179886,162.31574517,169.84955353
1743235200000,2025-03-29 08:00:00,4.23733362,1.91413332,867.09106426,877.12805879
1743238800000,2025-03-29 09:00:00,1.2206554,1.86528757,237.96107355,244.13107929
1743242400000,2025-03-29 10:00:00,1.43481008,1.8482837,343.00631384,354.39808907
1743246000000,2025-03-29 11:00:00,1.60391935,1.74902559,345.16891898,360.88185292
1743249600000,2025-03-29 12:00:00,1.05292468,1.67558723,254.73720889,269.54871759
1743253200000,2025-03-29 13:00:00,11.17657808,3.07480528,3412.90319449,3431.20947101
1743256800000,2025-03-29 14:00:00,10.8032638,4.50421214,2518.16182902,2527.96372966
1743260400000,2025-03-29 15:00:00,1.43619763,4.10404986,177.68023851,179.52470343
1743264000000,2025-03-29 16:00:00,1.12465036,4.09033485,432.22972296,486.97360684
1743267600000,2025-03-29 17:00:00,30.02489866,8.17463322,7255.78258071,7266.02547494
1743271200000,2025-03-29 18:00:00,5.22918009,8.69252761,864.78402184,868.04389535
1743274800000,2025-03-29 19:00:00,1.04670628,8.69163927,334.9370969,348.55319022
1743278400000,2025-03-29 20:00:00,1.72976111,7.34209399,302.38806679,306.16771682
1743282000000,2025-03-29 21:00:00,1.61931886,6.03010186,362.84605941,370.8240195
1743285600000,2025-03-29 22:00:00,1.85132513,6.08940578,354.43384509,361.00840096
1743289200000,2025-03-29 23:00:00,1.28695666,6.1125924,232.39588673,236.80002464
1743292800000,2025-03-30 00:00:00,2.95632063,2.24565268,587.53288449,591.26412522
1743296400000,2025-03-30 01:00:00,2.21737752,1.81539517,375.84644579,383.60631128
1743300000000,2025-03-30 02:00:00,1.56379636,1.88926518,299.7960662,309.63168017
1743303600000,2025-03-30 03:00:00,1.72916899,1.88918059,346.57944612,375.22966997
1743307200000,2025-03-30 04:00:00,23.97164005,5.08236933,4335.91452536,4338.86684842
1743310800000,2025-03-30 05:00:00,2.18655249,5.13025896,402.18385199,411.07186895
1743314400000,2025-03-30 06:00:00,2.37280414,5.28538003,394.07177313,405.74950813
1743318000000,2025-03-30 07:00:00,1.53773094,5.08272436,292.53909188,296.78207105
1743321600000,2025-03-30 08:00:00,1.22115564,4.94040694,380.64705256,389.54864809
1743325200000,2025-03-30 09:00:00,2.78242545,5.11449681,413.17342551,417.3638172
1743328800000,2025-03-30 10:00:00,1.96592733,5.14831943,469.64181183,493.4477608
1743332400000,2025-03-30 11:00:00,0.87925616,1.84940745,161.39534884,164.42090143
1743336000000,2025-03-30 12:00:00,1.13375738,1.69900815,117.68344092,117.9107679
1743339600000,2025-03-30 13:00:00,1.78615892,1.61520169,509.64615828,528.70304118
1743343200000,2025-03-30 14:00:00,3.19209293,1.85153912,649.27326013,657.57114439
1743346800000,2025-03-30 15:00:00,1.11687337,1.83664165,293.02514179,332.82826435
1743350400000,2025-03-30 16:00:00,0.60274607,1.52525888,166.12483577,176.00185364
1743354000000,2025-03-30 17:00:00,1.4471808,1.45115223,340.34970153,347.323393
1743357600000,2025-03-30 18:00:00,4.96372598,2.03464792,1143.73348896,1156.54815316
1743361200000,2025-03-30 19:00:00,1.94746654,2.15089209,352.44710925,358.33384404
1743364800000,2025-03-30 20:00:00,2.84799633,2.30258315,757.90096564,771.80700415
1743368400000,2025-03-30 21:00:00,3.17576941,2.30025121,621.19951491,625.62657325
1743372000000,2025-03-30 22:00:00,1.88410356,2.40985553,422.1892494,437.11202654
1743375600000,2025-03-30 23:00:00,2.64036755,2.70094431,446.11811939,454.14321921
1743379200000,2025-03-31 00:00:00,2.91225081,2.91024003,685.66224139,701.85244615
1743382800000,2025-03-31 01:00:00,5.16431203,2.93889518,924.25961265,934.74047691
1743386400000,2025-03-31 02:00:00,3.29957266,3.13205319,772.18828307,801.79615529
1743390000000,2025-03-31 03:00:00,2.65119489,3.1039387,394.31300965,400.33042906
1743393600000,2025-03-31 04:00:00,3.51166609,3.15192394,768.84187606,783.10153781
1743397200000,2025-03-31 05:00:00,6.8289642,3.8583326,1552.20411913,1584.31969389
1743400800000,2025-03-31 06:00:00,6.61685901,4.42640281,1179.72667769,1191.03462182
1743404400000,2025-03-31 07:00:00,5.03595596,4.72978926,1483.28928838,1520.85869981
1743408000000,2025-03-31 08:00:00,2.49376997,4.34828325,945.29791398,960.1014384
1743411600000,2025-03-31 09:00:00,2.47992622,4.23119091,607.86631248,667.10015429
1743415200000,2025-03-31 10:00:00,2.95583453,4.27471085,534.34559253,546.82938748
1743418800000,2025-03-31 11:00:00,2.57919689,4.14150097,321.06027294,324.97880847
1743422400000,2025-03-31 12:00:00,2.09695447,3.46549958,922.72307134,1033.798554
1743426000000,2025-03-31 13:00:00,1.60049726,2.74887647,552.58772662,588.9829911
1743429600000,2025-03-31 14:00:00,4.31808103,2.64632291,1578.52632788,1645.18887298
1743433200000,2025-03-31 15:00:00,4.2571533,2.89823481,1405.05149131,1455.94642742
1743436800000,2025-03-31 16:00:00,13.13078253,4.41978572,4627.02289243,4727.08171055
1743440400000,2025-03-31 17:00:00,4.07112594,4.57911306,1204.07599315,1249.83566463
1743444000000,2025-03-31 18:00:00,8.7279798,5.45751062,3032.05440223,3124.61676719
1743447600000,2025-03-31 19:00:00,2.81411873,5.55996266,708.42600919,745.74146224
1743451200000,2025-03-31 20:00:00,3.77410103,5.87047748,1145.5073288,1185.06772399
1743454800000,2025-03-31 21:00:00,7.71737323,6.35609065,1368.3274559,1373.69243534
1743458400000,2025-03-31 22:00:00,5.21429695,6.49282546,1445.63792817,1460.00314724
1743462000000,2025-03-31 23:00:00,2.04548959,4.90921218,329.90934608,335.46029324
1743465600000,2025-04-01 00:00:00,2.8766475,4.7385724,880.92427011,914.77390413
1743469200000,2025-04-01 01:00:00,1.75427402,3.74232872,319.29358724,331.55779043
1743472800000,2025-04-01 02:00:00,5.1113872,4.07050993,1366.64865556,1385.18593041
1743476400000,2025-04-01 03:00:00,4.33993345,4.15134313,785.12782886,794.20782215
1743480000000,2025-04-01 04:00:00,2.19887244,3.36298588,460.06249843,470.55870177
1743483600000,2025-04-01 05:00:00,1.63775456,2.85205125,274.79397801,281.69378518
1743487200000,2025-04-01 06:00:00,3.04196511,2.9944049,681.86330337,693.56804519
1743490800000,2025-04-01 07:00:00,5.93133538,3.43078888,1582.66280861,1619.25455838
1743494400000,2025-04-01 08:00:00,2.1596356,3.48869768,944.67506945,984.79383303
1743498000000,2025-04-01 09:00:00,1.80358241,3.01615414,233.54222832,238.07287875
1743501600000,2025-04-01 10:00:00,3.14238761,2.84507616,1563.14613234,1624.61439543
1743505200000,2025-04-01 11:00:00,5.25838397,3.28214923,1151.47299669,1177.87801021
1743508800000,2025-04-01 12:00:00,7.73010385,4.15248485,2479.78124971,2543.20416637
1743512400000,2025-04-01 13:00:00,9.93683948,5.1374669,3211.98454498,3259.28334922
1743516000000,2025-04-01 14:00:00,10.58122149,5.80173634,3269.26833432,3364.82843247
1743519600000,2025-04-01 15:00:00,6.20095673,6.37906793,2685.81146478,2821.43531304
1743523200000,2025-04-01 16:00:00,5.42658439,6.89663965,1541.41371616,1693.09432906
1743526800000,2025-04-01 17:00:00,7.4020222,7.50515887,1670.97636987,1754.2792619
1743530400000,2025-04-01 18:00:00,4.09253973,7.3386097,1738.60725138,1796.62494167
1743534000000,2025-04-01 19:00:00,6.71389495,7.193437,1714.73398875,1752.32658307
1743537600000,2025-04-01 20:00:00,4.81775301,6.46213893,1364.32453813,1401.96612454
1743541200000,2025-04-01 21:00:00,3.43268906,5.44092001,1044.35298945,1084.72974158
1743544800000,2025-04-01 22:00:00,1.88253298,4.82400233,387.68520074,397.21445842
1743548400000,2025-04-01 23:00:00,1.94100147,4.32606191,452.52413739,471.66335612
1743552000000,2025-04-02 00:00:00,3.10599763,3.71234412,684.47886558,695.7434699
1743555600000,2025-04-02 01:00:00,4.01319081,3.70100856,721.61367845,734.41391893
1743559200000,2025-04-02 02:00:00,2.54376453,3.10527564,604.04845265,638.48489694
1743562800000,2025-04-02 03:00:00,4.16340964,3.01179802,904.89032449,945.09398825
1743566400000,2025-04-02 04:00:00,4.61913296,3.18129,827.86366163,836.06306607
1743570000000,2025-04-02 05:00:00,2.3642646,3.25010881,557.48738079,588.70188451
1743573600000,2025-04-02 06:00:00,4.44073203,3.60721317,230.88895563,230.91806533
1743577200000,2025-04-02 07:00:00,3.27899406,3.63192695,1375.37524359,1452.59436871
1743580800000,2025-04-02 08:00:00,2.32128206,3.3902257,884.44798223,963.33205403
1743584400000,2025-04-02 09:00:00,2.70243229,3.41289252,608.38399709,618.85699349
1743588000000,2025-04-02 10:00:00,3.78729121,3.35916132,1155.98027242,1181.63485762
1743591600000,2025-04-02 11:00:00,9.76932856,4.09490354,2774.24661614,2794.02796877
1743595200000,2025-04-02 12:00:00,6.61053804,4.70151404,2063.13728675,2128.59324728
1743598800000,2025-04-02 13:00:00,5.27586185,4.8208183,1705.75009506,1793.79302881
1743602400000,2025-04-02 14:00:00,12.99442199,6.20873657,3808.96401643,4054.25966102
1743606000000,2025-04-02 15:00:00,6.41784159,6.79395936,2778.2057457,2907.28224018
1743609600000,2025-04-02 16:00:00,14.11910081,8.42491201,4461.85278894,5026.39988721
1743613200000,2025-04-02 17:00:00,4.73875847,8.5608359,1415.93757197,1469.01512476
1743616800000,2025-04-02 18:00:00,4.2771968,7.77624565,1118.09212758,1142.01154497
1743620400000,2025-04-02 19:00:00,8.85901293,8.09745635,2649.16006762,2701.99894267
1743624000000,2025-04-02 20:00:00,5.92478256,8.19015931,1297.41841778,1368.62477099
1743627600000,2025-04-02 21:00:00,4.09931139,6.91942922,1349.61139075,1492.14934687
1743631200000,2025-04-02 22:00:00,12.52420622,7.79176703,3360.11435659,3394.05988588
1743634800000,2025-04-02 23:00:00,3.48661601,6.27284063,860.19824623,892.57369976
1743638400000,2025-04-03 00:00:00,7.88172015,6.72183515,1465.56244652,1481.76338817
1743642000000,2025-04-03 01:00:00,4.24958028,6.71788993,1204.33003907,1228.12870092
1743645600000,2025-04-03 02:00:00,3.38271125,5.93556112,731.93999343,747.57918676
1743649200000,2025-04-03 03:00:00,3.65656714,5.61153035,961.02468765,979.95999271
1743652800000,2025-04-03 04:00:00,4.01714172,5.59979182,908.71389588,927.95973739
1743656400000,2025-04-03 05:00:00,2.93585413,4.23002724,564.03923021,575.42740933
1743660000000,2025-04-03 06:00:00,2.37123413,4.07068697,579.64373377,595.17976644
1743663600000,2025-04-03 07:00:00,3.36250227,3.42508442,629.22409109,642.23793318
1743667200000,2025-04-03 08:00:00,3.70576371,3.34739634,1085.46109988,1111.7291139
1743670800000,2025-04-03 09:00:00,5.12728671,3.5966214,1208.71889533,1220.29423779
1743674400000,2025-04-03 10:00:00,9.58079161,4.44293918,4772.26980505,4857.46134675
1743678000000,2025-04-03 11:00:00,2.45995101,4.22048337,470.71547405,489.53025153
1743681600000,2025-04-03 12:00:00,2.56506176,4.16751303,803.29677461,866.9908761
1743685200000,2025-04-03 13:00:00,3.29783594,4.29988472,1122.88650403,1170.731758
1743688800000,2025-04-03 14:00:00,8.62421698,5.05155825,3228.91213937,3372.06883878
1743692400000,2025-04-03 15:00:00,6.37307961,5.43260337,2126.24803752,2230.57786295
1743696000000,2025-04-03 16:00:00,5.96177297,5.5518157,1117.91714141,1132.73686437
1743699600000,2025-04-03 17:00:00,38.13261855,9.63064812,18692.64442674,18990.04403829
1743703200000,2025-04-03 18:00:00,18.08794363,11.86321849,6236.33094459,6294.6043841
1743706800000,2025-04-03 19:00:00,3.94048307,12.05970725,1176.49071812,1221.54975116
1743710400000,2025-04-03 20:00:00,6.69152983,12.54452066,1300.24398174,1318.2313769
1743714000000,2025-04-03 21:00:00,2.22664428,11.63058171,771.60634551,801.59193935
1743717600000,2025-04-03 22:00:00,2.4645027,11.07221358,425.84765872,431.28797266
1743721200000,2025-04-03 23:00:00,4.95728401,10.92871515,1365.06644438,1383.08223871
1743724800000,2025-04-04 00:00:00,3.6080518,5.99663419,837.68225118,855.10827675
1743728400000,2025-04-04 01:00:00,3.20921401,3.87110139,431.71576357,436.45310485
1743732000000,2025-04-04 02:00:00,3.41763017,3.79640811,1008.37572671,1028.7066822
1743735600000,2025-04-04 03:00:00,3.99574929,3.41129661,863.66340559,875.06909549
1743739200000,2025-04-04 04:00:00,1.47186866,3.30347152,292.00334969,298.78933752
1743742800000,2025-04-04 05:00:00,2.39943244,3.29417577,448.41720236,460.6910277
1743746400000,2025-04-04 06:00:00,2.69113668,2.97044044,641.1163238,659.3284857
1743750000000,2025-04-04 07:00:00,3.29499501,2.92571804,792.35997125,807.27377856
1743753600000,2025-04-04 08:00:00,3.82363082,3.01349187,1531.12892101,1575.33589743
1743757200000,2025-04-04 09:00:00,11.66774289,4.1920794,3519.36790361,3558.6615805
1743760800000,2025-04-04 10:00:00,9.47282058,4.97451815,2580.75705075,2690.28104488
1743764400000,2025-04-04 11:00:00,4.34710092,5.38526562,1099.20134364,1143.28754182
1743768000000,2025-04-04 12:00:00,6.3079144,5.94362019,2042.67640053,2100.5354944
1743771600000,2025-04-04 13:00:00,8.92511401,6.83418838,3097.18445641,3221.9661587
1743775200000,2025-04-04 14:00:00,16.67159698,8.74513151,5867.94873465,5935.08852649
1743778800000,2025-04-04 15:00:00,8.90819502,9.47149783,2912.53250299,2948.61255011
1743782400000,2025-04-04 16:00:00,11.56138027,9.45630317,1050.91900504,1052.0856044
1743786000000,2025-04-04 17:00:00,6.90595431,9.08960799,2561.82421039,3439.16524493
1743789600000,2025-04-04 18:00:00,12.98360411,10.32339416,3700.61860658,3752.26158766
1743793200000,2025-04-04 19:00:00,7.84081422,10.54237985,1631.52082719,1646.57098673
1743796800000,2025-04-04 20:00:00,4.66932903,9.93441056,1060.56711061,1083.284335
1743800400000,2025-04-04 21:00:00,4.92255502,8.255976,1858.81122656,1905.02879204
1743804000000,2025-04-04 22:00:00,4.83026217,7.67341416,795.90069535,801.8235207
1743807600000,2025-04-04 23:00:00,1.87941891,6.29027682,467.91189457,481.13124094
1743811200000,2025-04-05 00:00:00,2.28958119,5.63079495,585.57913186,595.29110904
1743814800000,2025-04-05 01:00:00,2.10546403,4.07677494,368.662936,376.87806174
1743818400000,2025-04-05 02:00:00,0.54164134,3.03403596,34.03279565,34.12340425
1743822000000,2025-04-05 03:00:00,2.42964517,2.71408112,751.03519346,775.05681075
1743825600000,2025-04-05 04:00:00,2.15169177,2.31824351,311.7833686,314.146998
1743829200000,2025-04-05 05:00:00,2.02723154,1.91781056,448.99763179,456.12709568
1743832800000,2025-04-05 06:00:00,2.55878523,2.0148629,503.6106458,516.87461708
1743836400000,2025-04-05 07:00:00,3.34892357,2.16619752,646.95974703,659.73794317
1743840000000,2025-04-05 08:00:00,2.09886568,2.1652549,602.62307655,606.57218275
1743843600000,2025-04-05 09:00:00,1.7696787,2.34068881,347.21060982,357.47509724
1743847200000,2025-04-05 10:00:00,2.49586594,2.35014892,682.43507979,698.84246269
1743850800000,2025-04-05 11:00:00,2.70813241,2.42964044,459.25729177,463.09064221
1743854400000,2025-04-05 12:00:00,2.12513838,2.44362713,483.78337877,495.15724333
1743858000000,2025-04-05 13:00:00,2.29482286,2.40591822,523.155948,534.69372592
1743861600000,2025-04-05 14:00:00,1.94084697,2.20476442,392.14021252,403.6961697
1743865200000,2025-04-05 15:00:00,1.96820126,2.18609807,518.98631485,537.31894329
1743868800000,2025-04-05 16:00:00,1.71708689,2.17858496,323.0546866,327.96359652
1743872400000,2025-04-05 17:00:00,1.74955986,2.0719698,430.06260866,446.13776496
1743876000000,2025-04-05 18:00:00,2.55655899,2.05031646,480.67316584,485.74620854
1743879600000,2025-04-05 19:00:00,1.55692958,1.96914377,259.87103494,263.12109924
1743883200000,2025-04-05 20:00:00,1.155082,1.80632365,352.27024484,363.85083074
1743886800000,2025-04-05 21:00:00,3.20975529,1.98759627,663.19068732,670.83885585
1743890400000,2025-04-05 22:00:00,1.91546407,1.98006238,380.50711717,385.00827775
1743894000000,2025-04-05 23:00:00,4.6104669,2.39340238,1180.72372607,1194.11092595
1743897600000,2025-04-06 00:00:00,2.67197674,2.52517622,468.44896281,470.26790538
1743901200000,2025-04-06 01:00:00,1.33344916,2.35044625,164.74454143,165.34769613
1743904800000,2025-04-06 02:00:00,2.84428978,2.53435485,696.54799213,711.07244521
1743908400000,2025-04-06 03:00:00,2.34522663,2.70437551,555.62794996,560.50916533
1743912000000,2025-04-06 04:00:00,1.483729,2.45780033,430.02680829,433.2488678
1743915600000,2025-04-06 05:00:00,1.58690044,2.41086266,266.95675776,269.77307441
1743919200000,2025-04-06 06:00:00,0.47100469,1.81951092,8.47808446,8.47808446
1743922800000,2025-04-06 07:00:00,2.68233641,1.82099087,873.73298587,890.5356875
1743926400000,2025-04-06 08:00:00,2.48721806,1.985815,492.1707763,497.44361263
1743930000000,2025-04-06 09:00:00,1.82049316,1.83955834,191.91068909,192.9722754
1743933600000,2025-04-06 10:00:00,1.66347718,1.74216556,350.79565408,357.64759373
1743937200000,2025-04-06 11:00:00,2.22564968,1.84815423,371.36429098,373.9091468
1743940800000,2025-04-06 12:00:00,7.56135531,2.70164778,2167.18308276,2177.67033014
1743944400000,2025-04-06 13:00:00,2.63719022,3.01110286,904.11548072,930.92814733
1743948000000,2025-04-06 14:00:00,1.43118532,2.83236699,280.35050178,287.66824894
1743951600000,2025-04-06 15:00:00,3.45716825,2.9709313,725.61554438,732.91966989
1743955200000,2025-04-06 16:00:00,1.54735905,2.93191214,389.93192877,403.86071124
1743958800000,2025-04-06 17:00:00,4.09829522,3.27974329,1152.4583343,1188.50561425
1743962400000,2025-04-06 18:00:00,5.416664,3.73560248,1505.48599259,1717.08248825
1743966000000,2025-04-06 19:00:00,3.26282387,3.12152656,872.99622117,913.59068357
1743969600000,2025-04-06 20:00:00,4.651254,3.40924996,1550.69148941,1618.63639086
1743973200000,2025-04-06 21:00:00,3.85529375,3.75555116,1007.47355007,1044.78460557
1743976800000,2025-04-06 22:00:00,3.76539611,3.79958371,1049.54679205,1080.6686824
1743980400000,2025-04-06 23:00:00,2.60179232,3.95021704,560.52064693,601.01402641
1743984000000,2025-04-07 00:00:00,4.79881851,4.05029179,1285.84762362,1348.46800225
1743987600000,2025-04-07 01:00:00,7.1834057,4.30268347,2003.18314971,2140.65489926
1743991200000,2025-04-07 02:00:00,4.46905539,4.47500225,956.48207333,983.19218581
1743994800000,2025-04-07 03:00:00,8.85140606,5.07502398,1189.46897421,1194.93981875
1743998400000,2025-04-07 04:00:00,4.67342094,5.19189929,1688.42188373,1757.20627307
1744002000000,2025-04-07 05:00:00,3.48900003,5.15241414,332.11097306,334.94400279
1744005600000,2025-04-07 06:00:00,6.7384269,5.74336193,2750.47472354,3045.76895759
1744009200000,2025-04-07 07:00:00,4.69738597,5.72887157,1189.14594373,1277.68898461
1744012800000,2025-04-07 08:00:00,7.10339898,5.71744204,4292.79688745,4581.69234274
1744016400000,2025-04-07 09:00:00,8.12573439,6.23982475,3175.82314222,3315.29963112
1744020000000,2025-04-07 10:00:00,8.11514797,6.13464503,1791.97003472,1825.90829341
1744023600000,2025-04-07 11:00:00,6.43619666,6.38647013,2233.98522605,2400.70135266
1744027200000,2025-04-07 12:00:00,4.64075848,6.55100705,1696.20473729,1856.30339006
1744030800000,2025-04-07 13:00:00,4.96990134,6.29836054,2156.39053812,2286.15461411
1744034400000,2025-04-07 14:00:00,9.5245807,6.98795979,3600.40899611,3886.02892679
1744038000000,2025-04-07 15:00:00,6.62271219,6.91929025,2626.46108276,2827.89810544
1744041600000,2025-04-07 16:00:00,26.55154348,9.55154869,4870.96149902,4885.48400007
1744045200000,2025-04-07 17:00:00,9.25500076,9.7143848,2970.43819945,3415.09528196
1744048800000,2025-04-07 18:00:00,14.73065026,10.89930674,5189.6900885,5273.57279358
1744052400000,2025-04-07 19:00:00,4.79413635,10.92121787,1452.90828559,1514.94708614
1744056000000,2025-04-07 20:00:00,43.55939957,16.43400333,9358.25469791,9408.83030757
1744059600000,2025-04-07 21:00:00,5.77409474,15.89821962,1940.47254724,1974.74040132
1744063200000,2025-04-07 22:00:00,2.23685212,15.27166818,591.35284896,612.89747979
1744066800000,2025-04-07 23:00:00,3.68188707,12.00457441,497.67313269,504.41852885
1744070400000,2025-04-08 00:00:00,2.92833145,11.10076451,823.9485499,948.77939092
1744074000000,2025-04-08 01:00:00,3.20449902,9.45417147,670.78589764,701.78528541
1744077600000,2025-04-08 02:00:00,6.42062305,9.68652672,1251.81929404,1271.28336371
1744081200000,2025-04-08 03:00:00,5.66389782,4.27288361,534.84219635,538.07029298
1744084800000,2025-04-08 04:00:00,3.74789896,3.98342707,1081.16555574,1173.09237511
1744088400000,2025-04-08 05:00:00,3.45483639,4.15742482,840.74930203,874.07360708
1744092000000,2025-04-08 06:00:00,2.37615331,3.97089143,447.24724521,465.72604876
1744095600000,2025-04-08 07:00:00,4.06066618,4.13265353,1084.62133475,1124.80453158
1744099200000,2025-04-08 08:00:00,3.21353594,4.13394452,1473.39599451,1503.93481899
1744102800000,2025-04-08 09:00:00,2.61012087,3.58958707,812.12774794,848.28928424
1744106400000,2025-04-08 10:00:00,4.51301738,3.42517558,1327.42565281,1353.90521502
1744110000000,2025-04-08 11:00:00,3.0222058,3.32150512,559.5924513,574.21910165
1744113600000,2025-04-08 12:00:00,3.91108448,3.38668342,1176.19891665,1220.25835848
1744117200000,2025-04-08 13:00:00,5.83233839,3.88042415,1907.24350415,1988.82739194
1744120800000,2025-04-08 14:00:00,2.98891788,3.72731725,606.71705014,627.672754
1744124400000,2025-04-08 15:00:00,6.33800218,4.17366957,2864.0974965,3023.227041
1744128000000,2025-04-08 16:00:00,7.67674341,4.89747279,2717.46780944,2817.36483136
1744131600000,2025-04-08 17:00:00,6.58435879,5.1933787,1883.79831376,1948.97020271
1744135200000,2025-04-08 18:00:00,8.26488105,5.94233231,2019.82301793,2041.42561832
1744138800000,2025-04-08 19:00:00,8.62201883,6.61532293,2473.19281269,2810.77813963
1744142400000,2025-04-08 20:00:00,10.23549294,7.24434501,3540.96802231,3582.42253059
1744146000000,2025-04-08 21:00:00,3.66889399,7.34148446,897.63208364,924.56128577
1744149600000,2025-04-08 22:00:00,4.07702216,7.01848731,1018.74533842,1060.02576192
1744153200000,2025-04-08 23:00:00,4.92822911,6.62584241,1234.73553628,1281.3395675
1744156800000,2025-04-09 00:00:00,2.68879489,6.06933328,226.80006492,228.54756581
1744160400000,2025-04-09 01:00:00,4.94031794,5.59439569,1494.2902679,1615.48396579
1744164000000,2025-04-09 02:00:00,6.31247098,5.26446029,690.91454193,700.68427831
1744167600000,2025-04-09 03:00:00,7.54059876,4.8794754,2796.56501343,3076.56429351
1744171200000,2025-04-09 04:00:00,2.82466034,4.7588706,1097.85596692,1166.58472094
1744174800000,2025-04-09 05:00:00,6.05368358,5.0412508,1323.21437602,1398.40090614
1744178400000,2025-04-09 06:00:00,3.9207158,4.89732033,329.10021272,329.3401268
1744182000000,2025-04-09 07:00:00,3.7479806,5.04863257,1401.24472559,1540.42002575
1744185600000,2025-04-09 08:00:00,7.51614424,5.41660776,1651.42479618,1676.10016632
1744189200000,2025-04-09 09:00:00,4.21449159,5.11689642,1194.1098801,1230.63154525
1744192800000,2025-04-09 10:00:00,3.5995761,4.55389318,899.98085284,914.2923299
1744196400000,2025-04-09 11:00:00,8.58638993,5.37699741,2752.28211797,2867.85423751
1744200000000,2025-04-09 12:00:00,8.91520874,5.78578671,2854.39141074,2897.4428401
1744203600000,2025-04-09 13:00:00,14.65065464,7.31863512,5307.25829414,5508.64614497
1744207200000,2025-04-09 14:00:00,4.37364459,7.40801569,1753.75807209,1797.56792623
1744210800000,2025-04-09 15:00:00,10.88944721,7.88991611,3377.40752918,3462.84421319
1744214400000,2025-04-09 16:00:00,8.81162379,8.54664929,2296.86917604,2335.08030525
1744218000000,2025-04-09 17:00:00,7.588127,9.11644227,1924.9282138,2094.32305178
1744221600000,2025-04-09 18:00:00,9.50660547,9.24790163,3611.93111843,3907.21484827
1744225200000,2025-04-09 19:00:00,12.64406033,9.78059472,3373.52782686,3502.40471226
1744228800000,2025-04-09 20:00:00,7.37213067,8.74080558,2026.11256939,2145.29002613
1744232400000,2025-04-09 21:00:00,12.83943047,9.95020356,4624.42494823,4801.94699458
1744236000000,2025-04-09 22:00:00,8.76761346,9.64708446,2245.6305546,2270.81188644
1744239600000,2025-04-09 23:00:00,2.57091451,8.75555456,616.81209397,629.87405403
1744243200000,2025-04-10 00:00:00,6.89274045,8.65621362,1423.81009592,1475.04645725
1744246800000,2025-04-10 01:00:00,3.50789376,7.79925481,959.52902549,1006.76550829
1744250400000,2025-04-10 02:00:00,3.12764438,6.43976681,656.34165882,672.44354175
1744254000000,2025-04-10 03:00:00,6.26449647,6.28153336,1593.82414519,1609.97559281
1744257600000,2025-04-10 04:00:00,3.99699459,5.01832823,754.30805876,767.42296139
1744261200000,2025-04-10 05:00:00,4.92764115,4.46976076,990.20119102,1000.31115355
1744264800000,2025-04-10 06:00:00,3.15035473,4.55253793,737.57019901,749.7844246
1744268400000,2025-04-10 07:00:00,5.14001796,4.30214901,1275.70631938,1295.28452597
1744272000000,2025-04-10 08:00:00,3.52929436,4.30520623,829.93487701,847.03064555
1744275600000,2025-04-10 09:00:00,9.85785995,5.2666656,3277.81131658,3361.53024208
1744279200000,2025-04-10 10:00:00,1.93867873,4.64869164,649.14409929,661.08944605
1744282800000,2025-04-10 11:00:00,2.63232904,4.45373942,828.35109538,866.03625364
1744286400000,2025-04-10 12:00:00,15.42451261,5.95329248,4206.95282656,4241.74096812
1744290000000,2025-04-10 13:00:00,7.60158638,6.58918272,2841.79868567,2881.0012386
1744293600000,2025-04-10 14:00:00,9.53300914,7.21675289,2945.99863144,2974.29885119
1744297200000,2025-04-10 15:00:00,6.83733147,7.68932962,1592.37602729,1634.12222169
1744300800000,2025-04-10 16:00:00,6.86141659,7.26126628,2855.15007783,3019.02329788
1744304400000,2025-04-10 17:00:00,5.05675448,7.70670567,1439.48773848,1501.85608072
1744308000000,2025-04-10 18:00:00,4.3548342,7.95277784,1127.08709337,1149.67622998
