start_time,v,datetime
1571443200000,43.36219173968915,2019-10-19
1571529600000,38.541489886029936,2019-10-20
1571616000000,49.43050453141608,2019-10-21
1571702400000,48.64973940413984,2019-10-22
1571788800000,49.83278949047927,2019-10-23
1571875200000,62.94205758334601,2019-10-24
1571961600000,75.16050590003891,2019-10-25
1572048000000,81.2952758449845,2019-10-26
1572134400000,58.36825988105369,2019-10-27
1572220800000,73.28663058871288,2019-10-28
1572307200000,73.22188247465999,2019-10-29
1572393600000,67.71219355590063,2019-10-30
1572480000000,70.40909692133603,2019-10-31
1572566400000,77.5210088687372,2019-11-01
1572652800000,55.094137903497305,2019-11-02
1572739200000,50.23831899916585,2019-11-03
1572825600000,88.75839250028244,2019-11-04
1572912000000,91.45040969893188,2019-11-05
1572998400000,74.99150801137174,2019-11-06
1573084800000,80.87097493390684,2019-11-07
1573171200000,87.7993625123634,2019-11-08
1573257600000,64.69899287994828,2019-11-09
1573344000000,39.8265926729,2019-11-10
1573430400000,50.27687601921405,2019-11-11
1573516800000,54.655627186359006,2019-11-12
1573603200000,68.37831608868991,2019-11-13
1573689600000,50.33350603089284,2019-11-14
1573776000000,77.20698461649819,2019-11-15
1573862400000,59.74686690045433,2019-11-16
1573948800000,48.841351749313006,2019-11-17
1574035200000,66.04686773682128,2019-11-18
1574121600000,74.3743454044702,2019-11-19
1574208000000,56.64992216554174,2019-11-20
1574294400000,46.93978692018708,2019-11-21
1574380800000,54.68983769102185,2019-11-22
1574467200000,72.23051046563418,2019-11-23
1574553600000,44.42980372937827,2019-11-24
1574640000000,70.92471107283103,2019-11-25
1574726400000,76.10089105824565,2019-11-26
1574812800000,72.14883502105096,2019-11-27
1574899200000,68.08611841581295,2019-11-28
1574985600000,74.93127813343246,2019-11-29
1575072000000,59.25354942875403,2019-11-30
1575158400000,50.371851687299994,2019-12-01
1575244800000,66.90420792515688,2019-12-02
1575331200000,63.03079777269105,2019-12-03
1575417600000,55.46439322105178,2019-12-04
1575504000000,69.81603378100539,2019-12-05
1575590400000,60.764885456808386,2019-12-06
1575676800000,48.59378591328859,2019-12-07
1575763200000,40.21069823195832,2019-12-08
1575849600000,71.22098903252501,2019-12-09
1575936000000,65.56837510826273,2019-12-10
1576022400000,66.9976249106451,2019-12-11
1576108800000,62.9986098643829,2019-12-12
1576195200000,60.14623476371218,2019-12-13
1576281600000,46.11504809106433,2019-12-14
1576368000000,51.505346752848,2019-12-15
1576454400000,57.91018235428984,2019-12-16
1576540800000,67.73099987933303,2019-12-17
1576627200000,68.54058311404141,2019-12-18
1576713600000,66.36715894202187,2019-12-19
1576800000000,58.86500595094807,2019-12-20
1576886400000,45.39753801412097,2019-12-21
1576972800000,41.204111080964864,2019-12-22
1577059200000,69.69025273244368,2019-12-23
1577145600000,60.52488877741817,2019-12-24
1577232000000,42.64250048382844,2019-12-25
1577318400000,48.23159315373127,2019-12-26
1577404800000,53.754523640810646,2019-12-27
1577491200000,49.09153142567407,2019-12-28
1577577600000,45.28892796600563,2019-12-29
1577664000000,55.17719369347501,2019-12-30
1577750400000,53.71533229324298,2019-12-31
1577836800000,33.766958306375145,2020-01-01
1577923200000,45.90821779679363,2020-01-02
1578009600000,50.22895326961838,2020-01-03
1578096000000,40.40544268821434,2020-01-04
1578182400000,35.690663572019695,2020-01-05
1578268800000,55.54507471414258,2020-01-06
1578355200000,51.44049872341334,2020-01-07
1578441600000,78.04415345144743,2020-01-08
1578528000000,62.86394897128,2020-01-09
1578614400000,78.1129400688,2020-01-10
1578700800000,50.20872359383465,2020-01-11
1578787200000,47.11860872953089,2020-01-12
1578873600000,66.47234663302615,2020-01-13
1578960000000,85.25017795446605,2020-01-14
1579046400000,74.83091217182256,2020-01-15
1579132800000,59.27162200804757,2020-01-16
1579219200000,71.91149913404983,2020-01-17
1579305600000,51.438873813354,2020-01-18
1579392000000,52.140265313136666,2020-01-19
1579478400000,57.85684230391362,2020-01-20
1579564800000,66.8714462817408,2020-01-21
1579651200000,56.51326074432461,2020-01-22
1579737600000,56.78462167960139,2020-01-23
1579824000000,61.9545235284313,2020-01-24
1579910400000,47.45090962167477,2020-01-25
1579996800000,48.836910373458,2020-01-26
1580083200000,83.71836510007492,2020-01-27
1580169600000,83.54295475851953,2020-01-28
1580256000000,71.99136225086676,2020-01-29
1580342400000,67.53159959561293,2020-01-30
1580428800000,75.95453165039999,2020-01-31
1580515200000,60.00237156147228,2020-02-01
1580601600000,56.676730722600006,2020-02-02
1580688000000,77.085969039671,2020-02-03
1580774400000,88.72119939259568,2020-02-04
1580860800000,73.47504128517852,2020-02-05
1580947200000,81.96677218551723,2020-02-06
1581033600000,89.5217079406048,2020-02-07
1581120000000,51.22854007183144,2020-02-08
1581206400000,50.83989896627888,2020-02-09
1581292800000,84.91704583205001,2020-02-10
1581379200000,84.37926274698,2020-02-11
1581465600000,97.14132482993902,2020-02-12
1581552000000,95.0102485477584,2020-02-13
1581638400000,84.75552428939449,2020-02-14
1581724800000,65.05192338630471,2020-02-15
1581811200000,49.88924049870347,2020-02-16
1581897600000,77.29104915853766,2020-02-17
1581984000000,77.47950885904186,2020-02-18
1582070400000,77.02233033862606,2020-02-19
1582156800000,85.2523605527305,2020-02-20
1582243200000,69.742946071656,2020-02-21
1582329600000,57.3356795184248,2020-02-22
1582416000000,49.85873699677913,2020-02-23
1582502400000,69.96753227868273,2020-02-24
1582588800000,70.60875780790562,2020-02-25
1582675200000,90.09643674808274,2020-02-26
1582761600000,81.55878606280997,2020-02-27
1582848000000,70.45514291291386,2020-02-28
1582934400000,60.721842967183505,2020-02-29
1583020800000,45.620026476486366,2020-03-01
1583107200000,80.002535428032,2020-03-02
1583193600000,78.43848251654519,2020-03-03
1583280000000,73.77435139915244,2020-03-04
1583366400000,79.8411749958052,2020-03-05
1583452800000,86.42070228360686,2020-03-06
1583539200000,60.0286051687881,2020-03-07
1583625600000,51.286626507899086,2020-03-08
1583712000000,80.5106009097516,2020-03-09
1583798400000,79.56709186681024,2020-03-10
1583884800000,78.44223173244565,2020-03-11
1583971200000,96.1421589679706,2020-03-12
1584057600000,106.43989511245177,2020-03-13
1584144000000,56.01579473844,2020-03-14
1584230400000,54.057600453688,2020-03-15
1584316800000,85.98193958791,2020-03-16
1584403200000,68.20805878042992,2020-03-17
1584489600000,77.33234941812907,2020-03-18
1584576000000,91.206225165432,2020-03-19
1584662400000,93.73674698561722,2020-03-20
1584748800000,59.84827087555937,2020-03-21
1584835200000,53.464132823220005,2020-03-22
1584921600000,73.09670793186496,2020-03-23
1585008000000,71.06723639612964,2020-03-24
1585094400000,80.7857971066607,2020-03-25
1585180800000,66.46534191130355,2020-03-26
1585267200000,66.95799967953288,2020-03-27
1585353600000,57.80103615036355,2020-03-28
1585440000000,48.461515853902725,2020-03-29
1585526400000,63.97756242390321,2020-03-30
1585612800000,66.28757740699886,2020-03-31
1585699200000,66.31263356036949,2020-04-01
1585785600000,70.62374696265994,2020-04-02
1585872000000,71.41763403555667,2020-04-03
1585958400000,55.06288395095543,2020-04-04
1586044800000,51.20565244167718,2020-04-05
1586131200000,74.66981554417661,2020-04-06
1586217600000,73.96960425194308,2020-04-07
1586304000000,72.13756904729101,2020-04-08
1586390400000,71.9463959075,2020-04-09
1586476800000,68.67995023836788,2020-04-10
1586563200000,53.37284472343765,2020-04-11
1586649600000,51.975206885946065,2020-04-12
1586736000000,61.32851618023941,2020-04-13
1586822400000,69.85556286996085,2020-04-14
1586908800000,69.027357475747,2020-04-15
1586995200000,74.41677119528305,2020-04-16
1587081600000,80.36112449401985,2020-04-17
1587168000000,55.00053037970633,2020-04-18
1587254400000,53.744833452656,2020-04-19
1587340800000,69.914683403264,2020-04-20
1587427200000,69.24066909439999,2020-04-21
1587513600000,76.89258643622914,2020-04-22
1587600000000,87.35795572163451,2020-04-23
1587686400000,80.183439559696,2020-04-24
1587772800000,70.978749344132,2020-04-25
1587859200000,63.52025415647129,2020-04-26
1587945600000,80.952975613482,2020-04-27
1588032000000,78.34756066619511,2020-04-28
1588118400000,97.818642263036,2020-04-29
1588204800000,108.72577094838698,2020-04-30
1588291200000,96.05399006857196,2020-05-01
1588377600000,83.60251033106245,2020-05-02
1588464000000,75.93412882645175,2020-05-03
1588550400000,88.71849626699834,2020-05-04
1588636800000,93.61523426846529,2020-05-05
1588723200000,98.25960082349005,2020-05-06
1588809600000,102.74309053336655,2020-05-07
1588896000000,106.74519078101044,2020-05-08
1588982400000,96.4231738157,2020-05-09
1589068800000,88.38947754200001,2020-05-10
1589155200000,93.45429885471246,2020-05-11
1589241600000,97.35665046240582,2020-05-12
1589328000000,100.46605227376554,2020-05-13
1589414400000,109.89604071899085,2020-05-14
1589500800000,106.35150143700236,2020-05-15
1589587200000,88.2450719556696,2020-05-16
1589673600000,94.03236491156176,2020-05-17
1589760000000,98.15284761141928,2020-05-18
1589846400000,106.493566892052,2020-05-19
1589932800000,106.22178780452946,2020-05-20
1590019200000,100.60342537958633,2020-05-21
1590105600000,103.22375846829948,2020-05-22
1590192000000,91.098713616843,2020-05-23
1590278400000,90.126536095265,2020-05-24
1590364800000,97.88256451931568,2020-05-25
1590451200000,100.16606760735232,2020-05-26
1590537600000,100.03823894531148,2020-05-27
1590624000000,100.95593750369837,2020-05-28
1590710400000,102.28327200877531,2020-05-29
1590796800000,88.0247407307742,2020-05-30
1590883200000,75.00964341605466,2020-05-31
1590969600000,100.10934861478678,2020-06-01
1591056000000,122.55556507771568,2020-06-02
1591142400000,104.16482245632284,2020-06-03
1591228800000,101.067773901984,2020-06-04
1591315200000,98.04103614285728,2020-06-05
1591401600000,77.72062525942435,2020-06-06
1591488000000,73.96573311361558,2020-06-07
1591574400000,97.2528699020928,2020-06-08
1591660800000,99.64827082661748,2020-06-09
1591747200000,99.05365643726992,2020-06-10
1591833600000,99.24089355849938,2020-06-11
1591920000000,98.20339849817228,2020-06-12
1592006400000,75.66627852056,2020-06-13
1592092800000,57.47327760888992,2020-06-14
1592179200000,99.16233859126636,2020-06-15
1592265600000,99.9321416976807,2020-06-16
1592352000000,99.31925653669693,2020-06-17
1592438400000,100.00090358488548,2020-06-18
1592524800000,100.0824229339408,2020-06-19
1592611200000,78.32519968479714,2020-06-20
1592697600000,65.1746116061626,2020-06-21
1592784000000,99.96736664958812,2020-06-22
1592870400000,102.53450540971032,2020-06-23
1592956800000,100.38308482005716,2020-06-24
1593043200000,101.80978970984252,2020-06-25
1593129600000,99.36655683044285,2020-06-26
1593216000000,87.72923095841597,2020-06-27
1593302400000,71.91501946770843,2020-06-28
1593388800000,98.91359357091235,2020-06-29
1593475200000,102.45389935841168,2020-06-30
1593561600000,100.82801078485124,2020-07-01
1593648000000,100.11925118245074,2020-07-02
1593734400000,100.1620251674418,2020-07-03
1593820800000,81.74439940527,2020-07-04
1593907200000,70.10150407217319,2020-07-05
1593993600000,100.22914687710524,2020-07-06
1594080000000,101.15999770148628,2020-07-07
1594166400000,109.4072532955954,2020-07-08
1594252800000,101.44101205864897,2020-07-09
1594339200000,99.95186125268044,2020-07-10
1594425600000,80.02083578275561,2020-07-11
1594512000000,73.39745111426741,2020-07-12
1594598400000,106.82479010742462,2020-07-13
1594684800000,114.33980810993695,2020-07-14
1594771200000,112.79211991429602,2020-07-15
1594857600000,113.42657929270776,2020-07-16
1594944000000,118.55480654529684,2020-07-17
1595030400000,99.75034394097422,2020-07-18
1595116800000,89.50655731838918,2020-07-19
1595203200000,107.03202774920578,2020-07-20
1595289600000,120.43876836326253,2020-07-21
1595376000000,119.99422142916367,2020-07-22
1595462400000,119.82071663048254,2020-07-23
1595548800000,102.57021599052774,2020-07-24
1595635200000,98.87738375779868,2020-07-25
1595721600000,98.28339402135067,2020-07-26
1595808000000,139.37597917792047,2020-07-27
1595894400000,142.9981591367581,2020-07-28
1595980800000,119.78239439936124,2020-07-29
1596067200000,120.40295428266712,2020-07-30
1596153600000,118.2215284089,2020-07-31
1596240000000,113.91847711105729,2020-08-01
1596326400000,103.5340837313184,2020-08-02
1596412800000,114.272261329,2020-08-03
1596499200000,113.72615365631384,2020-08-04
1596585600000,123.29366324124854,2020-08-05
1596672000000,118.613587696,2020-08-06
1596758400000,110.7871551202374,2020-08-07
1596844800000,99.93704487708222,2020-08-08
1596931200000,95.09518134464236,2020-08-09
1597017600000,120.62060420750308,2020-08-10
1597104000000,117.350172677388,2020-08-11
1597190400000,111.23740098793164,2020-08-12
1597276800000,113.16903346853547,2020-08-13
1597363200000,105.33485358524376,2020-08-14
1597449600000,95.0867392172608,2020-08-15
1597536000000,80.95210658342175,2020-08-16
1597622400000,118.9347235264612,2020-08-17
1597708800000,129.91009136452345,2020-08-18
1597795200000,117.711577259,2020-08-19
1597881600000,114.33940781126152,2020-08-20
1597968000000,111.99344517462302,2020-08-21
1598054400000,100.216232981315,2020-08-22
1598140800000,81.7483804144,2020-08-23
1598227200000,105.0689939344892,2020-08-24
1598313600000,117.072610457,2020-08-25
1598400000000,111.04011520679616,2020-08-26
1598486400000,118.37075770628417,2020-08-27
1598572800000,108.21359877571209,2020-08-28
1598659200000,98.15183360900596,2020-08-29
1598745600000,97.82033213836267,2020-08-30
1598832000000,120.01410820632928,2020-08-31
1598918400000,125.07489084508424,2020-09-01
1599004800000,122.68736113370942,2020-09-02
1599091200000,129.78314852547618,2020-09-03
1599177600000,128.40456558363874,2020-09-04
1599264000000,100.26251749928002,2020-09-05
1599350400000,90.39595079055786,2020-09-06
1599436800000,100.13416761074696,2020-09-07
1599523200000,105.8264488309785,2020-09-08
1599609600000,109.97198750543804,2020-09-09
1599696000000,106.84525506535,2020-09-10
1599782400000,110.78929470410527,2020-09-11
1599868800000,86.18563237784724,2020-09-12
1599955200000,81.36928092799819,2020-09-13
1600041600000,104.07593615,2020-09-14
1600128000000,114.92353571922531,2020-09-15
1600214400000,110.67151483563492,2020-09-16
1600300800000,106.14652429339785,2020-09-17
1600387200000,108.65935857706992,2020-09-18
1600473600000,97.8040346047851,2020-09-19
1600560000000,76.64522421862401,2020-09-20
1600646400000,107.53738851651484,2020-09-21
1600732800000,117.0436047073524,2020-09-22
1600819200000,110.64232829304748,2020-09-23
1600905600000,116.15388852354,2020-09-24
1600992000000,107.455721157,2020-09-25
1601078400000,99.38642795752077,2020-09-26
1601164800000,91.00733932958816,2020-09-27
1601251200000,114.55237027670697,2020-09-28
1601337600000,119.28254335724932,2020-09-29
1601424000000,110.96178799868648,2020-09-30
1601510400000,121.95184852713471,2020-10-01
1601596800000,119.98477331621784,2020-10-02
1601683200000,95.17020260822432,2020-10-03
1601769600000,80.94310540473239,2020-10-04
1601856000000,111.1719768033394,2020-10-05
1601942400000,117.7079760579718,2020-10-06
1602028800000,108.07467008080648,2020-10-07
1602115200000,108.73631020494534,2020-10-08
1602201600000,110.95750209459388,2020-10-09
1602288000000,99.14997611840398,2020-10-10
1602374400000,83.99000594488672,2020-10-11
1602460800000,107.83191262437184,2020-10-12
1602547200000,106.2743479696581,2020-10-13
1602633600000,113.44208208075216,2020-10-14
1602720000000,109.2211599252294,2020-10-15
1602806400000,108.85494228949734,2020-10-16
1602892800000,94.15638201800282,2020-10-17
1602979200000,95.75353309118483,2020-10-18
1603065600000,114.63216351020824,2020-10-19
1603152000000,120.03526410734388,2020-10-20
1603238400000,129.87482261858344,2020-10-21
1603324800000,141.09325914120816,2020-10-22
1603411200000,120.0173410457864,2020-10-23
1603497600000,96.84959367279072,2020-10-24
1603584000000,98.30921081745352,2020-10-25
1603670400000,131.23058151835755,2020-10-26
1603756800000,149.6654057291404,2020-10-27
1603843200000,152.6620604150206,2020-10-28
1603929600000,134.07039589411954,2020-10-29
1604016000000,144.21901439839402,2020-10-30
1604102400000,120.68468199891852,2020-10-31
1604188800000,102.63413493508656,2020-11-01
1604275200000,141.91073939632383,2020-11-02
1604361600000,135.14842573988645,2020-11-03
1604448000000,125.57634672646486,2020-11-04
1604534400000,163.2318851039468,2020-11-05
1604620800000,147.62730591266714,2020-11-06
1604707200000,109.88186722581034,2020-11-07
1604793600000,105.32661904460268,2020-11-08
1604880000000,128.0080587361289,2020-11-09
1604966400000,131.4873465674374,2020-11-10
1605052800000,134.2975814528586,2020-11-11
1605139200000,132.60717474611403,2020-11-12
1605225600000,134.76231532940585,2020-11-13
1605312000000,100.25264493318464,2020-11-14
1605398400000,97.87425267037555,2020-11-15
1605484800000,135.43282215713396,2020-11-16
1605571200000,146.67672340314897,2020-11-17
1605657600000,156.5606801904086,2020-11-18
1605744000000,149.24340243904143,2020-11-19
1605830400000,131.961423476869,2020-11-20
1605916800000,105.19300806637732,2020-11-21
1606003200000,99.74482434219767,2020-11-22
1606089600000,133.03116479167778,2020-11-23
1606176000000,167.92035264429754,2020-11-24
1606262400000,151.44187859433026,2020-11-25
1606348800000,153.16526487890854,2020-11-26
1606435200000,132.9774005012584,2020-11-27
1606521600000,103.14077378062872,2020-11-28
1606608000000,100.80074021733728,2020-11-29
1606694400000,156.8441062220434,2020-11-30
1606780800000,173.16820642827403,2020-12-01
1606867200000,149.75899719019336,2020-12-02
1606953600000,140.13489744969448,2020-12-03
1607040000000,138.97735709383085,2020-12-04
1607126400000,102.25000015792357,2020-12-05
1607212800000,101.28861933526294,2020-12-06
1607299200000,132.301476047609,2020-12-07
1607385600000,131.74418697058582,2020-12-08
1607472000000,133.270852479482,2020-12-09
1607558400000,131.5871942528998,2020-12-10
1607644800000,128.27755203951398,2020-12-11
1607731200000,103.68826389146236,2020-12-12
1607817600000,100.84703869535562,2020-12-13
1607904000000,127.39128890689295,2020-12-14
1607990400000,139.69602459188854,2020-12-15
1608076800000,144.48682309691895,2020-12-16
1608163200000,200.77267848129944,2020-12-17
1608249600000,168.0993142597305,2020-12-18
1608336000000,127.16595608623274,2020-12-19
1608422400000,113.27862748728452,2020-12-20
1608508800000,167.74140459339884,2020-12-21
1608595200000,161.91852555852972,2020-12-22
1608681600000,164.25188381894444,2020-12-23
1608768000000,142.13352715979406,2020-12-24
1608854400000,131.1467317607609,2020-12-25
1608940800000,145.3046045780533,2020-12-26
1609027200000,150.00218681245988,2020-12-27
1609113600000,156.4194106895078,2020-12-28
1609200000000,160.69305854849722,2020-12-29
1609286400000,165.12689841892643,2020-12-30
1609372800000,159.86589509096663,2020-12-31
1609459200000,126.15361135637264,2021-01-01
1609545600000,166.4291293798042,2021-01-02
1609632000000,163.4598942868465,2021-01-03
1609718400000,189.34167362055993,2021-01-04
1609804800000,181.6161016590229,2021-01-05
1609891200000,188.36002593612827,2021-01-06
1609977600000,204.33590564623424,2021-01-07
1610064000000,209.11359944106587,2021-01-08
1610150400000,165.35948084227252,2021-01-09
1610236800000,150.29996777774173,2021-01-10
1610323200000,205.24299278401597,2021-01-11
1610409600000,192.6629862377181,2021-01-12
1610496000000,182.12784805120015,2021-01-13
1610582400000,195.8048760941741,2021-01-14
1610668800000,170.46709216216513,2021-01-15
1610755200000,125.26984792893906,2021-01-16
1610841600000,121.98481774607978,2021-01-17
1610928000000,161.2622375553355,2021-01-18
1611014400000,181.7848903154297,2021-01-19
1611100800000,162.0055680396715,2021-01-20
1611187200000,184.17791322794176,2021-01-21
1611273600000,159.68023051616925,2021-01-22
1611360000000,120.79068897114392,2021-01-23
1611446400000,112.50878439337414,2021-01-24
1611532800000,166.2808993402146,2021-01-25
1611619200000,144.07294265662088,2021-01-26
1611705600000,154.19911679061002,2021-01-27
1611792000000,151.96963167570067,2021-01-28
1611878400000,183.7999465382757,2021-01-29
1611964800000,139.06939506369386,2021-01-30
1612051200000,121.2522768994612,2021-01-31
1612137600000,176.69484345002874,2021-02-01
1612224000000,172.86042928875443,2021-02-02
1612310400000,174.79738535171936,2021-02-03
1612396800000,189.15182443635763,2021-02-04
1612483200000,156.88834068763944,2021-02-05
1612569600000,161.4029652918295,2021-02-06
1612656000000,127.24121015774244,2021-02-07
1612742400000,205.320442789279,2021-02-08
1612828800000,234.57097522501348,2021-02-09
1612915200000,204.29155889853828,2021-02-10
1613001600000,200.4472108811748,2021-02-11
1613088000000,200.25634581877227,2021-02-12
1613174400000,157.62268646615055,2021-02-13
1613260800000,149.61152836465618,2021-02-14
1613347200000,171.64804001968642,2021-02-15
1613433600000,200.07018950208865,2021-02-16
1613520000000,229.55226651004656,2021-02-17
1613606400000,209.36726183337296,2021-02-18
1613692800000,201.84454404951617,2021-02-19
1613779200000,210.64351924284497,2021-02-20
1613865600000,189.76941651650327,2021-02-21
1613952000000,239.95888524606556,2021-02-22
1614038400000,261.0382721117311,2021-02-23
1614124800000,201.88254432228567,2021-02-24
1614211200000,197.06343101998647,2021-02-25
1614297600000,194.1484639700632,2021-02-26
1614384000000,133.0084988496452,2021-02-27
1614470400000,145.78947197715968,2021-02-28
1614556800000,199.78801994884205,2021-03-01
1614643200000,200.23825458410712,2021-03-02
1614729600000,207.794771223795,2021-03-03
1614816000000,196.1218573868913,2021-03-04
1614902400000,165.4355754334209,2021-03-05
1614988800000,129.66900773835908,2021-03-06
1615075200000,151.63338960380048,2021-03-07
1615161600000,195.6276666106504,2021-03-08
1615248000000,201.47196332222845,2021-03-09
1615334400000,204.43494058610133,2021-03-10
1615420800000,209.77947379149953,2021-03-11
1615507200000,184.0191013170943,2021-03-12
1615593600000,191.95401039022173,2021-03-13
1615680000000,157.85695003171878,2021-03-14
1615766400000,199.28055683557025,2021-03-15
1615852800000,195.09207487010497,2021-03-16
1615939200000,200.4173423128236,2021-03-17
1616025600000,193.91178487389135,2021-03-18
1616112000000,182.44965450379348,2021-03-19
1616198400000,150.60180248564052,2021-03-20
1616284800000,148.9448886519194,2021-03-21
1616371200000,190.8818953694778,2021-03-22
1616457600000,190.7059644524684,2021-03-23
1616544000000,196.8622034092289,2021-03-24
1616630400000,197.0593786128185,2021-03-25
1616716800000,183.807934802392,2021-03-26
1616803200000,149.91431268646602,2021-03-27
1616889600000,142.2308482937457,2021-03-28
1616976000000,199.99991857933324,2021-03-29
1617062400000,198.29506130606944,2021-03-30
1617148800000,195.09632273113587,2021-03-31
1617235200000,197.98018625614583,2021-04-01
1617321600000,194.6702925220681,2021-04-02
1617408000000,163.09863495411852,2021-04-03
1617494400000,146.36067910675845,2021-04-04
1617580800000,197.8672667630947,2021-04-05
1617667200000,192.9850356470316,2021-04-06
1617753600000,192.58061649546417,2021-04-07
1617840000000,190.46809806473632,2021-04-08
1617926400000,184.90297219970432,2021-04-09
1618012800000,156.03693479667652,2021-04-10
1618099200000,155.91570127928372,2021-04-11
1618185600000,202.36497221174233,2021-04-12
1618272000000,214.08674003624375,2021-04-13
1618358400000,243.9850007429438,2021-04-14
1618444800000,201.0061997197472,2021-04-15
1618531200000,220.24676664833729,2021-04-16
1618617600000,226.1090428275645,2021-04-17
1618704000000,204.58166030656471,2021-04-18
1618790400000,223.80153643757217,2021-04-19
1618876800000,231.284363991966,2021-04-20
1618963200000,228.65866959194395,2021-04-21
1619049600000,269.6974454292726,2021-04-22
1619136000000,249.93073939713383,2021-04-23
1619222400000,153.16893355292137,2021-04-24
1619308800000,152.41734787837078,2021-04-25
1619395200000,241.4458990326816,2021-04-26
1619481600000,225.3093248045876,2021-04-27
1619568000000,215.8596804691868,2021-04-28
1619654400000,250.15603952708983,2021-04-29
1619740800000,245.26965775446416,2021-04-30
1619827200000,197.6992027194635,2021-05-01
1619913600000,174.84894386177243,2021-05-02
1620000000000,219.1610826402023,2021-05-03
1620086400000,222.99517769992624,2021-05-04
1620172800000,226.84806559810144,2021-05-05
1620259200000,218.11857520601208,2021-05-06
1620345600000,211.9573347801635,2021-05-07
1620432000000,199.6525231713178,2021-05-08
1620518400000,185.3624828006215,2021-05-09
1620604800000,217.6913846909924,2021-05-10
1620691200000,199.53142931031184,2021-05-11
1620777600000,196.1286444759646,2021-05-12
1620864000000,241.73575134019475,2021-05-13
1620950400000,234.12801247865093,2021-05-14
1621036800000,193.33880584554052,2021-05-15
1621123200000,185.16489803209112,2021-05-16
1621209600000,226.4406556960712,2021-05-17
1621296000000,228.28151163202529,2021-05-18
1621382400000,310.3491821678597,2021-05-19
1621468800000,267.3059048753231,2021-05-20
1621555200000,227.79135605211007,2021-05-21
1621641600000,175.87071717685242,2021-05-22
1621728000000,168.05061341082632,2021-05-23
1621814400000,206.73955693550369,2021-05-24
1621900800000,199.1052754674836,2021-05-25
1621987200000,208.5855432234408,2021-05-26
1622073600000,199.34473405972312,2021-05-27
1622160000000,200.1175669456588,2021-05-28
1622246400000,150.25592130144196,2021-05-29
1622332800000,143.956520012354,2021-05-30
1622419200000,184.14199737546824,2021-05-31
1622505600000,192.67637105527123,2021-06-01
1622592000000,193.32057135455693,2021-06-02
1622678400000,205.0699318483082,2021-06-03
1622764800000,184.19251178705497,2021-06-04
1622851200000,158.66486540199952,2021-06-05
1622937600000,137.45804336600122,2021-06-06
1623024000000,185.42617995753628,2021-06-07
1623110400000,184.17109868366364,2021-06-08
1623196800000,180.912341879719,2021-06-09
1623283200000,201.93927201245037,2021-06-10
1623369600000,184.81305472705145,2021-06-11
1623456000000,143.90041976240045,2021-06-12
1623542400000,142.21673940571165,2021-06-13
1623628800000,193.7980891345787,2021-06-14
1623715200000,169.7120250948945,2021-06-15
1623801600000,184.29787122963745,2021-06-16
1623888000000,167.5709531854454,2021-06-17
1623974400000,171.82623015768962,2021-06-18
1624060800000,138.78222123062923,2021-06-19
1624147200000,129.06899271898283,2021-06-20
1624233600000,176.42705494616,2021-06-21
1624320000000,199.18823020337433,2021-06-22
1624406400000,185.04590896263505,2021-06-23
1624492800000,164.78122234239618,2021-06-24
1624579200000,168.7607886903062,2021-06-25
1624665600000,133.23062697577515,2021-06-26
1624752000000,150.79682793616396,2021-06-27
1624838400000,184.52124205989043,2021-06-28
1624924800000,179.26578718669464,2021-06-29
1625011200000,189.0867309213561,2021-06-30
1625097600000,179.0002048226859,2021-07-01
1625184000000,180.45829480351372,2021-07-02
1625270400000,133.9275294357431,2021-07-03
1625356800000,142.16369502589134,2021-07-04
1625443200000,153.0940071446084,2021-07-05
1625529600000,172.91835992742898,2021-07-06
1625616000000,174.26483079621997,2021-07-07
1625702400000,163.38402583530282,2021-07-08
1625788800000,160.4885039716153,2021-07-09
1625875200000,127.98389838833852,2021-07-10
1625961600000,124.12465929583236,2021-07-11
1626048000000,158.08799735764754,2021-07-12
1626134400000,171.53292162929048,2021-07-13
1626220800000,160.58756670504394,2021-07-14
1626307200000,159.81005325520755,2021-07-15
1626393600000,155.94310431571384,2021-07-16
1626480000000,135.55113617295495,2021-07-17
1626566400000,124.20860716294628,2021-07-18
1626652800000,163.8488833581051,2021-07-19
1626739200000,157.50206740782102,2021-07-20
1626825600000,157.757462015307,2021-07-21
1626912000000,148.51629280760656,2021-07-22
1626998400000,136.10448155207743,2021-07-23
1627084800000,137.06241362719962,2021-07-24
1627171200000,121.65882677548888,2021-07-25
1627257600000,182.342006300959,2021-07-26
1627344000000,174.2447603430545,2021-07-27
1627430400000,171.56870486002495,2021-07-28
1627516800000,137.2454978944488,2021-07-29
1627603200000,154.35317600936423,2021-07-30
1627689600000,146.35282390873053,2021-07-31
1627776000000,139.5761313500793,2021-08-01
1627862400000,177.22564083354638,2021-08-02
1627948800000,177.17325592195908,2021-08-03
1628035200000,176.28745160947923,2021-08-04
1628121600000,163.55957314071975,2021-08-05
1628208000000,168.4881396779206,2021-08-06
1628294400000,146.8216594075729,2021-08-07
1628380800000,139.62230935375436,2021-08-08
1628467200000,173.9357304737112,2021-08-09
1628553600000,176.76018894750038,2021-08-10
1628640000000,184.9725415091021,2021-08-11
1628726400000,173.303475213741,2021-08-12
1628812800000,173.9838711375218,2021-08-13
1628899200000,147.57804566004558,2021-08-14
1628985600000,137.25230412616625,2021-08-15
1629072000000,172.48688954198468,2021-08-16
1629158400000,174.30063463747155,2021-08-17
1629244800000,169.59142490541964,2021-08-18
1629331200000,164.81780513442135,2021-08-19
1629417600000,174.23369289734174,2021-08-20
1629504000000,140.0365274581523,2021-08-21
1629590400000,135.2779928087442,2021-08-22
1629676800000,188.11707134635645,2021-08-23
1629763200000,169.11318697791955,2021-08-24
1629849600000,173.63065499856245,2021-08-25
1629936000000,168.2961882979722,2021-08-26
1630022400000,162.71010939826505,2021-08-27
1630108800000,138.51525564412418,2021-08-28
1630195200000,123.93844173287243,2021-08-29
1630281600000,165.7335836990729,2021-08-30
1630368000000,180.16890265799455,2021-08-31
1630454400000,194.93961021309016,2021-09-01
1630540800000,181.9695504363224,2021-09-02
1630627200000,179.348279983728,2021-09-03
1630713600000,133.515565461343,2021-09-04
1630800000000,139.06292290077084,2021-09-05
1630886400000,167.97438434791556,2021-09-06
1630972800000,199.55364203229857,2021-09-07
1631059200000,174.91676388576383,2021-09-08
1631145600000,157.3137709119247,2021-09-09
1631232000000,157.9608325695883,2021-09-10
1631318400000,120.99103890266004,2021-09-11
1631404800000,117.33818143037776,2021-09-12
1631491200000,165.08493792048844,2021-09-13
1631577600000,162.48430771980298,2021-09-14
1631664000000,168.5758726681569,2021-09-15
1631750400000,152.77431773399437,2021-09-16
1631836800000,153.1533783943715,2021-09-17
1631923200000,127.04711914829235,2021-09-18
1632009600000,113.02690185432589,2021-09-19
1632096000000,162.9145551307328,2021-09-20
1632182400000,169.90295942505756,2021-09-21
1632268800000,146.40438352229302,2021-09-22
1632355200000,147.6374609225593,2021-09-23
1632441600000,155.9349010893446,2021-09-24
1632528000000,119.88925220966084,2021-09-25
1632614400000,118.34203685862084,2021-09-26
1632700800000,150.12255996089354,2021-09-27
1632787200000,149.97642379327357,2021-09-28
1632873600000,149.39368490208275,2021-09-29
1632960000000,151.34387375430435,2021-09-30
1633046400000,174.9679389930448,2021-10-01
1633132800000,127.48017177474118,2021-10-02
1633219200000,119.1410561598535,2021-10-03
1633305600000,160.33898102395136,2021-10-04
1633392000000,165.0714698392648,2021-10-05
1633478400000,195.07182873405753,2021-10-06
1633564800000,173.80431057266168,2021-10-07
1633651200000,163.86739543295153,2021-10-08
1633737600000,115.22377400827344,2021-10-09
1633824000000,119.79130441728786,2021-10-10
1633910400000,173.72266455789472,2021-10-11
1633996800000,148.97616411344802,2021-10-12
1634083200000,157.5922701362871,2021-10-13
1634169600000,170.22980492475358,2021-10-14
1634256000000,180.27572337601117,2021-10-15
1634342400000,132.63357810646372,2021-10-16
1634428800000,120.69194364603298,2021-10-17
1634515200000,180.4840301939383,2021-10-18
1634601600000,181.30332188954256,2021-10-19
1634688000000,196.72156783265464,2021-10-20
1634774400000,166.97139114393687,2021-10-21
1634860800000,165.56827094948986,2021-10-22
1634947200000,122.0670321571392,2021-10-23
1635033600000,121.93420537847834,2021-10-24
1635120000000,167.2416093655176,2021-10-25
1635206400000,165.37259868533658,2021-10-26
1635292800000,175.6656624749901,2021-10-27
1635379200000,164.07670200471244,2021-10-28
1635465600000,174.52776871057455,2021-10-29
1635552000000,138.2888537917211,2021-10-30
1635638400000,133.6554431269848,2021-10-31
1635724800000,174.15420216608032,2021-11-01
1635811200000,173.5850004701956,2021-11-02
1635897600000,174.82383212356794,2021-11-03
1635984000000,161.7428751703352,2021-11-04
1636070400000,171.20585654666544,2021-11-05
1636156800000,129.9851820599891,2021-11-06
1636243200000,129.2976638359366,2021-11-07
1636329600000,198.78095974047895,2021-11-08
1636416000000,190.97784080969953,2021-11-09
1636502400000,188.00875690632975,2021-11-10
1636588800000,156.75560386369307,2021-11-11
1636675200000,160.0279131416383,2021-11-12
1636761600000,125.2930839704536,2021-11-13
1636848000000,124.2877768205854,2021-11-14
1636934400000,173.09938388709722,2021-11-15
1637020800000,183.5146863981975,2021-11-16
1637107200000,170.55374577720525,2021-11-17
1637193600000,165.26001746051708,2021-11-18
1637280000000,164.7258336526179,2021-11-19
1637366400000,135.03584004776218,2021-11-20
1637452800000,130.19010818836577,2021-11-21
1637539200000,164.6268331187036,2021-11-22
1637625600000,157.62193474600522,2021-11-23
1637712000000,156.23200848494795,2021-11-24
1637798400000,155.98737632530438,2021-11-25
1637884800000,158.27395498574631,2021-11-26
1637971200000,119.51505645750896,2021-11-27
1638057600000,114.52305070886608,2021-11-28
1638144000000,160.58721378708276,2021-11-29
1638230400000,168.80691421979256,2021-11-30
1638316800000,178.8743355426581,2021-12-01
1638403200000,147.83451121875876,2021-12-02
1638489600000,146.90838338561875,2021-12-03
1638576000000,149.43187687488842,2021-12-04
1638662400000,114.59839851255332,2021-12-05
1638748800000,152.67046324124027,2021-12-06
1638835200000,141.69010836917485,2021-12-07
1638921600000,140.82149881182218,2021-12-08
1639008000000,139.59807185581872,2021-12-09
1639094400000,120.52563760646638,2021-12-10
1639180800000,103.77344993872308,2021-12-11
1639267200000,100.64424714200403,2021-12-12
1639353600000,147.2060128855904,2021-12-13
1639440000000,142.05186340573556,2021-12-14
1639526400000,138.50935971862322,2021-12-15
1639612800000,136.94677370927877,2021-12-16
1639699200000,145.120741555809,2021-12-17
1639785600000,102.0252136383402,2021-12-18
1639872000000,100.52305374396418,2021-12-19
1639958400000,131.9925518806846,2021-12-20
1640044800000,126.84884927412878,2021-12-21
1640131200000,128.8988900558824,2021-12-22
1640217600000,128.9354624306653,2021-12-23
1640304000000,120.05621008246726,2021-12-24
1640390400000,97.58080575834092,2021-12-25
1640476800000,96.31328892434786,2021-12-26
1640563200000,108.82840669605362,2021-12-27
1640649600000,116.50313178184167,2021-12-28
1640736000000,108.77018876807496,2021-12-29
1640822400000,128.14468458372835,2021-12-30
1640908800000,116.98405129716456,2021-12-31
1640995200000,100.31614600950904,2022-01-01
1641081600000,100.12124012527369,2022-01-02
1641168000000,123.22779825722986,2022-01-03
1641254400000,129.4487058196594,2022-01-04
1641340800000,125.21306722356414,2022-01-05
1641427200000,117.93650113884657,2022-01-06
1641513600000,125.10012360837509,2022-01-07
1641600000000,100.2659856490195,2022-01-08
1641686400000,98.79328946997026,2022-01-09
1641772800000,127.3630620673593,2022-01-10
1641859200000,123.3068335525518,2022-01-11
1641945600000,129.33016049104688,2022-01-12
1642032000000,115.4563489163916,2022-01-13
1642118400000,117.45104204557418,2022-01-14
1642204800000,99.98474188113528,2022-01-15
1642291200000,99.96539233953348,2022-01-16
1642377600000,110.38657983108796,2022-01-17
1642464000000,110.79047889396892,2022-01-18
1642550400000,111.09445404019576,2022-01-19
1642636800000,107.2507370323501,2022-01-20
1642723200000,121.8855994034549,2022-01-21
1642809600000,106.81014801101786,2022-01-22
1642896000000,97.77841021085942,2022-01-23
1642982400000,122.59379371505342,2022-01-24
1643068800000,119.93357860701742,2022-01-25
1643155200000,118.89586119270368,2022-01-26
1643241600000,110.30789681793136,2022-01-27
1643328000000,105.40395115240014,2022-01-28
1643414400000,99.53919826852332,2022-01-29
1643500800000,97.22441905155038,2022-01-30
1643587200000,117.62980127275156,2022-01-31
1643673600000,115.8759070645187,2022-02-01
1643760000000,109.40539065446876,2022-02-02
1643846400000,101.10442501544011,2022-02-03
1643932800000,107.30418088420834,2022-02-04
1644019200000,99.8483827198805,2022-02-05
1644105600000,97.47417110755104,2022-02-06
1644192000000,120.94570031535405,2022-02-07
1644278400000,111.45504146860372,2022-02-08
1644364800000,114.8548320926516,2022-02-09
1644451200000,114.02546288036272,2022-02-10
1644537600000,113.966087977708,2022-02-11
1644624000000,88.01460195670666,2022-02-12
1644710400000,97.67225955603314,2022-02-13
1644796800000,105.9457400992994,2022-02-14
1644883200000,116.34645669056508,2022-02-15
1644969600000,106.49246442747786,2022-02-16
1645056000000,104.7770994926442,2022-02-17
1645142400000,107.80410381956764,2022-02-18
1645228800000,97.93594782769549,2022-02-19
1645315200000,95.02711485010576,2022-02-20
1645401600000,100.59203449089638,2022-02-21
1645488000000,105.00675698363786,2022-02-22
1645574400000,106.80914763777363,2022-02-23
1645660800000,116.93351969771994,2022-02-24
1645747200000,106.9978588425296,2022-02-25
1645833600000,97.59507483238184,2022-02-26
1645920000000,96.01412129896492,2022-02-27
1646006400000,122.49975265001642,2022-02-28
1646092800000,129.61353631985605,2022-03-01
1646179200000,111.35983664607676,2022-03-02
1646265600000,105.12646977905946,2022-03-03
1646352000000,102.06934652147656,2022-03-04
1646438400000,88.88097473855909,2022-03-05
1646524800000,94.464357150766,2022-03-06
1646611200000,101.8059802523029,2022-03-07
1646697600000,104.2051406148733,2022-03-08
1646784000000,111.54981669751996,2022-03-09
1646870400000,100.23310893847214,2022-03-10
1646956800000,100.22710039321773,2022-03-11
1647043200000,94.66015751855764,2022-03-12
1647129600000,87.79964320591704,2022-03-13
1647216000000,101.1000007605938,2022-03-14
1647302400000,100.91532012621644,2022-03-15
1647388800000,100.40836982249434,2022-03-16
1647475200000,98.32675699379972,2022-03-17
1647561600000,98.8486761829792,2022-03-18
1647648000000,89.61438140113043,2022-03-19
1647734400000,86.66811899717536,2022-03-20
1647820800000,99.90078255405469,2022-03-21
1647907200000,103.61969156025847,2022-03-22
1647993600000,100.36256095332672,2022-03-23
1648080000000,103.00595907583448,2022-03-24
1648166400000,100.10244875968668,2022-03-25
1648252800000,92.34979547853732,2022-03-26
1648339200000,89.73914029386981,2022-03-27
1648425600000,112.3391931009349,2022-03-28
1648512000000,113.4437251612352,2022-03-29
1648598400000,105.4457125381182,2022-03-30
1648684800000,116.18878195140672,2022-03-31
1648771200000,114.84429464959902,2022-04-01
1648857600000,97.84193673534102,2022-04-02
1648944000000,93.57902674531368,2022-04-03
1649030400000,104.9979613696636,2022-04-04
1649116800000,104.47481711468376,2022-04-05
1649203200000,104.70583623194938,2022-04-06
1649289600000,100.29878653554768,2022-04-07
1649376000000,100.48803686950032,2022-04-08
1649462400000,89.28838175704936,2022-04-09
1649548800000,87.99195516809534,2022-04-10
1649635200000,99.09692024374957,2022-04-11
1649721600000,99.25822073266124,2022-04-12
1649808000000,99.95382464485344,2022-04-13
1649894400000,99.9986948491599,2022-04-14
1649980800000,96.52732875115696,2022-04-15
1650067200000,78.6606125932445,2022-04-16
1650153600000,76.41936365418843,2022-04-17
1650240000000,98.35786925032444,2022-04-18
1650326400000,100.01258118555212,2022-04-19
1650412800000,99.91458859422671,2022-04-20
1650499200000,99.64124764803968,2022-04-21
1650585600000,99.90578821657698,2022-04-22
1650672000000,77.98889116698982,2022-04-23
1650758400000,81.34786383861183,2022-04-24
1650844800000,100.0344629979884,2022-04-25
1650931200000,100.42262687895878,2022-04-26
1651017600000,99.75270480054812,2022-04-27
1651104000000,100.03046433224624,2022-04-28
1651190400000,103.3729910685026,2022-04-29
1651276800000,86.86290670710052,2022-04-30
1651363200000,89.08481160138396,2022-05-01
1651449600000,102.40393258449784,2022-05-02
1651536000000,100.03753054495633,2022-05-03
1651622400000,100.24368329056108,2022-05-04
1651708800000,99.77858547255116,2022-05-05
1651795200000,97.77886401946826,2022-05-06
1651881600000,86.81604550577882,2022-05-07
1651968000000,85.74355844930611,2022-05-08
1652054400000,103.35745406768172,2022-05-09
1652140800000,103.53548158282412,2022-05-10
1652227200000,125.78967468383064,2022-05-11
1652313600000,140.40548974678467,2022-05-12
1652400000000,101.40187075239136,2022-05-13
1652486400000,88.17279408649942,2022-05-14
1652572800000,83.01149543118386,2022-05-15
1652659200000,100.28166254264517,2022-05-16
1652745600000,100.266299156639,2022-05-17
1652832000000,99.14485226247662,2022-05-18
1652918400000,99.13004075806568,2022-05-19
1653004800000,98.31113686672126,2022-05-20
1653091200000,80.23486483235676,2022-05-21
1653177600000,78.96851579363555,2022-05-22
1653264000000,99.8673788564243,2022-05-23
1653350400000,100.53404357439052,2022-05-24
1653436800000,96.3812676731894,2022-05-25
1653523200000,96.61844261866604,2022-05-26
1653609600000,96.17428014902698,2022-05-27
1653696000000,81.36737821761825,2022-05-28
1653782400000,78.77815534569895,2022-05-29
1653868800000,98.7437892499618,2022-05-30
1653955200000,101.77545470989438,2022-05-31
1654041600000,100.64553911653832,2022-06-01
1654128000000,99.8291259965252,2022-06-02
1654214400000,96.70702371720508,2022-06-03
1654300800000,82.05145663464133,2022-06-04
1654387200000,73.56983687760348,2022-06-05
1654473600000,100.0153660617862,2022-06-06
1654560000000,99.95239930966942,2022-06-07
1654646400000,99.66345681736668,2022-06-08
1654732800000,96.67569579667943,2022-06-09
1654819200000,95.98145605977614,2022-06-10
1654905600000,85.09715459041438,2022-06-11
1654992000000,81.94166531097541,2022-06-12
1655078400000,132.93514938296371,2022-06-13
1655164800000,107.6273859446789,2022-06-14
1655251200000,102.2773682196944,2022-06-15
1655337600000,99.72143078884704,2022-06-16
1655424000000,99.43529899125006,2022-06-17
1655510400000,96.60110153723885,2022-06-18
1655596800000,83.60731618352693,2022-06-19
1655683200000,96.46490639034936,2022-06-20
1655769600000,99.06095318088704,2022-06-21
1655856000000,99.2535804355981,2022-06-22
1655942400000,96.25340735890478,2022-06-23
1656028800000,96.54486744508988,2022-06-24
1656115200000,79.08416025344017,2022-06-25
1656201600000,76.44603867927007,2022-06-26
1656288000000,96.43446390133234,2022-06-27
1656374400000,98.37050614951076,2022-06-28
1656460800000,96.87865998559286,2022-06-29
1656547200000,98.40791825911886,2022-06-30
1656633600000,100.07278919558794,2022-07-01
1656720000000,84.94021467942981,2022-07-02
1656806400000,75.62777581663106,2022-07-03
1656892800000,95.46931697352996,2022-07-04
1656979200000,97.76159050390302,2022-07-05
1657065600000,94.26366517200674,2022-07-06
1657152000000,95.21595972227288,2022-07-07
1657238400000,94.3545024607929,2022-07-08
1657324800000,76.0095344017234,2022-07-09
1657411200000,73.2138899662451,2022-07-10
1657497600000,89.98696986959881,2022-07-11
1657584000000,92.58934321284669,2022-07-12
1657670400000,95.60560406418756,2022-07-13
1657756800000,94.27736143184238,2022-07-14
1657843200000,94.18169481890912,2022-07-15
1657929600000,77.79828561121057,2022-07-16
1658016000000,76.56711558484214,2022-07-17
1658102400000,98.4403647482975,2022-07-18
1658188800000,98.46194193981115,2022-07-19
1658275200000,99.22841554856156,2022-07-20
1658361600000,90.69646395744404,2022-07-21
1658448000000,94.23267710450752,2022-07-22
1658534400000,76.64993901658963,2022-07-23
1658620800000,71.31662186381531,2022-07-24
1658707200000,93.57111833134827,2022-07-25
1658793600000,91.22577707545942,2022-07-26
1658880000000,97.35932543956736,2022-07-27
1658966400000,95.7761710912391,2022-07-28
1659052800000,95.3396475738252,2022-07-29
1659139200000,78.31275776145858,2022-07-30
1659225600000,74.38515832853466,2022-07-31
1659312000000,96.72796521914476,2022-08-01
1659398400000,95.62130187916702,2022-08-02
1659484800000,90.69706329517813,2022-08-03
1659571200000,93.32539692653133,2022-08-04
1659657600000,90.8816646042641,2022-08-05
1659744000000,72.99594563579207,2022-08-06
1659830400000,70.05196757154768,2022-08-07
1659916800000,95.56407559288306,2022-08-08
1660003200000,95.2728605722792,2022-08-09
1660089600000,94.18927886527248,2022-08-10
1660176000000,87.96374258131922,2022-08-11
1660262400000,88.2939641711307,2022-08-12
1660348800000,76.50854583742459,2022-08-13
1660435200000,71.42931082452719,2022-08-14
1660521600000,92.8894014822128,2022-08-15
1660608000000,90.8401825306942,2022-08-16
1660694400000,93.01040518461184,2022-08-17
1660780800000,80.02836596292578,2022-08-18
1660867200000,89.67940510058342,2022-08-19
1660953600000,74.22373121212573,2022-08-20
1661040000000,67.83114842042751,2022-08-21
1661126400000,90.23179147897514,2022-08-22
1661212800000,89.82877669023343,2022-08-23
1661299200000,84.02104600097671,2022-08-24
1661385600000,85.24046904471238,2022-08-25
1661472000000,90.09965860150508,2022-08-26
1661558400000,74.56689657563791,2022-08-27
1661644800000,72.352173543932,2022-08-28
1661731200000,89.4371876351907,2022-08-29
1661817600000,92.23166612740062,2022-08-30
1661904000000,95.57684456649444,2022-08-31
1661990400000,95.0486469895248,2022-09-01
1662076800000,95.29435108032683,2022-09-02
1662163200000,71.15449608342017,2022-09-03
1662249600000,70.71231757903573,2022-09-04
1662336000000,80.89807392254147,2022-09-05
1662422400000,92.67492141173004,2022-09-06
1662508800000,89.77201286870962,2022-09-07
1662595200000,89.16731204100785,2022-09-08
1662681600000,92.9829304582829,2022-09-09
1662768000000,73.28193235242225,2022-09-10
1662854400000,71.22103701294508,2022-09-11
1662940800000,91.04647806253575,2022-09-12
1663027200000,90.32184710658574,2022-09-13
1663113600000,83.42433431935642,2022-09-14
1663200000000,90.62512695425008,2022-09-15
1663286400000,92.39518125972336,2022-09-16
1663372800000,73.11409068116978,2022-09-17
1663459200000,76.28343600892502,2022-09-18
1663545600000,95.64996721854432,2022-09-19
1663632000000,95.05025901469811,2022-09-20
1663718400000,95.22569539352348,2022-09-21
1663804800000,94.90625421157272,2022-09-22
1663891200000,89.5589165142493,2022-09-23
1663977600000,75.02878744315515,2022-09-24
1664064000000,79.99540425503235,2022-09-25
1664150400000,94.1284865964376,2022-09-26
1664236800000,96.20673511025235,2022-09-27
1664323200000,95.0088168648749,2022-09-28
1664409600000,95.4141575995332,2022-09-29
1664496000000,90.99336257579311,2022-09-30
1664582400000,78.56184152183056,2022-10-01
1664668800000,79.90537901032782,2022-10-02
1664755200000,96.01476141236417,2022-10-03
1664841600000,96.48646808660106,2022-10-04
1664928000000,89.47731368232584,2022-10-05
1665014400000,95.61790656421302,2022-10-06
1665100800000,90.81452025554384,2022-10-07
1665187200000,75.28065066252194,2022-10-08
1665273600000,76.1688147820796,2022-10-09
1665360000000,88.55964580746551,2022-10-10
1665446400000,93.92760316668053,2022-10-11
1665532800000,83.96839851336273,2022-10-12
1665619200000,90.87649245416794,2022-10-13
1665705600000,90.9148120488245,2022-10-14
1665792000000,73.95776228680737,2022-10-15
1665878400000,77.78886114390579,2022-10-16
1665964800000,95.6729339177832,2022-10-17
1666051200000,95.6255321254806,2022-10-18
1666137600000,93.51429427007348,2022-10-19
1666224000000,90.8340886426371,2022-10-20
1666310400000,89.2287172264988,2022-10-21
1666396800000,75.02807159290151,2022-10-22
1666483200000,70.00664490771187,2022-10-23
1666569600000,92.48949875629096,2022-10-24
1666656000000,95.73456317406216,2022-10-25
1666742400000,94.9510956019792,2022-10-26
1666828800000,90.39809048988678,2022-10-27
1666915200000,90.72369761702976,2022-10-28
1667001600000,79.03334629093473,2022-10-29
1667088000000,81.86992461515369,2022-10-30
1667174400000,98.07174908296022,2022-10-31
1667260800000,95.63370090552606,2022-11-01
1667347200000,95.37029502759088,2022-11-02
1667433600000,88.78740161712565,2022-11-03
1667520000000,94.99419126890206,2022-11-04
1667606400000,76.92113751309788,2022-11-05
1667692800000,83.7440662290531,2022-11-06
1667779200000,99.21058758918852,2022-11-07
1667865600000,100.9207246499694,2022-11-08
1667952000000,113.76255835823132,2022-11-09
1668038400000,101.02694919946089,2022-11-10
1668124800000,96.93776777074122,2022-11-11
1668211200000,80.4005536707405,2022-11-12
1668297600000,95.83408352229512,2022-11-13
1668384000000,103.71026611394667,2022-11-14
1668470400000,103.92623383756882,2022-11-15
1668556800000,101.2342084752926,2022-11-16
1668643200000,99.66695645659412,2022-11-17
1668729600000,95.40859085330776,2022-11-18
1668816000000,75.96528201232412,2022-11-19
1668902400000,79.71151224796552,2022-11-20
1668988800000,99.05777549074284,2022-11-21
1669075200000,97.78066339681988,2022-11-22
1669161600000,95.0820300081274,2022-11-23
1669248000000,88.87996847949175,2022-11-24
1669334400000,94.90662925180284,2022-11-25
1669420800000,80.03839449724482,2022-11-26
1669507200000,78.96639653140207,2022-11-27
1669593600000,97.98634998600151,2022-11-28
1669680000000,98.94923089344832,2022-11-29
1669766400000,100.00786347524884,2022-11-30
1669852800000,98.64024070005236,2022-12-01
1669939200000,95.35333566022486,2022-12-02
1670025600000,79.87745647937345,2022-12-03
1670112000000,76.93024526844981,2022-12-04
1670198400000,97.24998162229932,2022-12-05
1670284800000,95.5606505429884,2022-12-06
1670371200000,93.68217976929732,2022-12-07
1670457600000,90.18732078386851,2022-12-08
1670544000000,90.30652808121113,2022-12-09
1670630400000,75.0311269960437,2022-12-10
1670716800000,73.26680978773483,2022-12-11
1670803200000,95.57848859387568,2022-12-12
1670889600000,100.08576372546122,2022-12-13
1670976000000,99.22128435505736,2022-12-14
1671062400000,95.57958056817114,2022-12-15
1671148800000,95.63097528733296,2022-12-16
1671235200000,83.42893817666497,2022-12-17
1671321600000,78.47845025286172,2022-12-18
1671408000000,95.38974957988502,2022-12-19
1671494400000,95.599514689345,2022-12-20
1671580800000,95.38031390298586,2022-12-21
1671667200000,95.61866884645308,2022-12-22
1671753600000,94.69354347390562,2022-12-23
1671840000000,78.48975751254608,2022-12-24
1671926400000,67.06226370199569,2022-12-25
1672012800000,84.25020097015532,2022-12-26
1672099200000,93.4756964365606,2022-12-27
1672185600000,91.45776130497622,2022-12-28
1672272000000,91.06298614813544,2022-12-29
1672358400000,90.27188896697758,2022-12-30
1672444800000,82.14240261507805,2022-12-31
1672531200000,67.04474701303425,2023-01-01
1672617600000,82.01799513956324,2023-01-02
1672704000000,90.02257949895142,2023-01-03
1672790400000,94.97122148178666,2023-01-04
1672876800000,83.56557021668895,2023-01-05
1672963200000,83.71650925906947,2023-01-06
1673049600000,73.3791396308692,2023-01-07
1673136000000,69.3945860902692,2023-01-08
1673222400000,91.92610854583307,2023-01-09
1673308800000,90.54906833426558,2023-01-10
1673395200000,90.12872956121312,2023-01-11
1673481600000,93.60259458448031,2023-01-12
1673568000000,94.77448876953336,2023-01-13
1673654400000,86.80793252717653,2023-01-14
1673740800000,73.3897302491208,2023-01-15
1673827200000,86.30747500432808,2023-01-16
1673913600000,90.81061093559934,2023-01-17
1674000000000,91.50627367609606,2023-01-18
1674086400000,89.69379630808915,2023-01-19
1674172800000,92.65201196903764,2023-01-20
1674259200000,80.87902621866834,2023-01-21
1674345600000,70.18166003860686,2023-01-22
1674432000000,90.01105818510777,2023-01-23
1674518400000,91.77890399940222,2023-01-24
1674604800000,90.41276762161208,2023-01-25
1674691200000,86.30943417899665,2023-01-26
1674777600000,89.14887383899132,2023-01-27
1674864000000,73.09120284402795,2023-01-28
1674950400000,74.33139250829655,2023-01-29
1675036800000,90.35807623880038,2023-01-30
1675123200000,95.41781932567817,2023-01-31
1675209600000,91.2143217621982,2023-02-01
1675296000000,89.96400348213841,2023-02-02
1675382400000,89.09883860220944,2023-02-03
1675468800000,69.8031890755021,2023-02-04
1675555200000,69.52203660386685,2023-02-05
1675641600000,83.02349727072928,2023-02-06
1675728000000,91.3272286704229,2023-02-07
1675814400000,80.71395410391094,2023-02-08
1675900800000,69.0311423234072,2023-02-09
1675987200000,85.30213842070204,2023-02-10
1676073600000,65.33276379665436,2023-02-11
1676160000000,63.02880650847505,2023-02-12
1676246400000,86.49085201032979,2023-02-13
1676332800000,78.98383415858397,2023-02-14
1676419200000,82.65070219556215,2023-02-15
1676505600000,92.7642282530983,2023-02-16
1676592000000,84.86434485189322,2023-02-17
1676678400000,69.97782620419363,2023-02-18
1676764800000,69.42647149644198,2023-02-19
1676851200000,86.92844484883977,2023-02-20
1676937600000,89.19572414194181,2023-02-21
1677024000000,87.94513035758324,2023-02-22
1677110400000,84.55358196253033,2023-02-23
1677196800000,90.66255477469228,2023-02-24
1677283200000,70.622718350622,2023-02-25
1677369600000,59.26910371193616,2023-02-26
1677456000000,84.8143457739546,2023-02-27
1677542400000,79.64102579587595,2023-02-28
1677628800000,67.15432224209918,2023-03-01
1677715200000,74.5962584456136,2023-03-02
1677801600000,75.84322020541266,2023-03-03
1677888000000,59.898838497162664,2023-03-04
1677974400000,53.43142243963063,2023-03-05
1678060800000,79.09429614564512,2023-03-06
1678147200000,70.84425731148066,2023-03-07
1678233600000,78.0492812393614,2023-03-08
1678320000000,72.68917272527129,2023-03-09
1678406400000,84.45742530123819,2023-03-10
1678492800000,65.01199887967294,2023-03-11
1678579200000,61.362819688398055,2023-03-12
1678665600000,96.02849137081736,2023-03-13
1678752000000,99.94817884767328,2023-03-14
1678838400000,80.91728404650077,2023-03-15
1678924800000,93.50482277668236,2023-03-16
1679011200000,94.99577861665098,2023-03-17
1679097600000,76.76573792639185,2023-03-18
1679184000000,72.2217377379802,2023-03-19
1679270400000,83.73957189394169,2023-03-20
1679356800000,88.27994790784638,2023-03-21
1679443200000,95.19261972492284,2023-03-22
1679529600000,95.53971745428436,2023-03-23
1679616000000,95.1956618601049,2023-03-24
1679702400000,70.81252048803799,2023-03-25
1679788800000,66.10512151666791,2023-03-26
1679875200000,89.25776004603578,2023-03-27
1679961600000,91.9454309666238,2023-03-28
1680048000000,92.7793059375636,2023-03-29
1680134400000,87.7028326492602,2023-03-30
1680220800000,93.09961413511964,2023-03-31
1680307200000,60.26416604408277,2023-04-01
1680393600000,45.42322808541503,2023-04-02
1680480000000,68.2790666470851,2023-04-03
1680566400000,54.94259808431809,2023-04-04
1680652800000,71.24678798280463,2023-04-05
1680739200000,63.6780649292575,2023-04-06
1680825600000,54.96982862968173,2023-04-07
1680912000000,50.25347278690883,2023-04-08
1680998400000,50.01891694951136,2023-04-09
1681084800000,77.14050054131913,2023-04-10
1681171200000,87.669588877213,2023-04-11
1681257600000,80.97386483925763,2023-04-12
1681344000000,88.8352922907122,2023-04-13
1681430400000,94.6658846231638,2023-04-14
1681516800000,73.93718228648663,2023-04-15
1681603200000,70.97534136561617,2023-04-16
1681689600000,74.90420316538678,2023-04-17
1681776000000,89.06170727459097,2023-04-18
1681862400000,90.67733744649384,2023-04-19
1681948800000,91.78422212837262,2023-04-20
1682035200000,57.78679235192363,2023-04-21
1682121600000,40.07189173039003,2023-04-22
1682208000000,18.265125434361135,2023-04-23
1682294400000,50.176082359275505,2023-04-24
1682380800000,50.535073220492,2023-04-25
1682467200000,36.915405981052665,2023-04-26
1682553600000,46.11372669101931,2023-04-27
1682640000000,34.865816538451746,2023-04-28
1682726400000,22.420786264922775,2023-04-29
1682812800000,7.224597951686594,2023-04-30
1682899200000,5.493619348150348,2023-05-01
1682985600000,27.988240153184535,2023-05-02
1683072000000,40.18840088069596,2023-05-03
1683158400000,29.98313901511263,2023-05-04
1683244800000,43.78049447642439,2023-05-05
1683331200000,10.377024032127682,2023-05-06
1683417600000,13.225701792691636,2023-05-07
1683504000000,21.16644548168134,2023-05-08
1683590400000,14.040381935310084,2023-05-09
1683676800000,11.653140808873886,2023-05-10
1683763200000,13.00011721763546,2023-05-11
1683849600000,17.814985934042845,2023-05-12
1683936000000,3.250980799247571,2023-05-13
1684022400000,2.1068673001418623,2023-05-14
1684108800000,9.021310025993404,2023-05-15
1684195200000,11.89546412595806,2023-05-16
1684281600000,10.017876023624664,2023-05-17
1684368000000,23.909455010289623,2023-05-18
1684454400000,21.861614632068974,2023-05-19
1684540800000,21.56615924761067,2023-05-20
1684627200000,6.3182866180648105,2023-05-21
1684713600000,14.782267536063635,2023-05-22
1684800000000,14.93955174172252,2023-05-23
1684886400000,31.53666650701597,2023-05-24
1684972800000,26.19945572047551,2023-05-25
1685059200000,27.321684452756163,2023-05-26
1685145600000,21.45225161923157,2023-05-27
1685232000000,10.013537922501875,2023-05-28
1685318400000,10.000443007197717,2023-05-29
1685404800000,20.031298442361187,2023-05-30
1685491200000,35.331539942246216,2023-05-31
1685577600000,56.48272886230782,2023-06-01
1685664000000,28.035757835596332,2023-06-02
1685750400000,32.93325988339842,2023-06-03
1685836800000,26.903607994143428,2023-06-04
1685923200000,46.582497663388814,2023-06-05
1686009600000,43.21569646778655,2023-06-06
1686096000000,51.70322909600966,2023-06-07
1686182400000,44.372109407890235,2023-06-08
1686268800000,46.352455249214806,2023-06-09
1686355200000,41.92878493647444,2023-06-10
1686441600000,18.255923163153064,2023-06-11
1686528000000,38.749600063107664,2023-06-12
1686614400000,30.02642307677663,2023-06-13
1686700800000,48.53566743067803,2023-06-14
1686787200000,29.98303305901612,2023-06-15
1686873600000,23.569497459507623,2023-06-16
1686960000000,15.888871758710192,2023-06-17
1687046400000,10.211310404790437,2023-06-18
1687132800000,27.262527238517176,2023-06-19
1687219200000,24.988939937318765,2023-06-20
1687305600000,55.81448732449069,2023-06-21
1687392000000,48.07196946886688,2023-06-22
1687478400000,49.67019036848191,2023-06-23
1687564800000,36.00281382073271,2023-06-24
1687651200000,20.020173718124763,2023-06-25
1687737600000,31.17199033138718,2023-06-26
1687824000000,29.432402844446788,2023-06-27
1687910400000,49.34037619019102,2023-06-28
1687996800000,33.809099268474085,2023-06-29
1688083200000,40.97178494122143,2023-06-30
1688169600000,46.17084062014316,2023-07-01
1688256000000,43.77393315648671,2023-07-02
1688342400000,58.62726174800424,2023-07-03
1688428800000,42.58702438857594,2023-07-04
1688515200000,19.89135895001181,2023-07-05
1688601600000,37.97962812706496,2023-07-06
1688688000000,16.640484487442333,2023-07-07
1688774400000,0.5662880659336736,2023-07-08
1688860800000,0.3348785147841209,2023-07-09
1688947200000,10.265492236678762,2023-07-10
1689033600000,27.201545544169935,2023-07-11
1689120000000,22.295965015724164,2023-07-12
1689206400000,46.208216262035,2023-07-13
1689292800000,42.57030662432911,2023-07-14
1689379200000,9.996386526235217,2023-07-15
1689465600000,0.4197603168405112,2023-07-16
1689552000000,20.989549315039856,2023-07-17
1689638400000,8.781495414120265,2023-07-18
1689724800000,17.997575204932843,2023-07-19
1689811200000,36.39695261210238,2023-07-20
1689897600000,55.82022299515312,2023-07-21
1689984000000,44.4090106966084,2023-07-22
1690070400000,0.46411407033567115,2023-07-23
1690156800000,10.10978219521549,2023-07-24
1690243200000,18.825935098419475,2023-07-25
1690329600000,25.2134895941588,2023-07-26
1690416000000,32.58116121570577,2023-07-27
1690502400000,27.16588694439289,2023-07-28
1690588800000,17.31236438378922,2023-07-29
1690675200000,0.3499729141414419,2023-07-30
1690761600000,23.294709149517875,2023-07-31
1690848000000,45.017186130873355,2023-08-01
1690934400000,45.17423580430224,2023-08-02
1691020800000,31.46484974250484,2023-08-03
1691107200000,50.04474791264278,2023-08-04
1691193600000,16.44070984221588,2023-08-05
1691280000000,0.3768752811217247,2023-08-06
1691366400000,21.754916818386818,2023-08-07
1691452800000,49.86596803240034,2023-08-08
1691539200000,20.049205200927947,2023-08-09
1691625600000,33.00710354069588,2023-08-10
1691712000000,21.1796332498842,2023-08-11
1691798400000,9.63549813310514,2023-08-12
1691884800000,1.0920004807998551,2023-08-13
1691971200000,3.844734316408702,2023-08-14
1692057600000,2.9993343460850306,2023-08-15
1692144000000,12.080731295261312,2023-08-16
1692230400000,22.2231691474143,2023-08-17
1692316800000,31.07439727722504,2023-08-18
1692403200000,10.0054833772715,2023-08-19
1692489600000,0.29396027303893707,2023-08-20
1692576000000,1.304665002172996,2023-08-21
1692662400000,30.745731904848057,2023-08-22
1692748800000,23.96113164758913,2023-08-23
1692835200000,28.60506223116642,2023-08-24
1692921600000,30.233550217084524,2023-08-25
1693008000000,6.65737309075552,2023-08-26
1693094400000,10.998965587713348,2023-08-27
1693180800000,39.113992300041055,2023-08-28
1693267200000,17.274390404168077,2023-08-29
1693353600000,29.91418234451077,2023-08-30
1693440000000,29.9961892350874,2023-08-31
1693526400000,40.11772687451923,2023-09-01
1693612800000,10.647213160649375,2023-09-02
1693699200000,0.40439173938383466,2023-09-03
1693785600000,0.7412676465062732,2023-09-04
1693872000000,13.46918028646216,2023-09-05
1693958400000,19.477479630385155,2023-09-06
1694044800000,9.63271111337546,2023-09-07
1694131200000,30.35571991328144,2023-09-08
1694217600000,0.6753244397708833,2023-09-09
1694304000000,0.6220864453422349,2023-09-10
1694390400000,27.574292391173486,2023-09-11
1694476800000,23.237428475269738,2023-09-12
1694563200000,18.188730959572048,2023-09-13
1694649600000,6.52812221545425,2023-09-14
1694736000000,0.7102816640962986,2023-09-15
1694822400000,0.6659367123083039,2023-09-16
1694908800000,0.7392539506119249,2023-09-17
1694995200000,1.156674457309566,2023-09-18
1695081600000,21.737380291861424,2023-09-19
1695168000000,17.266682329817773,2023-09-20
1695254400000,27.091289213316948,2023-09-21
1695340800000,27.463830200957062,2023-09-22
1695427200000,2.5764081354178545,2023-09-23
1695513600000,17.142546819487087,2023-09-24
1695600000000,70.2101623688202,2023-09-25
1695686400000,64.22684580397431,2023-09-26
1695772800000,58.58763118335409,2023-09-27
1695859200000,52.0788756836716,2023-09-28
1695945600000,70.08641641719461,2023-09-29
1696032000000,59.018988868304255,2023-09-30
1696118400000,41.53887951807056,2023-10-01
1696204800000,59.68106825320596,2023-10-02
1696291200000,74.09212303170061,2023-10-03
1696377600000,72.10300699598594,2023-10-04
1696464000000,63.031868540699534,2023-10-05
1696550400000,73.20761224414295,2023-10-06
1696636800000,63.88335708170481,2023-10-07
1696723200000,50.56564181404673,2023-10-08
1696809600000,63.20675484071328,2023-10-09
1696896000000,70.11253328103915,2023-10-10
1696982400000,85.50949195131132,2023-10-11
1697068800000,80.41186808329995,2023-10-12
1697155200000,80.94537412380129,2023-10-13
1697241600000,56.18112238778431,2023-10-14
1697328000000,49.736891351199525,2023-10-15
1697414400000,77.56431267328446,2023-10-16
1697500800000,76.97986437962425,2023-10-17
1697587200000,81.04773925186528,2023-10-18
1697673600000,79.92667606497942,2023-10-19
1697760000000,89.84493306220891,2023-10-20
1697846400000,60.10550040570734,2023-10-21
1697932800000,51.66927289038066,2023-10-22
1698019200000,83.76216566127916,2023-10-23
1698105600000,64.92636540895866,2023-10-24
1698192000000,33.9890535079912,2023-10-25
1698278400000,38.79887988303037,2023-10-26
1698364800000,35.00034645567397,2023-10-27
1698451200000,6.625581860099483,2023-10-28
1698537600000,21.00556475921827,2023-10-29
1698624000000,23.413952003427397,2023-10-30
1698710400000,36.324233627989805,2023-10-31
1698796800000,31.574672040202213,2023-11-01
1698883200000,46.75492851876452,2023-11-02
1698969600000,29.049708027102625,2023-11-03
1699056000000,2.919711363770497,2023-11-04
1699142400000,2.5240899517199713,2023-11-05
1699228800000,26.15017703388023,2023-11-06
1699315200000,33.71972470867685,2023-11-07
1699401600000,10.47363780857725,2023-11-08
1699488000000,14.983362184953997,2023-11-09
1699574400000,31.1376377140914,2023-11-10
1699660800000,2.9362896623545653,2023-11-11
1699747200000,3.1726826550662803,2023-11-12
1699833600000,29.805030070337896,2023-11-13
1699920000000,20.026447868508605,2023-11-14
1700006400000,9.985511384068513,2023-11-15
1700092800000,11.954701067005969,2023-11-16
1700179200000,20.78131901603243,2023-11-17
1700265600000,12.016042629614544,2023-11-18
1700352000000,5.114483976084978,2023-11-19
1700438400000,4.376271241515575,2023-11-20
1700524800000,18.919656895590116,2023-11-21
1700611200000,9.622352310163416,2023-11-22
1700697600000,5.131928218144873,2023-11-23
1700784000000,4.66946359347283,2023-11-24
1700870400000,3.214274041836682,2023-11-25
1700956800000,3.248130430416779,2023-11-26
1701043200000,15.036841863091745,2023-11-27
1701129600000,32.2120273615636,2023-11-28
1701216000000,51.25206663389999,2023-11-29
1701302400000,50.98204268307467,2023-11-30
1701388800000,38.337159811774626,2023-12-01
1701475200000,21.53679236900028,2023-12-02
1701561600000,4.774268977947132,2023-12-03
1701648000000,21.375593791026215,2023-12-04
1701734400000,12.82041109255976,2023-12-05
1701820800000,35.00543428175526,2023-12-06
1701907200000,47.55774995044326,2023-12-07
1701993600000,46.98544311998662,2023-12-08
1702080000000,9.81542242489528,2023-12-09
1702166400000,10.572363581133237,2023-12-10
1702252800000,29.114156911947543,2023-12-11
1702339200000,24.912969385015792,2023-12-12
1702425600000,7.841186371953119,2023-12-13
1702512000000,9.55962831459684,2023-12-14
1702598400000,19.908578440185902,2023-12-15
1702684800000,21.028928746632744,2023-12-16
1702771200000,19.957516760588245,2023-12-17
1702857600000,13.474684795826562,2023-12-18
1702944000000,15.681417632091131,2023-12-19
1703030400000,17.082653877287715,2023-12-20
1703116800000,19.25592333365284,2023-12-21
1703203200000,20.084173229416532,2023-12-22
1703289600000,8.74180153665584,2023-12-23
1703376000000,5.539512399715583,2023-12-24
1703462400000,9.883985002275285,2023-12-25
1703548800000,9.037566402676289,2023-12-26
1703635200000,12.892868444750896,2023-12-27
1703721600000,40.22044772947744,2023-12-28
1703808000000,20.774912681655596,2023-12-29
1703894400000,21.555136187806184,2023-12-30
1703980800000,17.442703956603843,2023-12-31
1704067200000,17.908123005489596,2024-01-01
1704153600000,48.115440265425256,2024-01-02
1704240000000,26.86139367104843,2024-01-03
1704326400000,36.28499391026126,2024-01-04
1704412800000,30.562322772320982,2024-01-05
1704499200000,25.876856710031618,2024-01-06
1704585600000,25.099277334304873,2024-01-07
1704672000000,25.036332230767265,2024-01-08
1704758400000,24.7412205252868,2024-01-09
1704844800000,47.679917748491555,2024-01-10
1704931200000,34.29229934890035,2024-01-11
1705017600000,49.546493937392825,2024-01-12
1705104000000,5.592618081701268,2024-01-13
1705190400000,9.459726085440058,2024-01-14
1705276800000,18.37004371714145,2024-01-15
1705363200000,5.755402483489567,2024-01-16
1705449600000,34.17130767661767,2024-01-17
1705536000000,39.04221205935352,2024-01-18
1705622400000,41.543229879141215,2024-01-19
1705708800000,41.58364817714922,2024-01-20
1705795200000,43.99706450059888,2024-01-21
1705881600000,16.644668669665354,2024-01-22
1705968000000,20.064854512029378,2024-01-23
1706054400000,32.384994915995314,2024-01-24
1706140800000,40.069070365070274,2024-01-25
1706227200000,15.126094621304595,2024-01-26
1706313600000,1.7878134276109252,2024-01-27
1706400000000,1.8443541744956145,2024-01-28
1706486400000,1.8637398401212224,2024-01-29
1706572800000,9.498731754140632,2024-01-30
1706659200000,26.65916802673968,2024-01-31
1706745600000,34.59934855984405,2024-02-01
1706832000000,37.49142412184459,2024-02-02
1706918400000,4.304924887398572,2024-02-03
1707004800000,22.7400065595898,2024-02-04
1707091200000,64.47925517717003,2024-02-05
1707177600000,67.59690866849641,2024-02-06
1707264000000,10.00558359976066,2024-02-07
1707350400000,50.07588937963968,2024-02-08
1707436800000,49.841424401821655,2024-02-09
1707523200000,25.10798214253965,2024-02-10
1707609600000,33.027004712883866,2024-02-11
1707696000000,54.90590841208661,2024-02-12
1707782400000,55.80778475228237,2024-02-13
1707868800000,63.054287500821765,2024-02-14
1707955200000,82.66303556873119,2024-02-15
1708041600000,59.61265012940568,2024-02-16
1708128000000,42.067210631223425,2024-02-17
1708214400000,26.43452733607911,2024-02-18
1708300800000,28.38755413972746,2024-02-19
1708387200000,19.820462519150695,2024-02-20
1708473600000,34.664820970089,2024-02-21
1708560000000,50.06546740333156,2024-02-22
1708646400000,38.91849786287654,2024-02-23
1708732800000,36.988476990052206,2024-02-24
1708819200000,18.480952865317644,2024-02-25
1708905600000,44.11710389884591,2024-02-26
1708992000000,56.57194272526827,2024-02-27
1709078400000,88.53013045785194,2024-02-28
1709164800000,72.58688622666332,2024-02-29
1709251200000,54.23364084717926,2024-03-01
1709337600000,44.51595678077695,2024-03-02
1709424000000,30.612650128120908,2024-03-03
1709510400000,63.343871206622914,2024-03-04
1709596800000,77.45458666301968,2024-03-05
1709683200000,60.99559388192327,2024-03-06
1709769600000,41.47368271510397,2024-03-07
1709856000000,34.93570918093175,2024-03-08
1709942400000,38.46403982036993,2024-03-09
1710028800000,30.17503863645125,2024-03-10
1710115200000,57.31140646585971,2024-03-11
1710201600000,80.2320520051081,2024-03-12
1710288000000,58.8894026050496,2024-03-13
1710374400000,78.64707526444055,2024-03-14
1710460800000,61.48216081088064,2024-03-15
1710547200000,42.26775605910925,2024-03-16
1710633600000,30.062575314448647,2024-03-17
1710720000000,30.307059233411227,2024-03-18
1710806400000,39.56654976958393,2024-03-19
1710892800000,52.61331459127245,2024-03-20
1710979200000,54.44277913101602,2024-03-21
1711065600000,44.44258669179158,2024-03-22
1711152000000,34.87381347974745,2024-03-23
1711238400000,25.61198438099522,2024-03-24
1711324800000,65.3226043878171,2024-03-25
1711411200000,69.77704825220776,2024-03-26
1711497600000,53.9310404715063,2024-03-27
1711584000000,40.08089239003,2024-03-28
1711670400000,27.607389842591147,2024-03-29
1711756800000,7.699675113348089,2024-03-30
1711843200000,38.45455471556279,2024-03-31
1711929600000,53.37155149374606,2024-04-01
1712016000000,49.05002249780651,2024-04-02
1712102400000,35.9033575553738,2024-04-03
1712188800000,66.21877021558066,2024-04-04
1712275200000,52.92024571120317,2024-04-05
1712361600000,17.010852845750772,2024-04-06
1712448000000,6.266133811061876,2024-04-07
1712534400000,31.099912899911697,2024-04-08
1712620800000,26.41876729856453,2024-04-09
1712707200000,22.567833527142795,2024-04-10
1712793600000,23.58560857326562,2024-04-11
1712880000000,42.57396041314369,2024-04-12
1712966400000,15.41232712868867,2024-04-13
1713052800000,10.257472197035652,2024-04-14
1713139200000,14.48962793212638,2024-04-15
1713225600000,33.641501425898475,2024-04-16
1713312000000,38.59300825540091,2024-04-17
1713398400000,41.14045856980325,2024-04-18
1713484800000,70.72224165427268,2024-04-19
1713571200000,6.411526693465196,2024-04-20
1713657600000,6.917275580719958,2024-04-21
1713744000000,8.534060745323172,2024-04-22
1713830400000,4.721835687227688,2024-04-23
1713916800000,13.271244550728976,2024-04-24
1714003200000,6.779275231903895,2024-04-25
1714089600000,12.88395243682548,2024-04-26
1714176000000,4.578281399450752,2024-04-27
1714262400000,6.057572821641909,2024-04-28
1714348800000,20.000907086533484,2024-04-29
1714435200000,19.21895190686955,2024-04-30
1714521600000,37.76216071128561,2024-05-01
1714608000000,33.94746319370034,2024-05-02
1714694400000,36.807666806946706,2024-05-03
1714780800000,15.771004868588784,2024-05-04
1714867200000,20.084266547998205,2024-05-05
1714953600000,30.029838367844572,2024-05-06
1715040000000,44.79559665706219,2024-05-07
1715126400000,25.197734264726503,2024-05-08
1715212800000,22.40963771436543,2024-05-09
1715299200000,26.56462700777159,2024-05-10
1715385600000,18.953687969534172,2024-05-11
1715472000000,20.0010158349485,2024-05-12
1715558400000,25.278674105017615,2024-05-13
1715644800000,36.44013371674391,2024-05-14
1715731200000,35.59092692932038,2024-05-15
1715817600000,36.38032558451169,2024-05-16
1715904000000,37.14681383699954,2024-05-17
1715990400000,34.493545175630324,2024-05-18
1716076800000,11.89765077046083,2024-05-19
1716163200000,17.951606986265897,2024-05-20
1716249600000,36.630510192252125,2024-05-21
1716336000000,21.06608867164096,2024-05-22
1716422400000,16.596576505913955,2024-05-23
1716508800000,16.149712880898893,2024-05-24
1716595200000,12.58295045325914,2024-05-25
1716681600000,10.234564254730891,2024-05-26
1716768000000,25.24331985872814,2024-05-27
1716854400000,21.71772175796358,2024-05-28
1716940800000,24.62584049382441,2024-05-29
1717027200000,34.32293701422905,2024-05-30
1717113600000,34.68557338389905,2024-05-31
1717200000000,26.20774087260827,2024-06-01
1717286400000,19.939205118783605,2024-06-02
1717372800000,20.050560537576025,2024-06-03
1717459200000,30.18294809945548,2024-06-04
1717545600000,34.73784550311905,2024-06-05
1717632000000,44.05284917868997,2024-06-06
1717718400000,49.826016386592144,2024-06-07
1717804800000,20.876162816224745,2024-06-08
1717891200000,15.052246202492674,2024-06-09
1717977600000,33.62351906394311,2024-06-10
1718064000000,41.52617819116835,2024-06-11
1718150400000,28.062984212021085,2024-06-12
1718236800000,28.617744696680393,2024-06-13
1718323200000,35.86017988361173,2024-06-14
1718409600000,33.67571450649615,2024-06-15
1718496000000,25.83820958017804,2024-06-16
1718582400000,33.50003389168211,2024-06-17
1718668800000,33.15921980232802,2024-06-18
1718755200000,23.742805884587032,2024-06-19
1718841600000,29.31146586174714,2024-06-20
1718928000000,18.18165301280309,2024-06-21
1719014400000,11.30274006137331,2024-06-22
1719100800000,14.3698304608476,2024-06-23
1719187200000,18.353539531961204,2024-06-24
1719273600000,30.524978667022395,2024-06-25
1719360000000,25.790410113265978,2024-06-26
1719446400000,34.107437326852434,2024-06-27
1719532800000,16.68633715066569,2024-06-28
1719619200000,9.820080065764651,2024-06-29
1719705600000,13.904159680191906,2024-06-30
1719792000000,12.206236577227164,2024-07-01
1719878400000,15.966293449241432,2024-07-02
1719964800000,25.121756160843105,2024-07-03
1720051200000,26.857681090995165,2024-07-04
1720137600000,31.01488688436102,2024-07-05
1720224000000,14.544374915702528,2024-07-06
1720310400000,8.37911685852856,2024-07-07
1720396800000,11.976348741121312,2024-07-08
1720483200000,13.023272876780588,2024-07-09
1720569600000,23.57804609395998,2024-07-10
1720656000000,10.28987175478067,2024-07-11
1720742400000,23.336605755316736,2024-07-12
1720828800000,15.046745066999543,2024-07-13
1720915200000,9.612089125559468,2024-07-14
1721001600000,17.618163726337617,2024-07-15
1721088000000,20.21780308756866,2024-07-16
1721174400000,19.398863229044174,2024-07-17
1721260800000,25.54287361224299,2024-07-18
1721347200000,26.33109019776296,2024-07-19
1721433600000,7.475616173184944,2024-07-20
1721520000000,4.561671596299057,2024-07-21
1721606400000,7.799330186546685,2024-07-22
1721692800000,8.609722906668479,2024-07-23
1721779200000,14.196097365198131,2024-07-24
1721865600000,10.259995454051468,2024-07-25
1721952000000,23.990744692700588,2024-07-26
1722038400000,16.25590847474028,2024-07-27
1722124800000,5.99324446732091,2024-07-28
1722211200000,10.011507718767268,2024-07-29
1722297600000,13.66188859247128,2024-07-30
1722384000000,19.90147838005988,2024-07-31
1722470400000,22.85626179697733,2024-08-01
1722556800000,35.3100535707317,2024-08-02
1722643200000,19.36486792361108,2024-08-03
1722729600000,8.570037368250937,2024-08-04
1722816000000,20.723961383174217,2024-08-05
1722902400000,21.160311718068304,2024-08-06
1722988800000,27.495323712075997,2024-08-07
1723075200000,17.92385684812982,2024-08-08
1723161600000,26.25068982472829,2024-08-09
1723248000000,9.383684698847905,2024-08-10
1723334400000,4.2754006893918906,2024-08-11
1723420800000,16.793398434894797,2024-08-12
1723507200000,11.479480382085091,2024-08-13
1723593600000,16.81795123698084,2024-08-14
1723680000000,13.202209562317195,2024-08-15
1723766400000,16.297099506776227,2024-08-16
1723852800000,7.786451555008676,2024-08-17
1723939200000,8.120172747490546,2024-08-18
1724025600000,15.472172662824434,2024-08-19
1724112000000,12.8551657936394,2024-08-20
1724198400000,11.190200384786936,2024-08-21
1724284800000,9.584717128941616,2024-08-22
1724371200000,4.541738029584955,2024-08-23
1724457600000,3.6169555687355017,2024-08-24
1724544000000,4.955705605154716,2024-08-25
1724630400000,13.138955847791658,2024-08-26
1724716800000,5.745601969758322,2024-08-27
1724803200000,3.867886141729872,2024-08-28
1724889600000,14.969444845597923,2024-08-29
1724976000000,21.035418590539884,2024-08-30
1725062400000,12.508065966065397,2024-08-31
1725148800000,11.401778735335526,2024-09-01
1725235200000,9.976472229376494,2024-09-02
1725321600000,12.935139106251183,2024-09-03
1725408000000,14.716510148736432,2024-09-04
1725494400000,16.301889645129634,2024-09-05
1725580800000,14.779730935477566,2024-09-06
1725667200000,10.062798846111663,2024-09-07
1725753600000,6.582120818894916,2024-09-08
1725840000000,14.16258113849913,2024-09-09
1725926400000,14.617819642900637,2024-09-10
1726012800000,23.41248469916652,2024-09-11
1726099200000,17.114235270855772,2024-09-12
1726185600000,30.768477233294583,2024-09-13
1726272000000,12.004179244371876,2024-09-14
1726358400000,8.806949194435331,2024-09-15
1726444800000,16.037459430768507,2024-09-16
1726531200000,17.512084447114095,2024-09-17
1726617600000,16.405616239138027,2024-09-18
1726704000000,31.404313672814624,2024-09-19
1726790400000,20.526886764876128,2024-09-20
1726876800000,16.050576480182848,2024-09-21
1726963200000,6.703163090195371,2024-09-22
1727049600000,13.388488237900653,2024-09-23
1727136000000,18.779134435756585,2024-09-24
1727222400000,21.467771024369423,2024-09-25
1727308800000,26.609904830835877,2024-09-26
1727395200000,39.17794608751295,2024-09-27
1727481600000,21.630407740485452,2024-09-28
1727568000000,10.191136859957137,2024-09-29
1727654400000,15.399486749697836,2024-09-30
1727740800000,12.23895006029366,2024-10-01
1727827200000,14.284339339645792,2024-10-02
1727913600000,15.29307288955104,2024-10-03
1728000000000,18.520969694864466,2024-10-04
1728086400000,12.266227237275393,2024-10-05
1728172800000,8.136847323906258,2024-10-06
1728259200000,12.656998630916146,2024-10-07
1728345600000,17.23139809339442,2024-10-08
1728432000000,26.96715103760338,2024-10-09
1728518400000,20.013346596731896,2024-10-10
1728604800000,30.01309700172224,2024-10-11
1728691200000,25.165088719297504,2024-10-12
1728777600000,17.475564036450002,2024-10-13
1728864000000,25.431223420462935,2024-10-14
1728950400000,26.47589064741612,2024-10-15
1729036800000,28.68110845375292,2024-10-16
1729123200000,26.479641802191423,2024-10-17
1729209600000,44.865107390896014,2024-10-18
1729296000000,13.663950619446702,2024-10-19
1729382400000,10.27224942514832,2024-10-20
1729468800000,11.913930957891107,2024-10-21
1729555200000,20.75017414669332,2024-10-22
1729641600000,21.203654875014134,2024-10-23
1729728000000,29.943941225667206,2024-10-24
1729814400000,38.26481492686444,2024-10-25
1729900800000,10.005542086887273,2024-10-26
1729987200000,4.0475193158173255,2024-10-27
1730073600000,14.40223402576406,2024-10-28
1730160000000,23.34218762826855,2024-10-29
1730246400000,13.45501516872168,2024-10-30
1730332800000,24.960932856652207,2024-10-31
1730419200000,24.06212274039567,2024-11-01
1730505600000,17.847845048135802,2024-11-02
1730592000000,21.945821079108686,2024-11-03
1730678400000,29.06688158252409,2024-11-04
1730764800000,26.04574699276866,2024-11-05
1730851200000,47.99718844435157,2024-11-06
1730937600000,26.246092263646084,2024-11-07
1731024000000,41.313101710914296,2024-11-08
1731110400000,24.429902242207607,2024-11-09
1731196800000,25.575415126406178,2024-11-10
1731283200000,80.3267971801393,2024-11-11
1731369600000,61.54791147317803,2024-11-12
1731456000000,58.818316019964925,2024-11-13
1731542400000,60.82653609314526,2024-11-14
1731628800000,49.44810118911371,2024-11-15
1731715200000,26.003161321749,2024-11-16
1731801600000,12.021735195042938,2024-11-17
1731888000000,24.003258576305853,2024-11-18
1731974400000,23.871671520725062,2024-11-19
1732060800000,38.462787299703145,2024-11-20
1732147200000,86.89609887992974,2024-11-21
1732233600000,50.06479549873497,2024-11-22
1732320000000,48.86853036847643,2024-11-23
1732406400000,30.250658228054675,2024-11-24
1732492800000,26.20266658211186,2024-11-25
1732579200000,49.98187968996214,2024-11-26
1732665600000,43.445770918121994,2024-11-27
1732752000000,22.444256568809394,2024-11-28
1732838400000,87.29876871307098,2024-11-29
1732924800000,18.657043137550385,2024-11-30
1733011200000,21.629247777792106,2024-12-01
1733097600000,101.12860222607355,2024-12-02
1733184000000,55.09610711544351,2024-12-03
1733270400000,49.306396485709264,2024-12-04
1733356800000,69.31994795513779,2024-12-05
1733443200000,72.4471255352547,2024-12-06
1733529600000,50.467557777310944,2024-12-07
1733616000000,38.38828028192826,2024-12-08
1733702400000,58.678576437080224,2024-12-09
1733788800000,57.62825069356287,2024-12-10
1733875200000,50.461661217714656,2024-12-11
1733961600000,57.13276184938205,2024-12-12
1734048000000,45.34559288168104,2024-12-13
1734134400000,35.60282794188739,2024-12-14
1734220800000,49.3496601768728,2024-12-15
1734307200000,93.32168361975178,2024-12-16
1734393600000,64.13060947934424,2024-12-17
1734480000000,52.235805546406425,2024-12-18
1734566400000,59.86378979692595,2024-12-19
1734652800000,79.27855425518194,2024-12-20
1734739200000,60.04039788035125,2024-12-21
1734825600000,46.15264808735358,2024-12-22
1734912000000,97.38088216657552,2024-12-23
1734998400000,93.89582469716434,2024-12-24
1735084800000,33.79143044142854,2024-12-25
1735171200000,67.66908538943102,2024-12-26
1735257600000,61.3745042857333,2024-12-27
1735344000000,56.93153812199376,2024-12-28
1735430400000,31.02978958794014,2024-12-29
1735516800000,51.9469541316984,2024-12-30
1735603200000,68.77856766773765,2024-12-31
1735689600000,49.96472781728293,2025-01-01
1735776000000,44.330914934608025,2025-01-02
1735862400000,51.56541769361684,2025-01-03
1735948800000,30.397777613126863,2025-01-04
1736035200000,24.996457239409366,2025-01-05
1736121600000,51.54633757964618,2025-01-06
1736208000000,60.02436634401224,2025-01-07
1736294400000,50.151634742160816,2025-01-08
1736380800000,29.9219756455684,2025-01-09
1736467200000,48.74539177577413,2025-01-10
1736553600000,42.45174340928682,2025-01-11
1736640000000,23.361709975702873,2025-01-12
1736726400000,42.881403153989055,2025-01-13
1736812800000,60.18851666721862,2025-01-14
1736899200000,72.00554645198031,2025-01-15
1736985600000,71.22187917274726,2025-01-16
1737072000000,69.11992204847432,2025-01-17
1737158400000,59.72416770373914,2025-01-18
1737244800000,67.10863087715647,2025-01-19
1737331200000,96.027668678345,2025-01-20
1737417600000,84.67395080159525,2025-01-21
1737504000000,47.83320484465593,2025-01-22
1737590400000,89.36243748729866,2025-01-23
1737676800000,56.82027717635253,2025-01-24
1737763200000,52.72748683417491,2025-01-25
1737849600000,49.985772001464625,2025-01-26
1737936000000,74.64361831513035,2025-01-27
1738022400000,79.20042466668721,2025-01-28
1738108800000,55.30369581305846,2025-01-29
1738195200000,80.51348460550119,2025-01-30
1738281600000,82.08754710142165,2025-01-31
1738368000000,57.107644495864314,2025-02-01
1738454400000,44.93334766398963,2025-02-02
1738540800000,96.65107677987486,2025-02-03
1738627200000,90.6614487709297,2025-02-04
1738713600000,56.50477911537376,2025-02-05
1738800000000,50.02352941357609,2025-02-06
1738886400000,36.10097808470128,2025-02-07
1738972800000,30.952970763707405,2025-02-08
1739059200000,36.53195362913157,2025-02-09
1739145600000,54.846375539182205,2025-02-10
1739232000000,75.05252564612978,2025-02-11
1739318400000,50.4475603473418,2025-02-12
1739404800000,52.27075124890166,2025-02-13
1739491200000,80.12435535105381,2025-02-14
1739577600000,60.58196259988837,2025-02-15
1739664000000,49.75230417864187,2025-02-16
1739750400000,59.477342056338486,2025-02-17
1739836800000,30.03387968271692,2025-02-18
1739923200000,26.66130869270056,2025-02-19
1740009600000,26.01262162319398,2025-02-20
1740096000000,33.144018407232956,2025-02-21
1740182400000,3.608764044951253,2025-02-22
1740268800000,10.698154120916875,2025-02-23
1740355200000,54.61776369030347,2025-02-24
1740441600000,53.395831700172195,2025-02-25
1740528000000,62.87465877275542,2025-02-26
1740614400000,89.00423358554282,2025-02-27
1740700800000,90.53604297951256,2025-02-28
1740787200000,85.69422634228974,2025-03-01
1740873600000,94.9840138669764,2025-03-02
1740960000000,64.49807048159221,2025-03-03
1741046400000,94.1727556654942,2025-03-04
1741132800000,90.16393554321304,2025-03-05
1741219200000,66.90799209055028,2025-03-06
1741305600000,91.22940310985815,2025-03-07
1741392000000,64.60503294321416,2025-03-08
1741478400000,56.02011876897027,2025-03-09
1741564800000,47.20487273690832,2025-03-10
1741651200000,65.55205445698451,2025-03-11
1741737600000,46.05230043368833,2025-03-12
1741824000000,28.741830218196736,2025-03-13
1741910400000,48.04405569774595,2025-03-14
1741996800000,25.883860833650346,2025-03-15
1742083200000,17.283932573176852,2025-03-16
1742169600000,44.95995983459543,2025-03-17
1742256000000,52.07774187319163,2025-03-18
1742342400000,39.28963453945316,2025-03-19
1742428800000,68.87659725519961,2025-03-20
1742515200000,78.01192414608151,2025-03-21
1742601600000,33.62388270616596,2025-03-22
1742688000000,6.748750530636756,2025-03-23
1742774400000,35.16926282383842,2025-03-24
1742860800000,23.00937503384286,2025-03-25
1742947200000,29.507769251317956,2025-03-26
1743033600000,38.55392733035824,2025-03-27
1743120000000,50.02802104958924,2025-03-28
1743206400000,62.414283397781055,2025-03-29
1743292800000,44.824413437293614,2025-03-30
1743379200000,85.1881652223741,2025-03-31
1743465600000,78.07506039654729,2025-04-01
1743552000000,51.26634798789958,2025-04-02
1743638400000,67.65911882108674,2025-04-03
1743724800000,49.39661174524724,2025-04-04
1743811200000,69.59828321729766,2025-04-05
1743897600000,61.963166106587,2025-04-06
1743984000000,104.402833932371,2025-04-07
1744070400000,65.18297290423911,2025-04-08
1744156800000,96.8278432721372,2025-04-09
